post_id,title,text,n_author,n_other,n_everybody,n_nobody,n_info,n_binary,p_unacceptable,consensus,bucket
aebxjt,AITA for suggesting my gf give up her dreams?,"I'm dating an olympian who competed Pyeongchang last year. She didn't medal but she placed top 10 in her event. I wasn't with her at the time but she was expected to medal so it was disappointing for her. She is still training hard every day but every single day she gets home she complains about how she will be too old by the next olympics, she will not make it etc etc. We've only been dating 6 months but every single day she cries when she gets home and says she blew her only chance. I am not an athlete and quite frankly I don't work even 10% as hard as she does at anything so I don't really understand why she is stressing and putting herself in so much pain and I suggested she take it easy and maybe explore other careers if this one is causing so much distress. She didn't break up with me but she hasn't spoken to me since Monday even though we live together. ",23,15,1,9,0,48,0.5,0.5,0.5-0.6
b2i8xj,AITA for embarrassing a friend on his date because he didn’t pay back the money he owed me?,"So I lent a friend of mine £500. He needed it to see him through til the end of the month and promised to repay me on payday. 
Not a problem, I trusted the guy and knew he was good for it. 

Payday comes and goes, no sign of the money. I sent him a message about it. He said “oh yeah, sorry I forgot, I’ll do that now” 

Two weeks pass and still nothing. I message him again. He said he’d send me the money. Still nothing. He was then avoiding me so I wasn’t able to see him face to face. 

I messaged him again and he didn’t reply.

7 months have passed since the day he promised to have the money back to me by. I’ve not been able to get hold of him, nor have I seen him. 

This weekend just gone, I was out at a restaurant and I happened to see him as I was being seated at my table. He was on what looked like a date. 

Now at this point I could see he was acting kinda boasy because he had ordered about 5 starters. It’s worth noting that this is a pretty pricey restaurant. So I decided I’d go and say hello. 

I pulled up a chair at his table and started chatting to him about how he is and how I am etc. 

I then proceeded to pick up a fork and try a bit of the food. He looked a bit shocked, but it was good food so I tried something from one of the other plates. At this point his date (I’d learnt that this was their second date) said to me, “excuse me, but this is our food. What do you think you’re doing?” 

I looked at her and said “Well since I’m pretty much funding this meal, I figured I may as well sample what my money is getting.” 

I then said to my friend, “it was nice to see you, I’ll leave you to it. We can catch up another day.”

I then left to go back to my table. The people I were with, a party of 10, had very mixed reactions to my behaviour. Some were in favour of what I’d done, others not so much. 

So I’m asking you lot, AITA?
",159,539,379,4,5,1081,0.4976873265494912,0.5023126734505088,0.5-0.6
b9e9b8,"AITA for breaking in to a neighbors apartment to turn off his stereo that he left on repeat, ostensibly for an entire weekend he was gone?","Posting from a throwaway since I most certainly broke the law, the question is am I an asshole for what I did?

I need to provide some quick background. I live in a pretty shitty triplex to save some money. I can hear almost everything that my neighbors on both sides can do. One side is a lawyer who has the apartment as one of his outreach offices so he's cool (though I've heard some crazy things about the mindset of petty criminals). Other side is this dude Warren who was cool at first but we had a falling out a few weeks ago because he's sort of a douche and I stopped inviting him over. 

Warren started blasting his music as a way to get revenge on me. Both me and the lawyer have called the cops, called the building owner and Warren always gets a warning then chills for the rest of the day but almost always starts up again about noon the next day. 

Last night, I hear Warren's music kick on about 8 but then I heard him leave. After ""Then I got high"" played for the 10th time I knew he was fucking with me. I texted him and asked him when he was coming back. He said ""oh shit sorry man, not coming back until Tuesday. So sorry."" I called the owner, she said there was nothing she could do, I called the cops and they came over and said there wasn't anything they could do without a warrant. She said she would talk to her supervisor about getting a warrant but I never heard back from her. I tried to drown out the music with my headphones but couldn't take it anymore. 

So at like 2AM I hoped over his fence and pulled up his sliding glass door (you can jimmy the non-sliding side on all three units) and went in his apartment and non only turned his shit off, I cut the cord to his 2003 circa ipod clock radio that he using to repeat the song. I then wiped off all my fingerprints as best I could and went home and slept soundly. 

No fallout yet, but I feel a little guilty and I certainly shouldn't have cut the cord to his ipod player. But am I an asshole?",22,119,102,3,0,246,0.5040650406504065,0.5040650406504065,0.5-0.6
awkugh,AITA for thinking my coworker should have waited to announce her pregnancy?,"My coworker, Hayley, and her husband (both early to mid-twenties) announced her second pregnancy to the office a few weeks ago. Based on the due date she gave us, she was only a handful of weeks into her pregnancy (four at most). My co-workers are much older, some with children, some without. We’re a relatively close-knit group since there aren’t that many of us.

We were all happy for her, although there were a few whispered discussions about her getting pregnant again rather fast at her age (her first child was born about a year ago. I did not participate in these discussions, nor did I ever give off any impression that I was anything less than ecstatic at her news. I congratulated her separately on her new pregnancy and she was fairly glowing).

Earlier this week, one of our other coworkers discreetly let us know that Hayley had suffered a miscarriage, and that she and her husband were struggling heavily with the news.

I immediately sent her a message of support (which she replied graciously to). 

But during this whole thing, I couldn’t help but wonder why she and her husband didn’t wait until she was at least three months along to announce her pregnancy to the world, especially since her first one was high risk. I was always under the impression that that was the proper etiquette since miscarriages are unfortunately common before that timeframe.

Obviously I would never say anything like that to her, and I was genuinely happy for her when she announced the pregnancy and genuinely sad when I found out about the miscarriage. But the idea keeps popping into my head, and I feel like I’m being too judgmental.

Please tell me - AITA?
",56,19,0,36,1,111,0.5045045045045045,0.5045045045045045,0.5-0.6
ass5r8,AITA for remaining friends with a guy who is attracted to me?,"I (22F) am currently in the midst of a *disagreement* with my boyfriend John (26M). The disagreement is mostly about my close friendship with a guy named Cody (23M). 

Cody has expressed attraction to me before, and I am also fairly attracted to him (he’s an attractive guy). I’ve never had any sort of sexual encounter with him, mainly because even when I was single I wasn’t a huge fan of the way that he tends to sleep around casually a lot, and because I think that sex can complicate friendships and I don’t want that. Cody and I are very close friends and are open with each other, and since I initially told him I wasn’t interested in sleeping with him he has never tried to initiate anything. He completely respects the fact that I said no and the fact that I’m in a relationship. We have a really strong friendship and I can’t imagine cutting him out of my life, but neither of us have any sort of romantic interest in each other and we treat sex extremely differently and understand that about each other.

Last week, John asked me if I was attracted to Cody. I said yes, because it’s the truth and it would be a trivial thing to lie about, but that it’s not a big deal. John asked if Cody was attracted to me and again I said yes, and that Cody and I are pretty open with each other about that kind of thing but that it’s not a big deal and nothing would never happen. John told me that he was uncomfortable with the fact that I still hung out with him, and that Cody was probably trying to fuck me. I tried to explain that we’d been friends for years and that he was really trivializing a good thing because of one insignificant detail, but he basically said that Cody has a history of sleeping with a lot of girls (true) and that he probably only wanted sex from me. I got mad, because Cody’s a great dude, and yeah he gets around but only with single women who also only want casual sex. It’s not like he goes around lying to women or sleeping with people who are in committed relationships, and he completely respects that I don’t view sex the same way as him and supports my relationship. John basically acted like I don’t understand men and said that he wasn’t comfortable with me hanging out with Cody anymore because I was clearly too naive to see what’s going on. I said that he has no right to tell me who I can and can’t be friends with, and he told me I was being insensitive about his feelings. AITA?

Tl;dr: My boyfriend doesn’t want me to hangout with my best friend anymore because he thinks he only wants to fuck me, but that isn’t true and I’m not going to stop hanging out with him",23,12,0,12,1,47,0.48936170212765956,0.5106382978723405,0.5-0.6
av5hp3,AITA Not wanting to date single moms even though I have a child,"I have a 3 year old with my ex.

The title pretty much says it all, I don't want to date single moms. My friends said I'm an asshole for that because I have a child, but here's my reasoning:

1) I like the freedom that comes with co parenting. I don't want to balance a second child's schedule and lose out on that freedom.

2) I would like any potential mother figures to prioritize my child and not have to worry about any favoritism (i.e. biological vs step child) or timing conflicts

3) Since mothers usually have more custody time than fathers in my experience, it is a bigger burden for me to take on her kids than for her to take on mine. 

AITA?",36,28,0,6,2,70,0.5142857142857142,0.5142857142857142,0.5-0.6
b6mnxw,AITA for telling my newly pregnant girlfriend that she needs to consider my opinion on whether to keep the baby?,"I’m 22 and Kate is 22. We’ve been together two years. We have never had a big argument, we live together, and she has helped me through a lot, including a death in my family. 

We always use protection but we ended up getting drunk one night and we had unprotected sex. We thought it would be fine since she is on BC. 

She told me yesterday however that she must’ve missed a birth control pill around that time and that she’s pregnant, about 5 weeks. 

We talked about kids before in the past and we both agreed that neither of us wanted kids and if somehow she got pregnant, she would get an abortion. 

Well now that she is actually pregnant she is telling me that she doesn’t think she can go through with an abortion. 

I got really upset and said that we made a decision together a long time ago that she would get an abortion if this happened and that she has to consider my opinion in this. 

She told me that it really isn’t my decision at all and that she is the one who is pregnant and she is the one who gets to decide. I said she was not being fair and I’m a part of this too but she isn’t listening to me and is planning to have the kid. I’m freaking out. 

She is being delusional if she thinks we are at all ready to have kids. Neither of us have finished university and neither of us have a lot of money. 

I really do think that she needs to listen to me and what I think about her getting an abortion but she just absolutely refuses to listen to anything I have to say about it and is planning on having this kid. I haven’t told anybody about this yet including my parents. 

AITA for telling her I want her to listen to my opinion on her pregnancy? Should I really just shut my mouth? 

",88,52,13,43,2,196,0.5153061224489796,0.5153061224489796,0.5-0.6
b0ix2n,AITA For ghosting a guy for the shit he posts on social media?,There’s this guy I was talking to that I decided to stop talking to randomly without telling him why. I basically ghosted him and he keeps trying to contact me and get me to go out with him. The reason I stopped talking to him is because what he posts on social media. Like an hour ago he just posted a meme that said ‘running away from hoes because I want a nice faithful girlfriend’. He also posted yesterday a picture that said ‘if you friendzone me then help me fuck your other friends bestie’. I want to add we are both 23 years old and at this point with my age and everything I think that’s so immature and such a turn off it’s gross like grow up. Guys that are like that you should stay away from right ? Am I the asshole?,27,54,34,2,0,117,0.5213675213675214,0.5213675213675214,0.5-0.6
ae6kgp,AITA for breaking up with my (ex) boyfriend after becoming close friends with someone else?,"I was in a relationship with my ex for 8 months when I met “Kyle”. Kyle was a mutual friend of my ex and we quickly became friends. I realized that Kyle and I shared a lot of interests and humor when we would hangout in group settings (my ex included). The more time I spent with him the more I realized I wasn’t a match with my ex. I changed myself for my ex and I was pretending to be someone I wasn’t just for the sake of being compatible. I felt way more comfortable with Kyle in the few weeks I knew him than I did with my (ex) BF of 8 months. I ended up breaking things off with my ex because I knew things wouldn’t be going anywhere especially after developing feelings so easily for someone else. I am now in an amazing relationship with Kyle and my friends and and family all adore him. 

The breakup has caused a rift in our friend group and all my ex’s friends have branded me an emotional cheater and assume that I left my ex just to be with Kyle. The more I got to know Kyle, the more I realize how unhappy I was with my ex, does that make me the asshole and the emotional cheater everyone assumes I am? Was this an emotional affair? Am I just trying to rationalize my wrongdoing? Any feedback would help!



",29,18,0,8,5,55,0.5272727272727272,0.5272727272727272,0.5-0.6
b5ytyj,AITA for asking my (23m) GF (21f) of 11 months to see her birthcontrol?,"So, the title pretty much says it all.

We were getting in the mood to wrestle naked and while putting the condom on I asked if she was using birth control. I don't want children in the future but she says she's on the fence. We had this discussion very early on within the relationship. Everything seems fine about our relationship, but call me paranoid, I just wanted to have visual evidence that she was honest since this was the first time we were sleeping together.

Once I ask to see the birth control, it pretty much killed the mood for her and we ended up not talking for the rest of the night and me going home. Now it's the next day and she still hasn't talked to me.

All I'm wondering is AITA?",25,18,1,5,2,49,0.5306122448979592,0.5306122448979592,0.5-0.6
akscc5,AITA for ruining cheating ex's chances with other guys?,"Longtime lurker here, never posted tho! So yeah, I met this girl Sarah close to 2 years ago now, at the end of my last semester at uni and we really hit it off. We started dating after casually going out for a bit, and we ended up dating all the way up until early November 2018, when I found out that she had some sort of FWB type bullshit with a guy we knew at uni, and I broke it off, cold turkey and basically told her to go fuck herself. It still hurts like shit, since this was a fairly long term thing, age considered, and she didn't seem that guilty to me.

We do however have mutual friends so we see each other sometimes, and I kept her on my social media stuff, which is how I found out she was flirting with some new guy, Tommy. Tommy's actually a nice enough dude, and since I can't say I trust Sarah one bit, I messaged him telling him about the cheating and all the bullshit she did. He didn't believe me, but we met last month at a party, in which I pulled him aside, and told him all about her, and by the end of it, he seemed pretty turned off on her, and he cut it off a few days later.

Despite this, and the fact that things seemed somewhat serious between Tommy and Sarah, she had a new guy just last weekend, at another party. This guy was pretty decent, and when I caught Sarah looking my way with a shitty expression, I just lost it, and told this new guy all about her. They got into an argument, him saying something about diseases and storming off. The room was divided, some were on my side, some were obviously pissed at me and Sarah was FURIOUS. 

She basically went on a huge rant about how I'm a jealous asshole who can't let things go, and all this shit about me being controlling and possessive, so I just kind of left in the middle of her lecture. She's DM'd me on a bunch of apps, basically berating me/asking me why I did that, to which I've not really responded outside of a ""K"", or a thumbs up. A couple of her friends have said similar shit, and called me sexist and all that bullshit. 

So, is she right? Am I a possessive asshole, or was I in the right?",20,29,13,0,3,62,0.532258064516129,0.532258064516129,0.5-0.6
azyk40,AITA for letting my mom come to stay with my Wife and I after having a child?,"My Wife and I had our first baby, a boy, four months ago. It's been great, if not exhausting. My Wife and I have a great relationship, the only real problem we've ever had is housework. At best in the time I've know her it's been a 65/35 split with me doing the 65, most of the time it's been 80/20. This was something I could live with when it was the two of us but since having our baby she's almost stopped doing any house work other than things related to the baby during the day.

I work 45 hour weeks, so not too bad compared to some people on here, but when I come home I'm usually exhausted. She asks me to take the baby when I get home so she can have some time to herself, which I'm happy to do, but then I also have to wash dishes, cook dinner, clean the house etc because she does none of it and if I don't do it she won't. I've tried asking her for help and expressed how exhausted I am and her reply is ""I'm exhausted too from looking after the baby all day."" I know it's hard work but even if she just did some small things it would make a big difference but she won't do anything, even after I pleaded with her to help.

So here's where my mom comes in. I vented a little to her and she felt bad so offered to come stay for a couple of weeks (she lives across country) and help out around the house and look after the baby a little bit so my wife could rest. I was extremely grateful, thanked her and told her I would arrange it with my wife. Note that my Wife and my Mom have a good relationship as far as I'm aware, we don't see them very often but my Wife always has good things to say about her.

When I excitedly told my wife she immediately got angry, said we didn't need help and we can handle it ourselves. I told her I was struggling and needed the help but she said to just get on with it. This made me upset so I told her if things didn't change in the next week I would be inviting my mom with or without her permission. The next week went by and things were the same, no housework done, she handed the baby off to me after work etc.

I told my mom to come and she flew in the next weekend, my wife was extremely upset and yelled at me a little, I told her that this was happening and to ""just get on with it"". Since my mom arrived she's been very cold and possessive of the baby, it has been a godsend for me though as I've been able to relax a little after work and actually get some me time. We went out to lunch with one of my wife's friends (which we could only do because my mom was looking after the baby) and when my wife went to the toilet her friend said to me ""I can't believe you undermined her like that, she's really upset."" I was a bit put off and said it was between my wife and I.

TLDR; Wife and I had baby, I have to work and do all housework as wife doesn't want to/is too tired to do any. Mom offered to come help, wife didn't want her, I invited her anyway after feeling extremely burnt out.
",31,37,11,11,2,90,0.4666666666666667,0.5333333333333333,0.5-0.6
b35yfy,AITA for rejecting my boyfriend's proposal,"My boyfriend and I have been together for almost 5 years. We have been planning our engagement for a bit, and I had one big rule for the proposal and that was that he not involve anyone else in the proposal but us. I don't want to get too far into the backstory, but my ex husband essentially went behind my back to ask my parents for my hand, and I ended up forced into the marriage by pressure from him and my parents. My boyfriend knew this and definitely knew my rule because I asked him over and over not to include other people.

In spite of this, he decided to propose by first asking my children (from my first marriage) for permission and then included them in the actual proposal by having them hold up signs during the proposal. I wanted to be happy in the moment, but I was so hurt that he went against the one request I made.

I ended up taking him aside and asking him why he ignored what I asked of him. He told me it was different because they're my children and us getting married is their decision as much as it is mine and his. This really hurt me given that he knew how important my autonomy in the decision was to me. I told him I couldn't say yes to the proposal given the circumstances.

My children are furious with me and my oldest won't even speak to me. My friends called me selfish for not seeing the thoughtfulness in his proposal. I feel like no one is on my side, and I'm starting to wonder if I'm the problem. Am I an asshole for saying no to his proposal because he asked my children for permission and then included them?",113,98,20,56,6,287,0.4634146341463415,0.5365853658536586,0.5-0.6
apympl,AITA for not telling my SO that I am a millionaire?,"For reference, I’m an attorney and my SO is a software engineer. We’ve been married for 5 years. We have a 3 year old daughter and live a comfortable upper middle class life.

I won the lottery to the tune of 8 figures in my senior year of undergrad. After taking some friends on a 2 month European vacation, setting up trusts for my parents’ retirement and my brother’s college education, and paying for law school, I put what remained (not an insignificant amount) into various investment accounts. I don’t intend to touch these accounts until retirement. If all goes well, my SO and I should be able to retire before age 55.

There haven’t been any issues in our marriage as of yet. Arguments are easily resolved, our sex life is quite good, and we’ve never had to worry financially. My reluctance to tell my current SO about my wealth stems from prior relationships where it’s clear in hindsight that my former SOs weren’t interested in me but my money. But at the same time, I feel that I shouldn’t continue keeping a secret as big as this from my SO.

So, AITA for keeping my wealth a secret?",115,53,1,46,4,215,0.5395348837209303,0.5395348837209303,0.5-0.6
agehjv,"AITA for asking ""to many"" questions in class?","So, this is a little bit odd but an interaction that happened today has made me feel really weird and bad.

So, i'm a junior Computer science student and I started classes last week. When I'm in class I like to interact, ask question, and sometimes make a joke because I find it helps the best with me learning. I find that i'm usually one of about 3 students in a class to ever interact and i've always thought it was ok.   
Well, that was until I started a computer networks class this semester. No one in the class of 40 but me ever asks questions or speaks up regularly. So I found that every class i'm the only one asking questions or responding to the teacher. All the questions I ask are on topic but sometimes are there just to clarify or ask something related but that might not be covered. 

I've always thought this was fine until today, When I got out of class one of my friends came and told me he overheard some of the other students calling me annoying and ""A ass kisser"". I decided to go and talk to one of the people who said this and he told me that apparently others find the fact that I always ask the teacher questions or respond to him annoying and that they find my jokes ""moronic"". He told me that i'm making a fool of myself and that the teacher probably doesn't appreciate that I ask questions that won't be covered on the tests and that I look stupid ever time I ask for a clarification. 

This honestly is tearing me up right now. I thought I was being nice by trying to interact in class but apparently others think i'm an ass because of it. I would like some outside perspective on this. Am I making an ass out of myself by doing this?",25,32,2,0,2,59,0.4576271186440678,0.5423728813559322,0.5-0.6
a7mngs,AITA for kicking a player out of our D&D group because they can't do math?,"I'll try and keep this short.  Quick context.  I play D&D with a group of 6 guys.  We meet each week, and the group is about 2 years old at this point.  One of the players (Adam) invited a coworker (Sarah) to join us for a few games.

So in D&D there is a lot of math.  Not difficult math, but a lot of it.  Basically in combat you roll dice, add or subtract based on your character's stats, and use the final result to determine if you hit an enemy, how much damage you do, or if you escape a spell or trap.  It really is mostly single digit addition with some double digit thrown in.  Nothing too tricky.  At least not for most people.

Sarah has been playing with us for a few months now, and on average it takes her about 10 times as long to take a turn as it does anyone else at the table.  I don't mind someone being a bit slower on the mental math aspects of the game, but this woman actually has turns that go over 7-8 minutes because it takes her a full minute to add 3 single digit numbers together.  At first we thought it was because she was learning the rules and might have been nervous playing for the first time, but she has all the formulas written down.  It just takes her that long to do the calculations.  According to Adam she is known for being slow at work as well.

Well at this point she is taking so long that we are losing a lot of our limited game time just sitting around waiting on her to finish her turn.  A rotation at the table is basically all of us taking 1-2 minute turns, the DM taking 3-4 minutes (since he is controlling all the baddies so it takes awhile) and then Sarah taking almost as long as all of us combined.  It sucks.  It isn't fun only getting maybe 90 minutes of game done in a 3-4 hour session.

We group text after the game and talk about maybe removing Sarah from the group.  Everyone seems on board with the idea except for Adam who doesn't want to things to be awkward at work should she be kicked from the group.  He also argues that she is having a lot of fun which is true.  Even when she is struggling to do her turns she does seem to genuinely have fun.  So we agree to give her another chance if Adam can take some time at work and see if he can get her to speed her turns up a bit.  Adam agrees and all seems well.

It turns out we're all idiots, and Adam spending some time during lunch over the course of a week cannot magically make Sarah better at mental math.  She's just as slow as before, but now she looks frustrated when she is counting.  Adam had mentioned that we needed the game to go faster, and so now the pressure was on her and it definitely showed.  Now Sarah was more annoyed and short with us during the session and was clearly not having fun anymore.  By the end of the session Sarah ends up snapping at me and another player and started to cry.  We decided to cut the session off there after she stormed outside and Adam ended up comforting her and taking her home.

This was last week and other than a text saying ""Sarah won't be doing D&D anymore"" he has been pretty quiet for all of us.

So am I the asshole here?  We basically introduced someone to a game they really enjoyed, but because she couldn't do math fast enough we ended up making her break down in tears and leave angry at us instead of having fun.  I was the primary driving force initially to remove her from the game, and I was definitely the most frustrated by her.  Now that it has happened though I just feel really guilty.",28,18,2,7,2,55,0.5454545454545454,0.5454545454545454,0.5-0.6
b7caz0,AITA – for wanting to use ‘lads’ and ‘guys’ to a mixed group,"  

I play an online team game which is 99% male players. Recently we asked a girl to join our team, lets call her Jane. After match we often say stuff like ‘well done boiz’ and she told us that makes her feel like not part of the team and suggested we say something like ‘well done team’ instead. We all agreed to try, she is part of the team and as good as any of us guys. Jane has said it is difficult for a girl to play in an all male group but I don’t see why as we treat her well.

Yesterday one guy posted in group chat that he could not attend a practice and said ‘Have fun lads and Jane’. Jane responded by telling him that was worse than just saying ‘lads’ and made her feel ‘othered’.

The group had a bit of a chat about it and I said I was gonna keep using ‘lads’ and ‘guys’ because I mean the whole team when I say that and I am not giving in to radical feminism. 

The guy who started this though, said he was sorry for what he wrote and he was trying to include her and he would try to refer to team or people in future.

I ought to be able to use normal words without overly sensitive people feeling hurt by it. I am surprised that some of the other guys are taking her side though.",22,21,2,8,0,53,0.4528301886792453,0.5471698113207547,0.5-0.6
akrtu7,"AITA (or we, wife and I) for buying a house in an underserved Hispanic community?","Will keep this very short but can add INFO if needed. Wife and I came into some nice inheritance in mid 2018. We decided that we are going to use the money to see the world and live in exotic places while trying to get our dream careers going (me: writer, she: clothing designer). We also wanted to live in underserved communities where we could be around real people instead of the Dallas suburbs we grew up in or in gentrified SoHo where we moved from.


We decided on South Tucson, AZ. It is 90% Hispanic, historic and gorgeous. We were able to buy a house for a song and we eagerly moved in 2 weeks ago. However the reception has not been good. At first we figured that maybe we were the first open lesbian couple they had seen so we went around and introduced ourself last week and people were either not friendly and our 65 year old neighbor told us that white people like us only bring problems to the neighborhood. We asked her to explain, she said if she has to explain then we truly don’t get it. 

I don’t think we are assholes but I sure felt like it  after speaking with our neighbor. We are just trying to experience a different culture...I thought that was a good thing.
",26,18,2,5,2,51,0.5490196078431373,0.5490196078431373,0.5-0.6
ak1rvk,AITA for getting mad at my boyfriend for being too gentle during sex? (nsfw),"I (21F) and my boyfriend (26M) have been dating for a few months and have been having sex regularly. We talked beforehand about our likes and dislikes, and I told him that I don’t like sex to feel too gentle or passionate and that it makes me uncomfortable. I know it’s strange but I was in an abusive relationship before and I’ve found that when I have rough sex I can sort of let go and have fun but when it’s gentle and about connection I get all in my head and I get really uncomfortable and I hate it.

Last night we were gearing up to have sex, and he said he wanted to have “normal” sex, and when I asked what he meant he started kissing my body a lot which I didn’t really like.  I told him I didn’t like it and he stopped but he kept trying to do cutesy things like playing with my hair and chaste kisses and stuff, and I got mad at him and told him to stop. I didn’t really say much I just put my clothes on and left.

I haven’t answered his messages today. AITA?",33,12,0,15,1,60,0.55,0.55,0.5-0.6
akj6e3,AITA for wearing earbuds and occasionally checking my phone during a church mass that I am forced to go to even though I am an atheist?,"My parents have recently had a interest in going to church for the past month or so, so every Sunday, they force me to attend mass with them. I have told them multiple times that I don't believe in what they believe, but they brush it off and force me to come anyways. So this time, I brought earbuds and put on an album to listen to (Stokeley by Ski Mask the Slump God is great; listen to it) because I wanted to listen to my music instead. I would also text my friend every 15 minutes or so. During the entire mass, my mom shot me dirty looks the whole time and later told me on the ride home that I have a horribly negative attitude and that I should enjoy things more (even though I have told them countless times that I don't believe in what they do and dislike attending church.

Am I just being a bitch or are my parents at fault?",22,38,9,1,8,70,0.44285714285714284,0.5571428571428572,0.5-0.6
b2pmbs,AITA for making asian jokes to my asian friend. Just because she kept sayin the n-word.,"Let me start of by saying I am black, I still withhold this opinion that only black people can say the N word, and I been told her I don’t like her saying it. It’s not a debate, go on one r/unpopularopinion for that shit Blah Blah!

So she always said N-word too much and I’m pretty sure she knew I felt iffy about it. Until I started making Asian jokes like calling her Fa-Mulan, or this emote “-.-“ just basic petty shit, then she got mad like “yo stop with the asian jokes bro.” Bitch. I asked “how is that you can say the n word 100000times, but when I make a few asian jokes, you wanna get defensive? Make it make sense dawg.” She tells me “Stfu N word” bitch. See i haven’t talked to her since because of that, that was inappropriate. 

And then she said something else in a discord chat like “that was for the racist comments.” Like so you don’t think it’s not racist for you to say the N word. She tells me “it’s just a word.” Bro, like are you trying to fucking fight? So then I simply Called her a “KPOP knock off” and I’m not apologizing. 

So am I the asshole? ",2,29,35,0,2,66,0.5606060606060606,0.5606060606060606,0.5-0.6
asz2dg,AITA: I (27M) have decided to rescind my sisters (24F) plus one to my wedding because we cannot stand her new boyfriend,"First time posting on this sub, but this has been a point of contention between my sister and I and need some advice. I am getting married early April and we are all traveling down to the Caribbean for the ceremony (destination wedding). We originally gave my sister a plus one because we enjoyed her old boyfriend. Once they broke up, we decided to wait and see who she would be bringing.

Lo and behold she meets a new guy who NOBODY in my immediate family enjoys. He is unemployed (at 31), seems to mooch off my sister, and does not stop talking! Seriously, you cannot get a word off without this guy barreling through the conversation.

Regardless, I have decided that I no longer want him at the wedding. I know that it’s last minute, but we were able to get my cousin to fill in for him so that no money would be lost. My sister is now threatening to no longer come to the wedding since she feels like he should be coming with her (they’ve been going out for roughly 6 months).

Am I in the wrong here? I truly believe that I should enjoy everyone that’s coming to my wedding, especially since we designed it to me an intimate setting with only our closest friends and family. 

TLDR: I rescinded the plus one I gave to my sister and no longer want her boyfriend going to my wedding. She is pushing back saying she won’t go if he’s not included, they’ve only been going out 6 months.",26,16,4,7,3,53,0.5660377358490566,0.5660377358490566,0.5-0.6
ax2z49,WIBTA for making my girlfriend pay more of a rent since she completely changed the way she cooked,"My girlfriend and I have been together for 3 years . We have been living together for a year and a half. I make almost double what she does and she was living with her parents before so when she moved in we made the agreement that I would pay $900 in rent and she would only pay $500 but that she would do all of the cooking since she enjoyed it. I do other chores in the house but she has done all the cooking- she makes breakfast, packs lunch and cooked dinner She never complained about it 

&#x200B;

However around 2 months ago she decided to go vegetarian for ethical/environmental/health reasons. She completely changed her cooking and stopped cooking meat entirely. I just find this so annoying since I enjoyed her cooking before and I'm a meat person. If I ask her to make something she used to make she'll say ""I can make it myself"" which is annoying because we had an agreement. I've talked to her about this but she thinks there's nothing wrong with what she's cooking and she makes sure it's tastes good. 

&#x200B;

I'm strongly considering asking her to pay $700 for her rent  since I kinda feel cheated out of the deal we've made but I'm debating whether this would be a dick move. ",55,42,7,5,6,109,0.5688073394495413,0.5688073394495413,0.5-0.6
b46lzu,AITA for wanting my wife to eat my vegetarian cooking?,"A couple months ago I decided to become vegetarian, but my wife still eats meat and thats fine to me. I do most of the cooking and so I always cook vegetarian meals. My wife likes the vegetarian food but wants me to cook some non vegetarian food for her aswell sometimes. For example when I cook meat free sausages she wants me to cook normal sausages for her aswell. This would be fine but I already don't like cooking and this just makes it more complicated and time consuming. Also if she wants meat she could just eat it when I'm not cooking or do more cooking herself.

AITA for wanting her to eat my vegetarian food?",38,34,2,22,9,96,0.4166666666666667,0.5833333333333333,0.5-0.6
b6i6nc,AITA for telling my friend to stop calling herself trans?,"I have a friend who is a trangender girl (assigned male at birth) who came out several years ago. She is happy with her decision, and everyone who knows her agrees shes been much happier since. 

However, she has dealt with disphoria throughout the whole thing, and has spoken to me more than once about how she doesnt ""feel enough like a girl.""

For the longest time this conversation bugged me because of one thing: she insisted on including ""trans"" in every thing. ""Im a trans girl"" or other such statements instead of just ""im a girl."" Maybe as a cis person i dont understand the importance of labels, but it feels to me like that might be a source of her problems. 

Well the last time we spoke i brought this up to her and she went off. ""I cant believe you would say that, i thought you were my friend"" which i really really didnt understand. I said ""well if you're a girl why do you need to specify trans?"" And she said ""its not that simple a-hole.""

Im confused Reddit am I a turd here?",26,11,2,9,3,48,0.5833333333333334,0.5833333333333334,0.5-0.6
b9ajjf,AITA for expecting more than half the pizza?,"I'm going to order a pizza tomorrow. My wife doesn't really like me getting pizza because it's unhealthy, and it's expensive here in Japan. I get that, but it's a taste of my home country that I love, as she knows. I found a coupon and she gave me permission to buy it and bring it back for our dinner tomorrow. I'm going to order a large not because it's a good value but because I like eating a lot of pizza.

&#x200B;

Sounds great, right? But she says half of the pizza is mine, half is hers. I do not agree to this, but she expects it. I am taller and bigger than her. I eat more than her. I think 60% mine, 40% hers is a fair ratio given our respective bodies. I've brought this up before, but she has repeatedly demanded that she deserves half the pie, as we are supposed to be equals.

&#x200B;

I order pizza about 4 times a year. I also take her to a nice sushi place 4 times a year, because I know that she really likes it. I order cheap plates off the kid's menu, because that's my taste in sushi. I encourage her to order the expensive plates with nice fish because I know she'll appreciate it.

&#x200B;

She still insists on half the pizza being hers. My plan as always is to let her eat her fill, which will surely be less than half of the pizza, then eat the remainder of her self-declared half until I myself am full and satisfied. She will have to eat natto for breakfast the next day instead of leftover pizza, and I don't plan to feel bad about it.

&#x200B;

Am I the asshole here?",15,17,13,3,3,48,0.5833333333333334,0.5833333333333334,0.5-0.6
apc2b5,"AITA for calling my brothers girlfriend ""miss piggy"" for eating our food after we told her not too?","So last year my brother moved in with me and my roommate. When he moved in his girlfriend started spending a lot of time at our place. This isn't a problem as my roommates girl friend comes over too. Here's the thing though. My brothers gf pretty much eats all our food. No matter who's it it she will eat it. Me and roommate have told her multiple times to stop eating the food we buy and only eat the food brother buys but she ignores us and eats our food anyway.

&#x200B;

We have confronted her and my brother multiple times and told them she needs to stop but she just says ""tee hee, sorry but it's so good"" and he refuses to say anything about it. We both have tried to talk him into going to her house insted of bringing her over but he doesn't want too. It's gotten to the point where both of us are considering getting a second fridge to put a lock on. 

&#x200B;

Well, we're both sick of it. Brothers gf is a heavy girl and weight is a very touchy issue with her. Well, recently both of us have taken to calling her miss piggy when she eats our food. If we ever see her eating our food or after she has we confront her and call her it. She hates it and has freaks out each time she hears us refer to her as it. Honestly though, she still eats our food and so we kept doing it. 

&#x200B;

Well, today when I got home from work his gf was there eating leftovers I had cooked last night. I told her ""Wow, I love to come home to see miss piggy eating my leftovers that I was looking forward too."" before I started oinking at her. She broke down crying and ran out.  She's been calling my brother furiously since and is refusing to come here anymore because i'm an ""asshole"".

&#x200B;

Am i? Like, we asked her so much to stop and she didn't that i honestly just lost it. We all buy our own food and we have a rule never to touch each others stuff. She knows this and she still did it so I think she deserved it.",96,563,303,1,2,963,0.4143302180685358,0.5856697819314642,0.5-0.6
b371tg,AITA for blowing up at neighbor for not preventing our child from going missing?,"Yesterday our 3 year old went on a little adventure. My husband came home from doing some errands, we chatted for a bit in our kitchen, leaving our son to play on his own like we always do in an adjacent-but-not-in-eyesight room. He usually watches TV for a bit after his snack, it's been the routine for a year now. Color us surprised when he managed to unlock the front wooden door, open it, unlock the front glass door, and open it, get down our porch all without us noticing. We noticed after about 10min and we freaked out. 911 and 3hr later, he's brought home from a few blocks away: full of mud but otherwise O.K.

I'm not asking if we were the assholes for not paying attention, because I know we full well were. I do want to ask about our neighbor though and if me blowing up at her was justifiably assholish. After we had our baby back, she piped in to the police officers with us in earshot ""oh I saw him running across the street, I thought he was playing so didn't do anything"". She detailed she knew our kid got out unattended (and did nothing), what direction he went in (and told no one), and previously said she had no idea about anything (lying to cops and us).

I don't get along with my neighbor. She somehow has four cars to their household and frequently parks in our driveway. We don't have a car ourselves. It's been a constant battle over the last five years to get her to stop. She's retaliated, too, but I think this time goes too far. I exploded at her and would have got physical were the police not there.

While I know we should have been more attentive, what my neighbor did was outright malicious. AITA for exploding at her? Is she TA?",27,27,12,0,0,66,0.5909090909090909,0.5909090909090909,0.5-0.6
a0jkpl,AITA for being upset at the prospect of a half sibling?,"At our thanksgiving get-together, my stepmom (who has only been with my dad a total of two years) announced she was pregnant. I was not happy and instead was shocked, so I didn't congratulate anyone or say anything nice. Instead I shut up and spent the rest of the night alone with my bio sister. 

The stepmom already has 6 bio children, one of which I've never even met. (Now, her and my dad will have 9 kids to their name.)

By the time the child is born, I will be a late teen, and step moms oldest would be about 33. I feel like this child will not have the life it deserves, with almost all it's half siblings grown up, moved away, and working on their own lives. 

I also cannot imagine my dad parenting again, as he has not had a good relationship with my sister and I for a few years. Further, he refuses to discuss anything important with us. When he remarried, we were told jack, and he is not willing to have a heart to heart or even a short discussion with us about what he's doing.  With the new child, he is doing the same. My sister and I feel abandoned and pushed to the side. 

Are we being selfish? Or do we just make do/ ignore it and live our lives? 

",125,176,12,22,1,335,0.408955223880597,0.591044776119403,0.5-0.6
av1ugy,WIBTA if I lied to get out of a coffee date with a guy after finding out he’s not as tall as I’d like?,"Hypothetically speaking: I met a guy on Bumble. We had a few sexy flirts by text and his pics look really great in his profile. We set up a coffee meet and greet this Thursday afternoon, with the understanding that I’m looking for an FWB. I found out his name so I did a little social media investigation. Looking through his insta I saw links to the crossfit studio where he works out. And his studio has a group picture of some of the members and trainers. That’s where I saw him standing in a group, not as tall as I thought from his Bumble pics.

So if I tell a little lie to get us out of this date so we don’t waste each other’s time, is it really that bad? I’ll probably say something like “hey I actually met someone really cool and he wants to try being exclusive. I’m sure you are awesome and the next girl that snatches you up will be so lucky!”

Pro: lets him off the hook with dignity, spares his feelings, no waste of time

Con: a lie

Counter-con: sometimes you have to lie a little to spare people’s feelings",16,12,0,12,1,40,0.4,0.6,0.5-0.6
b1n24p,AITA for moving on 'quickly' from my ex-boyfriend who passed 3 weeks ago?,"My boyfriend of a year passed away 3 weeks ago after a car accident. I was really close with him and his family, and he was close with mine. We were going to live together in the fall next semester. We shared a friend group as he was friends with all of my current friends before me, so they all like him too. 

When I was 16 my best friend passed away due to leukemia and I was really depressed and down for a while and my mom used to constantly tell me to get over it and what's done is done so I'm kind of desensitized to loss and tend to get over it quickly. 


Anyway, after my bf died once of my close friends who I used to like was talking to me and said he was there for me, and I didnt' really need emotional support but we started talking and seeing each other 2 weeks ago. I told my friend about it today and she flipped and two of my other close friends texted me and said what I was doing was fucked up and it's too soon. And now I got a message from my ex-bf's sister telling me to never talk to her or family again and some other mean things (idk how she even found out).

I don't know what I really did wrong, I never cheated on my ex, I did pay my respects after he passed, but it's like I'm supposed to wait some arbitrary amount of time until I'm allowed to go out with people again?
",237,127,7,35,5,406,0.6009852216748769,0.6009852216748769,0.6-0.7
b7s9of,AITA for trying to stretch out my legs on an airplane?,"I was on a 14 hour flight recently sitting in coach. I am a tall guy and my legs are long and generally flying on airplanes is an overall extremely uncomfortable experience. I try to book seats with extra leg room on long flights to such as exit seats or front row seats but there were none available when I was booking the flight. I used to only book aisle seats so I could intermittently stretch my legs out into the row but have had my knee smashed into by a cart and no longer take that approach. I would have even considered splurging on business class for such a long flight but those were all booked too. 

I'm sitting in my window seat and around two hours into the flight, the lady in front of me reclines her seat back around half way. This made me moderately more uncomfortable but I was OK with this as she paid for her ticket too and should be able to recline if she wants to. About 10 minutes later, she reclines her seat all of the way back essentially pinning my legs underneath her to the point where it was impossible to move them without hitting the back of her seat. Reclining my own seat back would not give me extra leg room based on how these seats were designed. I first attempt to readjust and slip my leg underneath to the space beneath her seat but this plane's seat configuration was so cramped that I was unable to do that. Now, the readjusting of my legs to try and find a comfortable position was hitting the back of her chair. She turns around to me and says ""Can you stop that?"" and before I have a chance to answer lies back down, puts on her headphones and eyemask and turns around to go back to sleep. 

Well, I didn't stop trying to adjust my leg as I wasn't going to be able to tolerate being in significant pain and losing leg circulation for 12 hours. After a few more minutes of this, she gets up again, turns to me and says ""what are you doing? you need to stop kicking my chair"". I respond to her that the seat of her back is crushing my legs and I'm trying to adjust them into a comfortable position. She literally scoffs at me, then attempts to recline her back FURTHER despite it being at max recline, and goes back to sleep. 

This significantly pissed me off so I began to move my leg more vigorously and this started to really rock the back of her chair. After about five minutes of this, she reclined her seat back up and went back to sleep. She did not recline it back for the rest of the flight. 

AITA? 

&#x200B;

 

&#x200B;",18,53,17,3,0,91,0.38461538461538464,0.6153846153846154,0.6-0.7
asxvj8,AITA for resenting that my children see their mom as a hero?,"My ex wife is a perennial fuck up. She’s been to jail on numerous occasions, had several affairs, lost more jobs than I’ve ever had, and currently lives with her mother. I was a single dad for three years to three children, years where I learned to braid hair so I could care for my daughter. I’ve remarried, and my wife and I provide the children with everything. We pay for their healthcare. We help them with their school work. We sign them up for activities they are interested in and take them to those activities. We pay for those activities. We help them with their school projects. My son is almost 16, and we will buy his car. My eight year old daughter needs braces, and we will pay for them. I ask their mother for no child support because she can’t even support herself. I don’t wish to hurt her. In fact, I’ve forgiven her for who she is and what she’s done. 
Fast forward to tonight: my daughter is entering a pageant. We’ve paid for the dress. We’ve paid the entrance fee. She gets me ask her questions she might be asked at the pageant. One was, “Who is your hero and why?” 
My daughter says, “Do you think I should say, ‘my mom?’”
I said, “ You realize you have family here? We provide for you. We registered you for this pageant. We attended the meeting. You live here full time. We care for you and love you. I know that you get to go to your mom’s every other weekend, and you have no chores there. You eat whatever you like (mom has food stamps), but it’s easy to be a parent two weekends a month. It’s harder to be a parent all the time.” 

I’ve never derogated their mother. I don’t want to cripple their image of her, but it’s frustrating as hell that they see her as this angel and don’t appreciate everything their stepmother and I do for them. ",34,32,0,23,3,89,0.38202247191011235,0.6179775280898876,0.6-0.7
az4ayv,AITA for reclining my plane seat without asking the person behind me first?,"Just yesterday, I was called rude for not asking the people behind me if I could recline my seat on a 3 hour flight. I fell asleep early in the flight and about halfway through, I groggily reclined my seat a bit in attempt to get more comfortable and the person behind me proceeded to push my chair over and over while the lady next to him encouraged him to keep doing so because apparently his legs are too long. At the end of the flight, I confronted them about it and said they could have asked me nicely to put my chair up. The guy tried to excuse himself by saying he was just trying to get comfortable. After I already turned around and sat back down, his travel companion tapped my shoulder to tell me that I was the rude one for not asking before reclining my seat because the guy is six feet tall. (How would I have known that?) I tried to say that it was still rude of them to push my chair like that, and after some back and forth, she finally settled on her judgement that ""we were both in the wrong."" I still feel wrongly accused since I have never heard of asking for permission to recline a seat. However, I guess that would be a polite thing to do, so does it make me an asshole for not asking?",9,29,10,2,0,50,0.38,0.62,0.6-0.7
ak5bgz,AITA For Bailing on A Date Mid way through it because she was fat?,"Met this girl on tinder and she looked really hot, all face pics though which was suspect and they had a good amount of filters on the pics from what I could tell. I didn't care too much because basically every girl uses filters on pics and she was funny and had a nice face. We met up last night at this resto/bar place and right when I saw her I was like WTF this girl is huge. Like 250 lbs probably, I'm 6'1 and she def weighed more than me, I gave her a hug and we went into the place. I was pretty bummed out about this but she was really happy to see me and had an outgoing personality from what I could see so I just thought I'd stick it out. But just staring at her more as we were talking and I knew I couldn't do this anymore and didn't want to waste any more time here with her as I'm not attracted to fat women. She went to the washroom and I texted my buddy to call me in 10 mins pretending our other friend had a medical emergency and is in the hospital and I need to get there. So he calls and I play the part on the phone, apologize to her profusely and quickly pay the whole bill and run off into the night. 

&#x200B;

I went straight over to my buddy's place (same one who called) to have some brews and catch the end of the Raps game and I told him what happened and he's like bro that's a dick move, you're an ass but was kinda joking when saying it. But it got me thinking am I an asswipe for this? Also she texted me this morning saying she had a good time and asked how my buddy is doing. ",63,49,17,0,0,129,0.6201550387596899,0.6201550387596899,0.6-0.7
aotn66,AITA for telling my sister in law to fuck off?,"It was my brother's birthday yesterday and I was asked by my brother if I wanted to join a birthday dinner between him and his wife. I kindly declined because I had came home from work and did not want to go out, because of how tired I was. I was planning on be attending his birthday party the day after which is tonight and they both knew that. 

Half an hour later I check my phone and I see that I received a text from my sister in law which said the following: ""It's your brother's 30th birthday. Get your ass up. Get dressed and we will pick you up in 30 minutes. I dont even want to hear it. Dont be rude. Have some respect for your brother.""

Am I the asshole that my blood boiled so hard after reading this text message that I texted back to her ""Fuck off."" to which she replied: ""Excuse me? Have you lost your mind? How dare you even speak to me this way?"" 

She is 1 month pregnant and my brother flipped off on me and told me that I am wrong and she is pregnant. I'm not a female but being pregnant does not mean you have a right to be a fucking cunt and talk to me like a child. Just a quick backstory - She has insulted my mother on my mothers birthday before and straight up talked shit about my parents onf facebook. I'm just so irritated by this event and nobody is on my side. 

Tl:dr - I said no to coming to my brother's birthday dinner because I was tired after work but I was going to the party the day after. I get a text from my sister-in-law talking down to me like I am a child to which I replied ""fuck off"" ",17,105,49,4,3,175,0.37714285714285717,0.6228571428571428,0.6-0.7
ba8jpv,AITA for calling my stepfather 'daddy' instead of 'dad' to purposefully make him uncomfortable?," I'm 16 and loathe my stepfather, he literally lays on the couch all day and mooches of my mother. At first we were content with pretending the other doesn't exist, we just interacted with my mother really. But then something clicked in his head and he wants to be an active part of my life and wants me to call him 'dad'. I thought he was joking because we literally never talk in the first place but he was serious. My mother, like every time a conflict between him and I happens, refuses to choose a side. He wouldn't let up and kept referring to me as ""young lady"" so I decided to double down and start calling him daddy.

&#x200B;

 A) I'm 16 not a baby, I realize that, the point is to make him uncomfortable.

B) I'm not stupid I know it carries a sexual meaning too, which makes this even worse (better for me?)

&#x200B;

 Honestly my goal here is to make him uncomfortable to the point where he'll drop it. So far he's disgruntled. AITA?",19,31,39,4,2,93,0.6236559139784946,0.6236559139784946,0.6-0.7
axrre8,"AITA for not ""letting"" my brother get married before me?","This happened a couple years ago but it's something that keeps coming up & causing me anxiety/discomfort.

When my husband & I got engaged (it was like April), we had been dating for about 8 years & it was not a surprise to anyone that we were going to get married. We do the whole tell the parents thing & they are all excited, later that day I realize that we hadn't told my older brother so we call him up & share the good news. At first he's excited & then asks when we are thinking about getting married. Since we had only been engaged for about a week we hadn't really set a date & I mentioned a date that was about two years in the future but clearly stated that we didn't really know since we hadn't been engaged long & had to plan.

My brother then says ""oh well it looks like I may beat you guys down the aisle."" I laughed but when he didn't laugh as well I stopped & said ""wait, you're seeing someone?"" He apparently was, they had their first date on Valentine's day (February) I kinda brushed off his comment about getting married before me & told him that I'd love to meet & get to know her. Especially since she was the first girl he ever dated & ""brought home.""

Couple months (~July) Husband/I set a wedding date that's ~9 months in the future. We also meet the GF, I think a good fit for OB. In August, we get a call from OB saying that he & GF are engaged. Wow, congrats! Ask about the story & all that, but I never really thought to ask about a date (I was admittedly too wrapped up in planning to be considerate).

2 weeks later OB calls me & asks if I'd be ok with him getting married before me. I was (stupidly) shocked & said I'd have to talk to Husband about it since I was unable to process it at the time. That day I went over to visit my husband & asked him what he thought & shared how I thought it was crazy that OB&GF wanted to get married so quickly after beginning to date. Husband wasn't ok with them getting married before us & agreed w/me that it seemed fast. I also spoke to our mom/older sister they both agreed that I was within my rights to say no if I was uncomfortable about it since he asked.

2 days later I called OB up & told him that it did make me uncomfortable but if they really wanted to get married before us then I couldn't stop them.

They ended up setting a date for 2 weeks after my wedding.

Ever since OB/his wife have made comments often about how they ""really wanted to get married in February"" (I didn't realize that they wanted to get married on their 1 year anniversary, which I do feel bad about) & have heard them bemoan the fact that they couldn't have the flowers they wanted for something like that.

Am I an asshole for letting my feelings known or should I have swallowed them? If YTA, what (if anything) can I do to make it up to them? Thanks for your thoughts & harsh judgments.",51,34,17,7,3,109,0.6238532110091743,0.6238532110091743,0.6-0.7
b2k686,"AITA for not locking up my edibles, resulting in my niece getting high AF?","I live in Colorado, a legal state. I am a 35 year old woman. For many women, unwinding means a bottle of wine. For me, I prefer to pop an edible or two and relax in front of a paint canvas, my sewing machine, etc.

My sister's husband had an emergency that resulted in her needing to quickly find a sitter for her 9 year old. I like my niece and obviously wanted to help out my sister, but warned her that she'd probably be bored at my place, since we don't have a lot of kid-friendly stuff.  At one point after she dropped her off with some books, I got up to take a shower. I'm pretty sure this is when it happened.

About an hour or so later, I notice niece hadn't said anything for a while. I went over to the couch to see what was up, and she's just staring at the ceiling with one of her books on her stomach. I ask her if she's okay, and I immediately knew something was up. She said ""I ate some of your candy and it made me feel funny.""

She had, in fact, eaten several of the sour gummies I had on my dresser. That I hadn't thought to lock up or anything like that because I'm a 35 year old woman who doesn't need to think about those things. Like ever.

I panicked, she seemed fine, I called poison control and called her mom and panicked a lot more. I felt awful. It hadn't even occurred to me that this is a thing that would happen. Honestly, I did not foresee this happening. At all. Niece is completely fine, she ended up falling asleep after asking me for a grilled cheese sandwich with cut up hot dogs in it and asking if we could watch a movie. I stayed with her, kept her hydrated, etc, and apologized at least six million times to my sister, who was horrified and actually screamed at me. Once again, my niece is *fine.*

Even my parents are in on it, blaming me and telling me I should have those things in a safe where no one could get to them, how could I possibly thing it was okay to have them around a child, no one should ever let their kids around me because next time I might give them a beer, etc etc. And I've been uninvited from anywhere that my niece will be, because they think somehow I planned for this to happen.

I feel awful, like I've said a million times, but I really don't think I'm an asshole for this happening. I didn't do this on purpose. I have never needed to lock up my edibles before for the same reason I would never lock up a bottle of wine. When my sister called me in a panic, it wasn't like I thought ""Oh my god, I need to immediately childproof my home!""

But am I the asshole here? Do I really deserve what's happening now?",80,169,47,42,2,338,0.3757396449704142,0.6242603550295858,0.6-0.7
alzkzx,AITA keeping pictures of my naked wife on my phone?,"I like naked women, and I like my wife, so obviously I like my naked wife. She sends me nudes or I take pictures of her nude so that when im out of town for work and we're sexting I have something to look at.

Been doing this since we were dating, been together for three years, married for two.

Anyway, at a birthday party with a lot of nieces and nephews. Im changing into swimming gear to get in my sister in laws pool,  so i leave my phone on the patio.

I have a nice phone, and my sister in law asks if my eight year old nephew could play on it. I wanted to say no but i would come off as a dick. I also keep my nude photos hidden under like two albums in my gallery.

Welp, maybe half an hour later my mother in law yells ""Oh my god!"" and takes my phone away from my nephew. He responds ""It just popped up!"".

Which is impossible. But everybody gets quiet and I exit the pool. My sister in law and mother in law take me and my wife aside and ask why we have ""homemade porn"" on our phones and that my nephew shouldnt see that stuff.

Wife is embarrassed, im embarrassed but i did say the pictures didnt just ""pop up"" at which point she says her kid wouldnt lie. We apologize but leave the party early.

My wife is mad at me because I didnt hide the nudes well enough and calling my nephew a liar. Even though i hid it and he must have been going through my photos.",14,32,7,3,1,56,0.375,0.625,0.6-0.7
a0ycxd,AITA for breaking up with girlfriend for getting plastic surgery?,"This happened 2 weeks ago, but I just discovered this sub.

I was with my girlfriend for 6 months and everything was great.  We didn't fight much since it was pretty early on into the relationship, and I'm not really a contentious guy.  Then, she told me that she got plastic surgery...  We're both Korean and Koreans are known for their plastic surgery.  I've always been completely against any type of procedure that changes your appearance.  Her surgery wasn't anything major, it was just double eyelid surgery.  For those not in the know, double eyelid surgery is very popular, especially for asians.  I'm not sure about the numbers, but I'm pretty sure a large amount of asians do get them and they're not really seen as a big deal.  However, to me it is.  I became distinct with her and could not get rid of the negative thoughts that started to form in my head.  

The part that really bothered me was the fact that she would spend money to change her appearance, albeit slightly, because she wasn't satisfied with the way she looks.  I know some might say what's the difference between that and makeup, but just the idea of permanently changing your appearance does not sit well with me.

So I decided to end the relationship with her.  I met with her and ended the relationship but I did not tell her the reason was because of her surgery.  I just assumed that it might be best not to tell her because she might start to hate herself for getting the surgery or become self conscious about her appearance.  I was really flustered and just told her it's because of personal reasons and did not get into details at all.

She texted me a few times throughout the week asking me what the problem was and what she did wrong, but I just kept telling her I didn't wanna talk about it and eventually ignored her (or responded very late) to her messages.  We live in the same town and whenever I see her friends, they all try to ignore me now.  I'm sure they all think i'm an asshole.  

&#x200B;

tldr; girlfriend gets (minor) plastic surgery for double eyelid surgery.  i break up with her.  don't tell her reason why b/c i feel it's best not to.  everyone ignoring me.",31,17,0,1,0,49,0.6326530612244898,0.6326530612244898,0.6-0.7
agcmji,AITA for not finding my (23m) GF (23f) attractive?,"Throwaway because I'm paranoid someone I know will see this  ¯\\\_(ツ)\_/¯ 

&#x200B;

Anyway, I've been dating my GF for about 6 months now. I think she's really great and I love to talk to her as well as be around her. The problem is I don't find her attractive physically. Not to toot my own horn, but I know what I look like and by a conventional outlook I'm a little ""out of her league"". That doesn't bother me at all as I'm someone who seeks an emotional connection well before a physical one, particularly as I've gotten older. She has a really high sex drive and just about every time we are together she wants to have sex. Oppositely my libido is rather low, and 99% of the time I don't make any sexual moves towards her.

&#x200B;

The other day we were laying in bed after I had just gotten home from work and was subsequently falling asleep. She makes a move and I brushed it off. After I made it clear I wasn't feeling it currently, she got fairly flustered with me saying she doesn't feel like I want to connect physically with her. I told her I loved her and that I just was tired. Which is true, but I also just don't find her physically attractive especially in a sex related environment, despite not saying that to her.

&#x200B;

So, am I being the asshole because I don't find her sexually attractive?",26,13,0,2,0,41,0.6341463414634146,0.6341463414634146,0.6-0.7
b3f5kn,AITA for wanting break up with GF because she insists on having kids if we ever got married?,"I've been in a relationship with a woman for 4 years and we've done pretty well so far and have moved in together. However, on the topic of having children it's always contentious.

We've talked about marriage and she always brings up how she wants children. I'm not so excited about it but if I did, I would rather adopt if we did have kids, but to be honest I'd rather have none at all. 

For me, I don't want to give them any of the genes I have that gave me horrible anxiety since I was really young that really interfered with my daily life. Plus, I think the world is regressing with irreversible climate change and as resources and geographies change in the next 40-50 years, I can't say the quality of life would be something I would be looking forward to.

GF will not budge. She wants ""her own"" kids and to me that's really selfish. I understand why - since it's your biologic compulsion to reproduce - but logic can override impulse and I'd rather have none at all or adopt.

It's driving a serious wedge, but I honestly think I'm in the right.",20,7,0,28,1,55,0.36363636363636365,0.6363636363636364,0.6-0.7
b8qnvf,AITA for announcing a fake pregnancy?,"Yesterday, on April Fool’s day(this being the critical tidbit here), I announced on social media that my wife and I were expecting our second child. April Fools! We’re not. Specifically I posted “[Birth Announcement] 2: Electric Boogaloo, Due Fall 2019”. Of course there were some people who took it at face value and liked it and congratulationed us, some were quick to comment with April Fool’s skepticism, others congratulationed us with the caveat “if it’s real” to make sure we knew we didn’t totally fool them in the event it was a joke. Here’s the troublesome part: some folks decided to call me out for extreme insensitivity toward people who have suffered through infertility/miscarriage/stillbirth saying that I shouldn’t joke about things that have brought people so much pain. None of the people leveling these accusations have personally struggled through those circumstances yet friends of mine who have were fine with the joke. I said I’m willing to give any necessary apologies to people who were directly hurt but told the complainers to stop being offended on behalf of hypothetical people and have, so far, refused to admit any wrongdoing or apologize to anyone. ",34,19,1,1,0,55,0.6363636363636364,0.6363636363636364,0.6-0.7
b4d8lv,"AITA for not eating ""home cooked"" food at a pot luck?"," So every month or so at work my colleagues will bring in their homemade food and everyone will eat and pat each other on the back about the various food. Now I usually come up with an excuse to get out of eating, but I will bring in cookies or drinks to ""contribute"", and it had worked up until today. My co-workers basically confronted me about how I never eat because I'm ""too good for their food"" and other ridiculous peer pressure tactics and wouldn't leave it alone. So I straight up told them something like, ""I don't know how you live, you could have roaches. You could have pets that you pet then go back to cooking, and I've personally seen a few of you leave the bathroom without washing your hands. It's not just your food I don't eat anyone's food unless I know their sanitary standards."" Then I proceeded to read the TSB on my laptop. I glanced up and everyone was staring at me like I just said the most offensive thing they've ever heard. So AITA?",217,172,111,12,4,512,0.640625,0.640625,0.6-0.7
aojaga,AITA For trying to discuss my internalized biphobia with my boyfriend?,"Okay so context! My(18f) boyfriend(23m) and I have been dating for a little while, and we were friends for some time before that. Now I had known that he was bisexual from previous discussions but he had heavily implied he had never gone further than a good makeout sesh.

Fast forward to last week when he lets me know that it’s gone much, MUCH further than that with multiple men on multiple occasions. Now i’m already quite insecure about the number of sexual partners he’s had because he was my first and only everything, including my first kiss, and i’m now aware that he’s had well over 70+ different partners (about 20 being men) so that’s already a bit hard to swallow as stupid as it may seem.

Now here’s the big issue. I’ve always considered myself a huge ally for the lgbtq community. I have a fairly well known online presence so I use it to push for change and encourage others to do the same with protests and such. I never ever thought I would have an issue with my partner being bisexual. But when he told me I was suddenly filled with disgust. I am now genuinely turned off when he tries to initiate cause I just think about him with men. It’s also quite odd to me because he informed me that he is a bottom where as he is very dominant in our relationship and it’s just plain weird to me. I’ve cried about it all week because I can’t believe that as hard as I try, homophobia has creeped into my brain.

I tried to discuss how I was feeling with him because I knew bottling up these feelings wouldn’t end well for either of us and I really do love him. He ended up yelling at me that I was a homophobic bitch and that he wished I had never said anything. But I don’t WANT to keep it to myself. I love him and I want to work through this either together or through couples counseling. But he says it’s something I need to deal with on my own. It’s killing our relationship because he now says I should’ve just never told him and it was mean of me to do so.

Am I the asshole?",21,46,7,4,1,78,0.358974358974359,0.641025641025641,0.6-0.7
b2zmfz,"AITA for booking meeting rooms meant for studying in, even though I'm usually alone","Posting from an alt account, sorry it's kind of long.

My school has study rooms in the libraries that I always book to study in. They're fairly large meeting rooms that can fit about 4 to 6 people comfortably, but because my friends and I are on vastly different schedules, I usually end up booking and studying alone in them. How this system works is that every night (at 12AM exactly), the booking for the following week opens (i.e, today is a Monday, the booking for next Monday opens etc), so how some students including me have learned to game the system is to camp on the page and refresh as the clock hits 11:59:59, usually meaning that we will definitely get the time slots we want.

The system only allows each user to book the room for 5 hours max/day, which works out well for me, because my breaks between classes are 4 hours usually.

The main reason why I always book the room is because I have massive social anxiety. When I study in the communal rooms, every time I squeak the chair or drop a pen or even type too loudly, I feel like everyone is staring or complaining even though reason tells me that they probably don't care. Another reason is my classes are usually from 9-11am then 3-5pm, my break coincides with the lunch crowd (meaning that more people are there fighting for communal study room seats).

Recently though, my friend told me that people have started complaining about ""certain parties hogging the study rooms"". I understand how 1 person in a 4 man room might be ridiculous so sometimes I'm ok with letting a couple of strangers join me in the room, but other than that, I don't see a problem with it. I'm only booking it for 3 to 4 hours max, 3 days a week. I don't see this as ""hogging the rooms"" non-stop. Besides, if other people want the room, they can duke it out with me over the booking system at midnight.

AITA in this situation? Should I just give up the rooms and find somewhere else deserted to study instead?",27,12,0,3,1,42,0.6428571428571429,0.6428571428571429,0.6-0.7
ac11tm,AITA for telling my boyfriend that he has an unhealthy relationship with his son?,"My (F38) boyfriend (M42) has an 18 year old son I'll call Junior, who lives with him full time. From a distance, Junior comes across as sweet and innocent but he's spoiled rotten. He has his father wrapped around his finger and it's obvious that he knows this. 

The thing is, my boyfriend is very affectionate by nature, so some of their interactions aren't very surprising to me. A lot of hugs and ""I love you's"" happen throughout the day, which I initially thought was great. Now I think it's a little creepy. Admittedly, I come from a home where my siblings and I weren't exposed to a lot of affection, especially as teenagers. To this day, it's awkward to say ""I love you"" to my parents. 

But with my boyfriend, it's more than the affectionate gestures. He goes out of his way to cater to his son beyond what's normal. For example, the other day it rained while Junior was out. Boyfriend was in a near panic at the thought of his son driving in the rain. As soon as Junior pulled into the driveway, bf texted him to stay in his car while he opened an umbrella and met him at the door so he wouldn't get wet. Other examples include:

*Sitting on the edge of Junior's bed and tucking him in from time to time.
*Fussing over him being cold while we were watching a movie and getting him a blanket. 
*Vacuuming Junior's car out for him.
*Using pet names for his son like ""buddy"" and ""babe"" 

The list goes on and on. I reached my limit on NYE when Junior was going out for the night. Of course, my boyfriend was fussing over him, making sure Junior had enough money in his account and offering to give him money. I heard him call Junior one of his weird pet names and I cringed inside. 

As soon as Junior was out the door, I tried to tactfully bring it up and he immediately got defensive. I got defensive too, but I worked hard to maintain my composure and just address the facts. Unfortunately it turned into a full blown argument and I ended up leaving. We texted afterward and have come to a cold place of agreement, but I'm starting to think that he still hasn't let it go.   

So I guess I'm wondering, did I overstep my boundaries and AITA here? 

",66,23,3,15,5,107,0.6448598130841121,0.6448598130841121,0.6-0.7
asen3k,AITA for wanting my (36M) GF (26F) to stop being a cam girl?,"First of all, sorry for the formatting. I’m on mobile, and feeling pretty upset.

So I started seeing my current GF 2 months ago. She’s an amazing woman, gorgeous and incredibly funny and talented. We get along really well and I honestly think I could marry this girl one day. 

Problem is. She is a cam girl. She claims that this isn’t at all sexual, that it’s mainly companionship and that these men are lonely and in need of someone to talk to. She says she never gets completely naked and only ever takes off her top. I have asked her to give this up, as I am not comfortable with the thought of other men jerking off to my girl, but she says she doesn’t want to stop. That it is part of who she is, and that this activity has been paying her rent for years.

I don’t want to infringe on her rights, but I just am not comfortable at all with this. So, am I the asshole for asking her to give it up to be with me? I’m fully prepared to take care of her financially and make up for this loss of income.",53,12,1,17,2,83,0.6506024096385542,0.6506024096385542,0.6-0.7
ai6n9s,AITA for calling a baby ugly?,"My parents had some of their friends over today, and they brought their newborn with them.

This kid's face looked like a lumpy potato that learned how to drool, but my parents showered him with compliments anyways.

So when my brother said ""Isn't he the cutest?"" I involuntarily responded with ""No"" a bit too loud. Everyone heard me say it and turned to look at me.

Feeling the spotlight of attention on me, I kinda got nervous and tried to salvage it by saying ""Sorry I was using observational humour ha ha"".

This got no laughs.

I excused myself and drove to McDonalds where I waited until they left before I went home again.

When I came back my mom called me an asshole.

AITA?",46,23,1,2,0,72,0.6527777777777778,0.6527777777777778,0.6-0.7
9ydt7b,AITA for getting mad at my wife for leaving our babies’ dirty diapers all over the house?,"We’ve got two babies, only about a year apart, so the last 2 years have been non-stop diaper changes.  Since day-1, my wife has had a bad tendency to do diaper changes anywhere other than the changing tables (even the additional one I went out and bought to make it more convenient for her), and just leaves the diaper wherever she happens to be - lots end up on the floors, some on the night stands, desks, tables, countertops... you name it, I’ve found a dirty diaper on it. We have multiple diaper pails, all easily accessible, and she still barely ends up putting them in there (often even find she’s set a diaper on top of the lid of the diaper pail, instead of taking 2 additional seconds to open it and drop it in).  

After asking her about it several times, and making “mommy’s hiding dirty Easter eggs all over the house” a daily passive-aggressive inside joke, I decided to test her and refused to clean up the diapers she leaves myself. Literally dozens of dirty diapers all over the house, until she finally decided it was too much and threw most of them out (not even all of them). Did this several times, all same results.  

So I recently kind of flipped my shit on her about it. Our bedroom was smelling nasty, and took me a while to find an old dirty diaper under our bed that was in disgusting condition.  It felt like the last straw breaking my back, and I criticized her for being messy and lazy in general... Now she’s mad and I feel terrible for potentially being the asshole, but... am I really the asshole, though?",17,33,0,0,0,50,0.34,0.6599999999999999,0.6-0.7
b58n3i,AITA for wanting my SO to cut someone out of their life?,"My boyfriend has a new acquaintance who is a girl. They have known each other for about a month. The girl is in a relationship, but spends her time whining about her boyfriend to my boyfriend about how she is not sure they should be together. My boyfriend has encouraged her to work her relationship out.

She constantly asks my boyfriend if he's going out that night. She's sent him drunk selfies at night. She asked him to go to her old high school alumni ball with her, because her boyfriend couldn't come and she had already bought a couple's ticket. (my boyfriend refused because he had a friend's birthday party that night). She jokes about how much she likes a certain hoodie my boyfriend has. She jokes about how much she likes the way he talks. She has used phrases like ""where have you been all of my life"". Ever since they met, she has always been aware that my boyfriend is in a happy relationship. Her actions feel extremely flirty to me and my personal opinion is that she is an inappropriate cunt.

We have talked about this with my boyfriend. He says he has no interest in her and I believe him. He says that he understands why I would be uncomfortable but he doesn't want to be rude to her. Again, I get it - he's kind of the human version of Mr. Peanutbutter and just wants everyone to get along and be happy.

At the same time I feel very irritated. I want him to set hard boundaries with this girl because honestly I wouldn't be surprised at anything she'd try to do at this point. I would like him to tell her to fuck off permanently. He doesn't want to be too harsh to her and would still like to be (platonically) friendly with her. Technically he hasn't done anything wrong and I know he has no intention to. However, I also feel like he hasn't made enough of a clear statement about how he is not interested in her, because clearly mentioning his girlfriend (aka me) hasn't been enough to deter her.

Am I the asshole for wanting him to cut her out of his life completely? Also am I overreacting to her behaviour or would this be considered normal between platonic friends who have known each other for a month?
",9,21,5,7,3,42,0.3333333333333333,0.6666666666666667,0.6-0.7
b9ui3y,AITA For Snapping at My GF's Friend Because She Thinks She's So Educated?,"I'm M22 and my gf and her friend are both F23. I have a 3 yr bachelors degree in business and work in software sales making pretty amazing money, her friend always talks shit about me not having a real degree because its a 3 yr degree not a 4 yr one. But I always consider it a real one, it's still a bachelor of commerce degree. Her and my gf are doing a masters in Public Policy after doing undergrads in poli sci and her friend thinks she's a genius. We debate about issues and she writes me off as ignorant or uneducated because she's getting her masters and I only have a bachelor. She basically thinks that's she's superior to me because of her education level. Last night we were both at my GF's place and we were talking about provinical politics in Ontario (Basically about Doug Ford if you know him) and she kept on saying she has more education than me so is smarter and her opinions are more valid. I told her to shut the fuck up because her masters in Public Policy is gonna get her a job at starbucks only.

She started to call me an asshole and douche and now my gf is hurt because they are in the same program. 

AITA?",16,28,43,0,2,87,0.6781609195402298,0.6781609195402298,0.6-0.7
auhq58,AITA for showing my 9 year old little sister pictures of measles victims in an attempt to convince my mom to vaccinate?,"On mobile, so formatting might be weird.

I'm a 17 year old male living in Canada and both of my parents are antivaxxers. My aunt and uncle are also anti-vax and my situation took place earlier today because it became a large topic at my family dinner. My grandparents are provax because they've lived through polio and know firsthand how bad it is, so they helped my Little brother and I try to argue it into my mom and my aunt. 

My aunt doesn't believe that vaccines cause autism but she believes they cause allergies and asthma. Is that really worse than measles? Really? Anyways, that didn't work. I am vaccinated, my Little brother is vaccinated, because in Canada, at 15, you can choose to make your own medical choices. My two little sisters are not, because they aren't old enough to make that choice yet.

About 4 hours away from my house, there is a measles outbreak. This scares the shit out of me because one of my Little sisters is immunocompromised. Which is one of the main reasons why my mom chooses not to vaccinate. I know, completely counter productive and really fucking stupid.

 I'm trying to convince my mom to get my sisters vaccinated against measles. When I found directly talking to her was ineffective, I thought that talking to my sisters might help. Like, if they thought that they were in danger, my mom might vaccinate, for their peace of mind. I showed them a picture of a child with measles and said ""this kid might die"" and 'mom could vaccinate you and protect you but we have to convince her"", but she's already convinced them that vaccines are bad. I will break that, trust me. They told her and my mom is now furious and told me ""I'm really starting to piss her off"" and ""when [I] reproduce I can choose to vaccinate my kids"". She also told me that it wasn't fair to ""harass"" such a young, immature age group. I'm naturally very argumentative, so I responded quickly and told her ""I tried to 'harass' you about it but I guess you're too immature"".

 I have no doubt in my mind that vaccines are incredibly helpful, but am I the asshole for showing pictures of measles victims to my 9 year old little sister?",5,34,11,0,2,50,0.32,0.6799999999999999,0.6-0.7
as9wel,AITA for fostering a child against my daughter's and ex wife's wishes?,"I'm a 52 year old male with a 23 year old daughter. Our relationship has always had its ups and downs. Mainly because I did not get to see her and speak to her for a big part of her childhood. I left to go back to my home country when she was 3 due to DV issues with her mom at the time. This is completely my fault. I was an asshole. I have since gotten therapy and am happily married.


We reconnected when she was 16 and we were pretty much two peas in a pot. We are very alike and she moved in with me and my wife. All was well, except that we'd have pretty heated fights once in a while. I never got violent with her but I'd scream and she'd scream and my wife (who is very calm) would be stuck in the middle.


My wife cannot have children, but our dream was always to adopt or foster. Finally we were at a point in our lives where we could afford to foster a teenager. But when I told my daughter, she got mad. She said that it was unfair that I would foster someone rather than pay her mom the 'child support' that I 'owed', which was never ordered by a judge as we never went to court.


It is true that I didn't pay any child support but she lived with us for two years and we got her a car, clothes, food etc and spoiled her to make up for it. She says that it's still unfair and that she is hurt that I will raise a child when I was never there for her.


My daughter moved out and went to live near her mom again. I called my ex-wife hoping for support. She called me an asshole and hung up on me? Again **she never asked me for a penny before**.


Am I really the asshole here?


TL;DR; I want to foster a child. My daughter and ex-wife are upset because they think that i 'owe' them.
",45,17,4,6,2,72,0.6805555555555556,0.6805555555555556,0.6-0.7
b8rwmf,AITA for calling out my transgender friend after she questioned my national identity?,"I am ethnically Chinese, born and raised in Britain.

I've always identified as both British and Chinese, but growing where I grew up, it was always a bit of a sore subject, as I was never seen as English/British. I learned to live with it, so no worries there.

I have a transgender friend who is transitioning from a man to a woman. She and I have bit of a teasing relationship - we take shots at each other.

So last night, she starts taking shots at me when we were talking about cultures. I said something about how difficult it is to be English in some countries, and she said ""you're not English though. You're Chinese. Stop pretending to be something you're not.""

And I immediately shot back with ""ironic, coming from a transgender person.""

Her smile immediately wiped out. I could tell she was offended, but I thought she was being a baby.

I have talked to her about how strange and difficult it was for me growing up with two national identities, not really belonging to either. She, too, has talked to me about how difficult it was for her to accept she is a woman.

What do you think? AITA?",15,208,91,20,1,334,0.31736526946107785,0.6826347305389222,0.6-0.7
aau76q,AITA: punched a cop more than I probably needed to,"I’m (24f) hearing impaired. I have an Auditory Processing Disorder (APD), which is something like dyslexia for sounds. Everything sounds jumbled unless I’m super focused, and sometimes even then I can’t sort out spoken language from things like road noise. If you’re curious about what it’s like, try downloading one of those free “Speech Jammer” apps where they play sounds into your ears with one on a slight delay. It makes speaking and understanding quite difficult for me.

That being said, I was walking in a poorly-lit parking lot toward the Walmart. I normally turn to look at my truck when I press the keyfob to double check that I locked it (the rear lights flash.) But, I had already walked too far away from my vehicle and the fob didn’t make it flash. I knew I would just worry about whether I’d locked it unless I doubled back to check, so I started back to be within range. 

There was an officer in the parking lot. What it probably looked like to him was that I was walking toward the Walmart, saw him, and turned to run to my vehicle. In reality, I didn’t notice him, turned for a totally different reason, and then jogged the ten yards back because I’m a big worrywart. 

He apparently called after me and announced that he was a cop (So his lawyer said), but I had no clue. The parking lot is by a major road, so there is a lot of traffic noise. 

He caught up to me and grabbed me by the arm and pinned me against my truck. It being a parking lot at night, I assumed the worst. I yanked my arm free, and haymakered like my life depended on it, catching him in the temple. I really rung his bell, because he slumped against the tailgate.

I was terrified and in fight mode, because at that point he’d also totally have the grounds to shoot me since I’d punched him. 

Here’s where I’m morally conflicted: I was able to see that he was a cop and that I had already injured him, but I hit him five more times in the head. I’m opposed to violence outside of sport or self defense, but I knew he’d possibly pull his gun. In total, I gave him him a bad concussion, broke his nose, and fractured his eye socket. 

I called an ambulance and supported his neck until they got there.

The whole thing ultimately got settled out of public court. There was footage in the parking lot that very clearly showed him handling me roughly. Plus, I’m disabled, so I’m sure that would have looked really bad for the police department. 

He privately apologized to me a few months after the incident. 

I know the whole ordeal probably would have gone down a lot differently if I weren’t a tiny white lady...

I still feel bad about the amount of damage I caused. He now has some memory issues and had to retire early. Like, I generally dislike/distrust/loathe police, but I still hate the idea that I harmed someone more than I probably strictly needed to. 

TL;DR 
I don’t hear good, and a cop thought I was running from him. He grabbed me, and I punched him in the head. I was afraid of being shot, so I punched him more and now he has memory problems. Am I the asshole for having continued to hit him? 
",19,43,1,1,2,64,0.3125,0.6875,0.6-0.7
b9uxl7,AITA for loudly shaming someone for their poor hygiene during a Magic The Gathering event?,"I was playing MTG a couple weeks ago at the card shop with my friends and about a dozen other people like I always do.  After the first round my friends and I all noticed a pretty foul body odor.  I get that MTG players have a stereotype of bad odor, and sometimes someone might have a little funk but this was pretty nasty.  We eventually found the source and it was a guy who nobody really talked to much.  He just came, played, and left each week.  Well we tried to ignore it since he had never had this issue before so I just assumed a freak occurrence.  It was gross, but we got through the night just fine.

Well last week we went in for games and the moment he got to the tables we all recognized the same stench as the week before.  At this point I went to the owner and asked if he could say something, but he refused saying we should just try to ignore it.  Well after a round of play it got so bad that my friends and several other players were stepping outside between games just to get fresh air away from him.  I finally had it and before the next round started I loudly announced to everyone

""to whoever didn't bother to take a shower today or even this week could you please do us all a favor and learn basic hygiene.  This is disgusting and you should know better.""

Everyone went quiet and the guy in question finished his game quickly left the store.  While everyone initially seemed to appreciate what I'd done the owner gave me a few dirty looks as did a few other players.  One even approached me after the tournament and told me that was a cruel way to handle the situation.

Was I wrong to do this?",108,57,25,3,3,193,0.689119170984456,0.689119170984456,0.6-0.7
ajcopt,AITA for getting annoyed at my mum for not trying to learn the language of the country she has lived in for 20 years?,"So I (19F) just got into an argument with my mum (47), and long story short it all started from when I made a comment about how her and my father can barely speak English, despite having lived here for 20 years. 

What started off as something I said in passing blew up into something which led to an explosive argument and lead to me storming off to my room. You see here’s the thing, she was complaining about how it’s so easy for people who live in England and speak English to get their way and sort out their problems. I then said maybe if she had actually put in the effort to learn the language and the customs of the country she lived in, she could effectively sort out her problems too.

Here’s what she said, that there’s no need to ‘waste’ her time to become more educated or learn the language of a country she doesn’t see her self staying in for long. She also proceeded to talk about how she is a mother and doesn’t have time to invest in learning the language. 

Right. Okay. That doesn’t make any sense. 

She then said she doesn’t want to become educated, or learn about other cultures or customs and just wants to focus on religion because she’s an old woman.

I then remembered something she used to preach about all the time when I was a kid, about how the prophet once said that people must be knowledgable and educated in the lands they live in and in general. 

Suddenly she shouts at me, calls me and animal lmao and says my arguments are ‘invalid’ and I need to fix up? 

I just walked out, my last words being,  ‘you know they say being unreasonable comes with old age.’ 

AITA for trying to encourage my mum to educate her self and getting annoyed at her unwillingness to do so? 

I’m not crazy right? ",64,153,24,45,8,286,0.3076923076923077,0.6923076923076923,0.6-0.7
b2aopv,AITA for not apologizing when my toddler mistook a stranger for me?,"Today I was at the store with my 2 y/o daughter. She's a really good kid , so I rarely have to apologize for something she does or my bad parenting decisions. I often get compliments on how well behaved she is and her calm temperament, but make no mistake, she is still a toddler, so we have our moments.

We are at the checkout line and we are 2nd in line. They're two cashiers next to each other at a counter, so there is a lady in front of me (lady #1) and another lady in front of me (lady #2) , but off to the right a bit, maybe 2 feet away from us. My kid is acting up a little and trying to run off from me in the line, but no one has noticed us and no attention is being drawn. I grab her hand and she giggles a little loudly, as she thinks it's funny, then drops her toy she had in her hand. She gets down to retrieve it, but when she gets up she is very close to lady #2, and in that split second she thought she was me and hugs her legs from behind, her head landing between her legs, right under her butt.

I quickly called out my daughter's name to help her realize,Whoa, that ain't mommy. The look on her face when she realized that she was hugging a stranger was priceless and a funny  honest mistake. I'm laughing and herding my daughter back over to me. this lady turns around and she is pissed. She was about 25 and she was giving my daughter a look as if she was a 40 year old slimeball who just grabbed her ass. 

I get not all people like kids and I respect that, but I thought she was going to hit my kid with the look she had on her face. She continued to stay turned staring at my daughter with a scowl of hatred. Now I'm already laughing, but I'm a nervous laugher on top it. So when I see this lady acting like she is about to unwind on my kid, the laughing just continues. The lady then glares at me and I cant help myself.. I keep laughing, but I glared right back. I said nothing. Normally I'm a pushover and very easy and quick to apologize for anything and everything, but the fact that she seemed so offended by a kid accidently hugging her, it almost wanted to make me see red. I hugged my daughter and then looked up at this woman who had the most ugly twisted face at this point and I just smiled and raised my eyebrows as to ask if there was a problem here.

This whole thing lasted maybe 15 seconds, but fuck that time lasted forever. Lady #1then turns around and is now just staring at me and my daughter as well, shaking her head a bit in disapproval. That gets me thinking, wow, did I just make a parenting fuck up that I should have apologized for instead of laughing at this woman and her reaction? So was I the asshole in all of this?

Normally i would apologize at the drop of a hat, but the way this lady looked at my daughter with such hatred really just pissed me off badly. What do you guys think? Did mama bear mode get the best of me? I kinda fear I'm the asshole ",86,40,15,4,0,145,0.696551724137931,0.696551724137931,0.6-0.7
9u1e3n,AITA for telling a preteen that they likely aren't trans and should not self diagnose themselves?,"Posting from an alt because these people know my handle and I would prefer to hear from other's opinions.

I recently got banned from a discord chat. The moderator's reasoning? ""We will not tolerate Homophobes.""

Now, I am banned. I don't have the chat logs to pull up, and this was a semi-private discord, so I don't have a valid key to take an alt into to get them. Sucks, right? Here's what I remember saying, since I do have word opened with my reply and research.

---

Basically, this kid in this server started complaining about the fact that their parents weren't letting them get hormone therapy for being trans. This kid has talked about it before on the server, and from my understanding they have never actually seen a psychologist in regards to this. They just ""felt"" they were trans.

So, I called them out. I started asking questions. ""How old are you?"" (15 she said) ""Why do you want this?"" (Coz itll make me feel better!) ""Have you seen a psychologist?"" (No, but I've heard what it's like and I feel the same way!)

By the time I actually managed to get them to say that last one, the rest of the server was butting in, basically saying that I was a ""complete fucking asshole for asking stuff like that"" and that ""You don't need to have a slip of paper to be valid!""

Finally, I just wrote up one big reply (because at this point I was getting bombarded with people harassing me) which expressed my view. It went as follows:

---

Are you guys serious?

Less than 1% of the population experiences Gender Dysphoria, according to the 2013 Diagnostic and Statistical Manual of Mental Disorders. The highest I've read is an estimated 0.5% of the population according to a 2014 study (1), however, most estimates point to the “real number” being FAR lower than that, often less than 0.1%.

Of those, research shows that most (I've read lower estimates of 60-70%, but The American Collage of Pediatricians states this is closer to 80-90% (2)) will not experience Gender Dysphoria after Puberty. (3) Of the remaining minority, most will have another kind of mental illness alongside Dysphoria.

As I've mentioned here before, I have a mental illness that encompasses 2% of the world population. I have met one other person with my own condition outside of forums, servers, and communities built for people with that condition. So for Gender Dysphoria – and therefore Trans people – to have such a high vocal presence online... It's absolutely staggering. To be honest, to me this means that *most* people who say they are trans, simply are not. It also means that many people, like Hush, are simply going to falsely self diagnose.

From my experience, I feel something else is at work, that some people are lying, or that there are other forces at play – and many researchers seem to agree, often stating that many people seem to confuse other illnesses, simple anxiety, or puberty as dysphoria.

This is exactly why y'all shouldn't be so eager to support <TRANS KID>! This is why I'm asking questions! Because in all likelihood, from what she's told us, <TRANSKID> LIKELY ISN'T TRANS.

Stop linking me to tumblr pages ffs. Read some actual god damn articles and crap on this. Believe it or not, some teenagers online are not the be-all-end-all of how the world works.

(1) Transgender Demographics: A Household Probability Sample of US Adults, 2014.
Crissman HP, Berger MB, Graham LF, Dalton VK
Am J Public Health. 2017 Feb; 107(2):213-215.

(2) https://www.acpeds.org/the-college-speaks/position-statements/gender-dysphoria-in-children

(3) https://www.ncbi.nlm.nih.gov/pubmed/18981931/

---

It got a few middle finger emotes, then it was deleted, I got the message from a mod, and then I was banned before I could reply.

Am I the asshole? Was I right to be banned for this? Am I seriously a homophobe for calling someone out on what is likely nothing more than prepubescent bullshit?",57,23,0,1,0,81,0.7037037037037037,0.7037037037037037,0.7-0.8
amebzi,AITA for aggressively demanding an apology from my wife?,"I was coming back from a date with my wife and she found a tongue ring in the center glove compartment. She very calmly accused me of cheating on her. I tried to tell her that she should trust me because we have been togetherfor 12 years and she should know i would never risk our relationship or our family.

Meanwhile i took a pic of the ring and texted everyone who had been in my car in the past few months who could have lost a tongue ring in my car.

An hour later i got a text from my cousin who recognized it and said it was hers. So i said fuck! (out of relieve more than anything) then i held my phone in front of her and i said without raising my voice Apologize! Apologize! 

We didt talk again till this morning and she is actually angry at me and says she has nothing to apologize for.",16,13,19,1,1,49,0.7142857142857143,0.7142857142857143,0.7-0.8
a3vjz3,AITA because I want to give back my adopted son?,"When my husband and I found out that I’m infertile we decided that we would still have children somehow. Given my medical issues, in vitro wasn’t really an option. My husband wanted to try surrogacy but in the end I pointed out that there are so many unwanted children in the world that perhaps adoption was the most selfless route. 

It was a long, difficult road but we finally were able to adopt an adorable little boy from Haiti. 

He was three when we got him and he’s six years old now. From the outset, he’s been prone to violent tantrums and he’s getting stronger. He’s grown so destructive we had to strip his room down so that it’s just the bare essentials. 

We have tried being firm, being soft, giving discipline, giving positive reinforcement, ignoring, being attentive. He’s been working with a therapist for the past year and a half. He’s actually fairly well behaved there. 

At home and school, it’s a completely different story. He’s only in first grade and already at risk of expulsion. He’s kicked his teacher. He used play scissors to cut a little girl’s ponytail off when her back was turned (now he’s lost all privileges to use them). He flooded the toilets by flushing his own clothes. 

What’s worse is that I don’t think he feels anything for me or for my husband. He behaves slightly better than my husband than for me but my husband is naturally loud and boisterous, even when he’s not angry,so maybe that’s intimidating. But with me, it’s just a nightmare. I’ve been punched, spat on, kicked, slapped, clawed. All by a child that I do everything for. He can be very calm and sweet but he turns so quickly. 

Although he’s somewhat better after therapy, it doesn’t last long. He’s been diagnosed with reactive attachment disorder, and unfortunately it’s not something that can really be cured. 

I’m trying to talk myself out of feeling this way. Telling myself that good people don’t consider what I’m considering. I’ve visited all kinds of parenting blogs and mommy forums and adoption subs (including the one here on my alt account).

I’m just exhausted emotionally and physically. I guess I’m here because of my masochistic tendencies. I welcome your honesty. ",62,141,3,27,5,233,0.27896995708154504,0.721030042918455,0.7-0.8
acgmu8,AITA for changing the locks on my 23 year old sister and kicking her out of my house.,"In May 2013, my husband and I agreed to let my then 18 year old sister live with us while she went to college. We are both 10+ years older than her and worked two jobs while going to school so we know how hard it can be. We told her she had five years max to get a degree and move out. No rent or utilities were ever charged, she just had to buy her own her personal items like toiletries and snacks. A year ago she informed us that she would not be graduating before the five year mark so we gave her 6 more months til Jan 1st 2019. She did graduate in December!!! However she is still here and avoiding us at all cost. Locking herself in her room, ignoring our repeated knocking on her door/calls/text, and sneaking in and out the back door. She hasn't spoken to either of us in 3 weeks. I don't think she has any place to go or any money saved but at this point I don't really feel sorry for her. I feel like I'm being used. I've called and made an appointment for a locksmith to change the locks on Mon. My family says it's terrible to just kick her out but none of them are willing or able to take her. Even my friends are saying I can't kick my own lil sister out on the street. Everyone says to give her a few more months but we already extended the deadline once. 

TL;DR Agreed to let lil sis (23 now) live with my husband and I for free for 5.5 years until 1/1/19. That day has passed and she is still here and avoiding us.  I have scheduled to get the locks changed on Mon. Do you agree with my family and friends that I can't kick out my own sister? AITA?",4,31,8,1,2,44,0.2727272727272727,0.7272727272727273,0.7-0.8
ax0eou,AITA for pushing a mentally disabled child in self defense?,"So I wasn’t defending myself, it was my dog. I was walking my young cavachon and we had stopped in a park to rest. He was still attached to the lead, and there was no signs forbidding dogs coming into the park. A severely mentally disabled child approaches me and reaches towards my dog. My dog is not good with strangers (only men for some reason, god knows why) and he jumps back. I start looking around for the kids mom but there’s about 50 different white women and I have no idea who to look for, so I take my dog and sit at another bench. The child follows, and I’m beginning to get annoyed so I decide to leave. He then suddenly pets my dog from behind which spooked both me and my dog. Eventually, he started squeezing him and my dog started yelping. In fear for my dogs safety and the kids (in case he tried to bite) I pushed him, unsure of what else to do. He fell back (not my intention) and bursts into a fit of tears. His mother appears out of nowhere and starts inspecting him and holding him. I get dirty looks from all angles. I know the kid had no idea what he was doing, but I still feel I had to stop him before the situation escalated. Am I the asshole?

TL;DR I pushed a disabled kid who was hurting my dog (unintentionally) and he fell and cried.",5,31,7,1,1,44,0.2727272727272727,0.7272727272727273,0.7-0.8
b0xl6m,"AITA for not wanting to date my Special Ed classmate, then telling him off for asking me out?","First post, and on mobile, so sorry about that! Also this story is long, but I'll try to keep it short.

To sum up the 'special Ed"" part, this guy's been in special education class for most of his life and was put into normal classes only recently. He has trouble controlling his anger and doesn't always understand the flow of conversation, meaning that he sometimes cut people off, regardless of whether they were talking to him or not. He also says things that are very private or embarrassing to others and thinks it's funny. I find it annoying, but I know he can't control it.

I had a boyfriend at the time, and I told him so. Despite this, he proceeded to ask me out. I played it off as a joke and rejected him as softly as possible. He didn't take it very well and was pissed. I tried not to think much of it for the rest of the day.

I later broke up with my boyfriend for reasons that could probably be given its own post. As soon as this guy hears about it (same day) he asks me to homecoming. I tell him no, this time explaining that I just wasn't ready for a relationship and that I didn't want one. Didn't take that well either and started to cry. One of the staff had to take him because he wouldn't get up when the bell rang.

About 2 weeks later he asked me out a third time, and I was so done with it. I exploded on him, telling him to stop asking me and that I would never date him. It was so mean and harsh, I know, and I feel bad looking back on it. He was furious and left.

He still tries to talk to me and once started to ask, but I stopped him and left.

Was I too harsh? Should I have given him a chance?

AITA?",9,29,3,3,1,44,0.2727272727272727,0.7272727272727273,0.7-0.8
b152tj,AITA for getting a sex doll?,"I [26m] have been dating gf [25f] for 4 years now, living together for 2. Generally, our relationship is pretty good - we rarely fight and our life together is fulfilling in all aspects except our sex life. Like most relationships, we started off having sex once a day, but that quickly tapered off. Around the 6 month mark she informed me that she does not enjoy sex that much, and would prefer it to occur around once a week. I would like it to be more frequent than this, but I respected her wishes and I generally initiate once a week. 

However, throughout our relationship she has enjoyed using her vibrators/dildos without me (yes, I have asked to use it on her and she has turned me down) 3-4x a week. I don't have a problem with this necessarily - of I course I wish she was using that energy with me, but I get that sometimes people can be in the mood for masturbating and not sex. I watch porn regularly and she doesn't like it, but hasn't explicitly asked me to stop. 

That leads us to the issue -  recently, I purchased a sex doll for my own use. It has a face, but it is clear that it is not a real human. I enjoy it more because, for me, it feels more real. However, gf freaked out and told me to get rid of it. I feel like this isn't fair to me - I spent a good chunk of money on it and its not exactly returnable, and to me it seems like its basically the same as the toys she uses. After all, she has a dildo and it certainly isn't shaped like my dick. 

AITA for not wanting to get rid of this? (For the record, I'd much prefer to not use it at all and just have sex with her, but again, she doesn't want to)",13,33,3,12,1,61,0.26229508196721313,0.7377049180327868,0.7-0.8
a80toh,AITA for wanting my parents to including my wife's last name and to use our son's actual last names?,"So, when my wife and I got married she wanted to keep her last name for personal reasons. I had no issue with this and, as far as I knew, neither did my parents. Our two sons have both our last names hyphenated. However, when we receive anything from one of my parents (they are divorced so it's separately) it will be addressed to the family as just my last name and nowhere is hers listed. My father also never uses our sons full last name and uses my last name as a nickname for our oldest. This has been going on for many years and it really bothers my wife as we have been married for twelve years at this point and they are both fully aware of our names. 

Anyway, we recently got a Christmas card from my dad and it was addressed using only my last name as the family name. So I decided to just directly address the issue and called him. He seemed to be upset that I had asked him to include my wife's name and to use our sons full last name. He also said that now he would need to return a gift that he got us which was a customer tree ornament that had the family name on it (just mine and not hers or hyphenated). It turned into a bit of an argument and then what seemed like an annoyed apology. Then I call my mom and it went very similarly but she ended up crying.

I feel like this should not be that big of an issue for them to acknowledge her name or our sons proper names when referring to our family but apparently it is. I don't think I'm being an asshole... Am I?

TL;DR.  Asked my parents to include my wife's name and sons hyphenated last names and made my mom cry.",48,178,22,19,5,267,0.26217228464419473,0.7378277153558053,0.7-0.8
aymyuw,AITA for saying it’s pretty fuckin’ straight for my girlfriend to date me?,"I definitely did fuck up to some degree and I’m overall trying to fix the situation, but I feel that I’m not entirely in the wrong, at least, and want some strangers to either validate me or tell me I’m being a little bitch. Anyway

&nbsp;

So yesterday, my girlfriend, who is bi but not out to many people, sent me a post about a gay weekend at a ski mountain she’s gone to a few times and was jokingly offended she didn’t get an invitation. I called her “hella gay” and she agreed. In order to continue the joke, I then said that she was dating a man (me) which is pretty fuckin’ straight of her. She said “are you kidding” and then said she didn’t want to talk to me, before actually being unable to talk due to work. 

When she comes back I call her a pet name, and she tells me not to call her that. I apologize, use another, only to be told not to call her anything, to which I apologize again, not only for using pet names when she’s not in the mood but also for previously upsetting her. I do, however, say that I was just trying to make a joke, and she goes into how she thought she could trust me in talking about her sexuality with me and how I have never called her straight as a joke before, and it hurts because while she’s fine with hella gay being that gay is a blanket term, being called straight reminds her of people who say bi people in straight relationships are just straight. I repeat that I was just mocking that behavior, and say that I had previously made the exact joke, and recently. She says she doesn’t remember, so I find a screenshot from the weekend where she said she felt gay and I said “and you find me hot? That’s pretty fuckin’ straight” to no ill effects. She then said “fuck you” and “you always have to be right” before telling me not to talk to her. 

I oblige for a bit, then text her a paragraph of apology which she responds by saying she can’t forgive me until I apologize in person. 

So reddit, am I the asshole?",15,30,4,24,0,73,0.2602739726027397,0.7397260273972603,0.7-0.8
9vozyl,AITA for hitting a women?,"Little brother died because a drug dealer sold him Fentanyl instead of heroine. I’ve been looking for this guy for ages, with the intent to seriously hurt him. 

It wasn’t a guy the entire time, but a GIRL WHO SOLD IT TO HIM. She was aware it was Fentanyl, but said that she doesn’t care who dies if she gets her money. I punched her in the face. Literally. 

Normally, I wouldn’t care and I wouldn’t be asking if I was an asshole or not, except that this was a women I hit, instead of a man. If it had been a guy, I wouldn’t have an ounce of regret in me. Fuck him. 

Only regret because she’s a girl. If it had been a guy, I would have beaten the shit outa him. Instead I punched her in the face, pushed her, and left. I feel like I’m definitely an asshole, but at the same time, I don’t think she suffered enough. ",51,144,0,3,0,198,0.25757575757575757,0.7424242424242424,0.7-0.8
ad9ycy,AITA for making a girl cry by calling her fat when she was roasting me for being skinny?,"Context: So a couple of girls in my college friend group have a roommate called “Jan”. I am acquainted with her and we never really had any problems, we actually made quite a good beer pong duo. I’m a tall and lanky guy at 6’1 and 155lbs. Jan is a white chick on the heavier-side.


Recently, we had a watch party at Jan’s apartment for the Michigan Football Bowl Game where our friends were all having a good time getting pretty tipsy. My buddy and I were talking about whether our QB should declare for the draft or return. I said “I sure hope he comes back, Dylan (our backup QB) is still young and is still pretty scrawny.” 

Jan has a huge man crush on Dylan and didn’t appreciate that I called him skinny. 

This caused her to go on a drunken tirade saying “what makes you think that you can call him skinny when you’re literally built of twigs?” “You would die playing football. Tbh I don’t think you could even lift a helmet!” 

At first, I took it on the chin, had a chuckle about it, and poked back a bit. I usually got my leg pulled about my physique but I never took it personally. Until she started making it personal.

“Look at you, you’re like one of those starving African kids on those TV commercials”  (I’m brown but not African)
“That’s why Dylan is a chick-magnet and [my ex] dumped you. You look malnourished”

She kept going and now I was beginning to boil. I wasn’t even responding at this point, just biting my tongue. But then I snapped.

Her: “Go lift some weights. It’s okay no one will judge you if you can only curl 5 pounds.”

Me: “If you could tell me what your current diet is, I’m sure I’ll put on weight in no time.”

*silence*

Her: “What are you trying to say?”

Me: “I’m saying that if I’m a malnourished African then you could be on The Biggest Loser. And I’m pretty certain you wouldn’t win.

Her: No wonder [ex] didn’t want you. Go fuck yourself.

Me: And no guy wants you. The last dick you got was Moby Dick. Fucking whale.

At this point she was in tears, make-up running and everything. Her chick friends helped her into a bedroom to comfort her while looking back at me with a death glare.

Since this was at Jan’s place, I figured I should leave (Michigan was getting slaughtered at this point anyways). I finished my beer and left. I got a FaceTime from one of friends who is Jan’s roommate. She urged me to apologize because she was just playing around and I went too far. I didn’t feel that way and I don’t want to apologize.

Am I the Asshole?




",57,897,257,18,2,1229,0.2554922701383238,0.7445077298616762,0.7-0.8
b92sj7,AITA for punishing GF for not realizing her actions were innapropiate.,"I (26 M) am in a relationship with my gf (21F).  The relationship has been mostly good.  She's a gem, super fit and athletic, sex is great, shes really smart.  I have a very good paying and stable job while she is a junior in university.  I love her a lot.  She also comes from a poor and abusive family.  She has a athletic scholarship for tuition (soccer) but lives with me and relies on me for spending money and other expenses. 

  
Recently we have had some problems.  The soccer team has this weird ball/formal dance with guys soccer team.  She gets matched up with a random soccer dude and they go to the dance together.  This isn't a problem but the way she described it is a problem.  She basically said it's supposed to be a crazy night and asked for a one night pass from our relationship.  I said ""no"" very firmly.  I told her it was offensive and innapropiate to even ask and I'm shocked it crossed her mind.  She got defensive and said she's still in college and all she wants is one night to go wild, but I stood my ground. 

&#x200B;

I then told her I don't want her going to this ball at all, because she won't committ to me that she won't go wild after.  She said ""no, this is a important team bonding exercise"".  In response I cut off the money I gave her and informed her we won't be going on the european trip this summer.  I also said she cant live with me until we resolve this issue. She now has to live at her house with he family who is abusive verbally.  One week later she called and asked if she could move back in and have her allowance back, I asked if she was still going to the event and she said yes but she wouldn't try to have sex or anything that night.  I said I would think about it.  My friends say I'm being a manipulative ass whos taking advantage of a pretty college girl with no money.  AITA reddit?",80,124,291,0,6,495,0.7494949494949495,0.7494949494949495,0.7-0.8
afcgl3,AITA for sleeping with married men as a sex worker?,"I'm an independent provider (its legal here) and recently I mentioned to a friend that two of my regular clients are married and in one case the wife is not aware her husband meets a sex worker. He seemed to think it was incredibly wrong to be taking on married clients if both parties weren't aware, and since then he's talked to me much less. 

I am completely against cheating personally, but I don't believe I am an asshole for taking on married men as clients. If they dont cheat with me they'll cheat with someone else, I don't flirt with them to try to tempt them to cheat, they have to contact me themselves, meaning they have clearly made a conscious descision. 

If I get an angry call from a wife who finds out about her husbands infidelity I'd feel sorry for her but at the end of the day it isn't my job to keep your husband under control. A couple of other providers local to me state on their page no married men, I suppose for this reason, but there are some marriages in which both parties are OK with another person being involved sexually. I see a man who's wife is in a wheelchair and cannot have sex, he sees me to get what he can't get from his wife and she is happy with that. 

Even if I put no married men, people would just lie anyway so it feels pointless to make this empty statement as it would just drive people to other providers. I know that sleeping with a married man is certainly morally grey, and I can for sure understand being an asshole to their wife, but I don't believe I'm an asshole in generally because of it. ",5,33,6,0,1,44,0.25,0.75,0.7-0.8
albepe,AITA for putting £5000 into my girlfriends bank account?,"We've been together for 8 months.
I'm very lucky and was born into quite a wealthy family and now work part time for the family business - earning around 65k per annum. I'm 20. 

My girlfriend is 21 and came from quite a poor family. She works like 70 hours a week in order to pay for her flat and education. She only earns about 16k-20k per annum as it's a minimum wage job. 

Everything she owns, she works very hard for. But, we argue about money sometimes. For example, she will never let me pay for dates or holidays - always insists to go half or refuses to accompany me on holidays if she can't afford it, despite me offering to pay her way. 
She sometimes tells me that she worried were too different in how we were raised because she is very minimalist whereas I have a lot of ""stuff"".
I admire her determination to get somewhere by her own terms and not relying on others but j wish sometimes she would accept my help. 

She passed her test last week and is looking to buy a car for under £500. But, I want to treat her and Sonia took her to a car dealership and showed her a 2018 car that i wanted to purchase for her, she said that she appreciates the offer but really doesn't want me to buy her a car. She says if she gets a car, she wants the satisfaction of knowing that she paid for it herself. 

Anyway, last night she fell asleep early and I found her bank card, transferred £5000 into her account with the reference ""you deserve it"". 

She found out this morning and got really mad. She said she was sick of me trying to push money on her, she says that she wants to earn her own money. She also said that I think everything comes easy in life but for people like her, it doesn't. She told me I needed to stop and demanded to send the money back to me but I wouldn't give her my details. 

AITA for trying to help? ",36,4,0,8,1,48,0.75,0.75,0.7-0.8
b6s271,AITA For telling my boss her MANDATORY meeting was offensive and undervalues her employees?,"TL;DR: My boss scheduled a mandatory meeting for all employees, that was an hour long. I tried explaining to her; that's bullshit.

&#x200B;

So I'm a manager at my office and my boss, Operations manager for the entire business, sent out an e-mail earlier in the week that all employee's (aprox 15) MUST attend a hands-on training class, instructed by her, in the afternoon Thursday. If we are not able to attend we MUST re-schedule with her ASAP.

&#x200B;

OK... It's my day off, but I'm punching in and getting paid for it, so oh well.

&#x200B;

The meeting was an hour an 20 min long.

&#x200B;

The 11 that showed up, because the other 4 were actively on duty, were pretty annoyed, some absolutely pissed and texting me the moment they left the building. After everyone left, my boss asked how the meeting went. I told her that the information was quality and this meeting was necessary given we've hired some new people and it's good to keep everyone on the same page. However, I live 45 min away. Some employees further. Scheduling a mandatory meeting on a day that works best for you, without asking about any ones availability, and knowing said meeting will take about an hour is offensive and inconsiderate of your employees lives outside this building.

&#x200B;

She was taken aback. Went immediately on the offensive with, ""You think this was a waist of time!?"", ""This matter NEEDED to be addressed."", ""What does it matter how long the meeting is, you're still getting paid!"", ""So all that matters is your paychecks, huh?""

&#x200B;

I did my best to keep calm and explain to her that if you are going to make your employees drive from home, or another office, or from school, or stop WHATEVER they were doing, that was not this job, to be here: It must be worth their time. Just being 'punched-in' is not enough. There's a balance to knowing that an employees time, outside of work, does not go by their hourly wage. By saying, ""It doesn't matter if the meeting was 10 min or 10 hours,"" shows that you do not value your employees time or their personal lives. And that is a very big problem.

&#x200B;

We argued a bit before I told her that I had to go. But am I the asshole for telling her all this? I'm asking because now the CC'd emails haven't stopped...",8,29,2,1,3,40,0.25,0.75,0.7-0.8
b7e7to,AITA for refusing to eat Chick-fil-A,"My in-laws are both semi-religious, moderate conservatives. They are visiting from a small town about an hour an a half from where I live. My MiL has been excited all week because she would be able to eat from Chick-fil-A that is 2 blocks from my house when she came to visit.

This would not be a big deal except she wanted to treat everyone to lunch. I explained that I am unwilling to eat from there because I do not support the organizations they send large donations to.

She was taken aback and respectfully asked what those donations were. I explaned about Chick-fil-A support of anti-LGBTQ groups which led me to having to explain what LGBTQ meant. She continued to press and asked me to just ignore my conventions and eat with the family.

After they left to get the food my wife told me they thought it was odd I wouldn’t eat there and made minor jokes about my liberal ideologies while I was in the other room.

When they came back,I did begrudgingly let my son eat the food the bought but I respectfully refused.

So am I the asshole for making the lunch that my MiL waited all week for somewhat awkward? Conversely I am an asshole for partially giving in to my convictions and letting my son eat the hate meal?",38,81,3,43,1,165,0.24848484848484848,0.7515151515151515,0.7-0.8
b4xpvz,"AITA for cancelling a date because of an ""innocent"" question?","I've been talking to this guy for a few weeks and we hit it off immediately. We even had a short coffee date during lunch break, and we were on the same vibe. He was funny, charming, similar sense of humor. Everything went great. I should add that we had sex talks as well, discussing kinks and stuff. 

So we decide to have a real date and then he asks if I'm on birth control. I think a few hours and cancel the date. He was confused saying it's just an innocent question, unlike all the stuff we talked about before. And we were both hinting that we will have sex on the first date, so what's wrong about birth control question?

My reasoning is this: if a guy is about to have sex with someone he just met, he MUST be jumping out of his way to use condom. It's a MUST no matter how many times we flirted dirty. And if he even thinks of not using a condom with a girl he just met, that means he was likely to do it before, which means he is at a much higher risk of having an STD and I'm not cool with that. 

I don't trust people who even entertain the idea of having sex with a person they don't know without a condom. I can't risk that even if he ends up using a condom. Doesn't matter that we discussed the sex positions or what we like in bed. I want to feel safe and I don't feel safe even if he thinks of not using a condom on a first date even for a second. 

Hope I explained my reasoning well. Question is - am I the asshole for that line of reasoning? ",43,9,0,5,1,57,0.7543859649122807,0.7543859649122807,0.7-0.8
b157kk,"AITA for not staying at a more expensive hotel, thus ""ruining"" the family vacation?","On mobile, standard formatting apology and all that.

A few months ago, my family (mother, stepfather, brother, and stepsister+husband+kids) decided we would take a family vacation to a popular theme park. I do not know stepsister very well (but i do like her and the family) and this is the first vacation we will be taking together. I made it very clear during planning that my family (spouse and child) would not be able to front $500+/night for a special hotel, but that our price point shouldn't stop others from staying at said hotel as we're all going to end up at the same place during the day anyway. We proceeded with some minor planning and i decided it would be best if my family stayed across the street in a cheaper hotel. I made that very clear as well.

As the vacation booking is getting closer, my stepsister and parents have decided they would like everyone to stay at the more expensive hotel because it keeps the family (especially the young kids) in one place, and expensive hotel is where stepsister and family/parents would like to stay. I told them i would love to, but we really can't make that work financially. I was pleaded with a bit, but eventually everyone backed off when i think they realized that no, i wasn't just being ""stingy"".

Yesterday, i received an offer from stepsister that her family would pay the difference so we could stay in the nicer hotel with them to keep the young kids together. The difference is at least $2,500. I nearly shit myself. $2000 is about what we're paying for the entire weeklong trip. I barely know them. I know they are well off, they've bought my child expensive gifts in the past, but certainly didn't expect this. It's clear this is a ""no strings attached, we just want to have you come along"" type of offer. I stammered a very polite ""oh thank you so much, but we couldn't possibly accept"" type of response and left it at that.

This morning i get a call from my mother who says ""stepsister said they offered to pay for you to stay at super expensive hotel and you said no, so now we all have to stay at your poor person hotel so the kids aren't separated"" (paraphrased, but know that is the gist of it and my mother is truly an asshole). I explained i was uncomfortable with accepting that much money from them, and that it shouldn't stop the others from staying in a different hotel. She told me i was ""ruining everyone's vacation"" and that i should be ashamed of myself. Spouse says that if the tables were turned, we would offer them the money as well and not think anything of it, so we should accept. I haven't gotten a chance to see stepsister (I'm seeing her this weekend), but I worry she will be resentful for making them feel like they can't stay in the nice themed hotel because we are not as well off.

Now my parents are mad at me, because i'm ""too prideful"" and apparently forcing everyone to stay at the Cockroach Inn where they'll be drugged and kidneys stolen.

AITA?",12,33,2,11,1,58,0.2413793103448276,0.7586206896551724,0.7-0.8
b3qjpr,AITA for not getting my son baptized?,"I have a 1 year old son, but I’m not with the father anymore. His dad is wants to get him baptized in a Catholic Church, and I disagree.

First off, I’m not religious whatsoever. I went to church when I was younger and I always had a hard time believing in God and religion as a whole. I find it really cool that people can believe in something that it has a powerful impact on their lives, but it’s just never been for me. My son’s dad has never been very religious either. He never goes to church or anything like that, however his parents go to church and all their other grandchildren are baptized. I feel as if he is being pressured by his parents to get it done.

A couple weeks ago he told me he is planning on getting our son baptized. I told him that should be a decision both of us make. He told me that he needs to be baptized and that he knew I’d disagree. I would never not allow my son to be religious if that’s what he would like, and I’d never discourage him from getting involved in church, but I want him to be able to make that decision on his own. I told his dad that if he gets older and he chooses to get baptized then fine, but I disagree with doing it when he’s so young that he doesn’t even understand what it is. 

I’ve asked a couple people what they think and I’ve gotten mixed reactions- some people think it’s reasonable, and others think that I’m being too harsh by not allowing his father to make this decision and that it’s not even that big of a deal to get baptized.

Am I in the wrong here? Should I just let him get baptized and let it go and let him make his own decision to stay in the church when he’s older?",18,37,2,26,2,83,0.24096385542168675,0.7590361445783133,0.7-0.8
ba7ud3,AITA for expecting my daughter to be the best at something?,"My daughter, let's call her Ellie, is 15. And it bothers me and my wife that she really isn't *into* anything. Her grades are average, and on top of that she does nothing at home aside from watching Netflix and being on her phone. She's not involved in anything, inside or outside school: no sports, clubs, art, music, anything. And my husband and I want her to be the best, or at least good, at something. The what doesn't really matter- it could be playing a sport, painting, debate, playing in instrument, math competition, writing, whatever. But we want her to be good at something, because currently she's basically aimless and has no hobbies other than tv and her phone. And we don't like that. 

We've been introducing her to everything we can- a bunch of sports, art stuff, instruments, etc. But she doesn't want to do anything and called us 'controlling'. I see my husband and I as the opposite. I'm not saying, 'you have to play tennis, like me', 'I was in the orchestra, you have to be in it too', or anything like that. We're letting her essentially choose whatever she wants to do, as long as she *does* something and is good at it. Because doing nothing isn't acceptable to us.

Aita?",77,18,2,7,5,104,0.7596153846153846,0.7596153846153846,0.7-0.8
b2nt21,WIBTA if I took my daughter to get her hair dyed against my wifes wish?,"So, my daugther will be turning 17 in a month and wished to dye her hair turqouise/blue for her birthday.
I honestly don't see a problem with that, hair dye is temporary and she's old enough to decide what she wants to do with her hair.

Well, my wife disagrees. She thinks it's a sign of teenage rebellion - I told her I doubt that since my daugther asked us if that would be and acceptable present - and is worried people will think she's ""rowdy"" and that our family will look like we have problems. 

I tried to talk it over with her, but she thinks it'll result in her grades getting worse and her slacking of in general. (I really don't see the connection.)

I love my daughter and know how badly she wants to dye her hair, so would I be the asshole if I just took her to get her hair dyed for her birthday?",15,76,18,30,4,139,0.23741007194244604,0.762589928057554,0.7-0.8
aza3f1,AITA for calling an older black guy out on his hate of my breed of dog and comparing it to racism?,"I was at a huge parade today with my dog who is a pit bull type breed. We were sitting on the sidewalk away from the crowds working on sit and down with distractions like other dogs/people and many loud noises. 

An older black man opened his door about 5 feet from us so I got up and stepped another 5 feet away saying something like “sorry sir he’s friendly” the guy said “ that’s a pit bull, I don’t like them, they can’t be trusted!” to which I responded, “isn’t that like me saying I don’t like black people, they can’t be trusted?”  He looked surprised and backpedaled saying “I only like little dogs” I then said “I’m sorry you feel that way” so Reddit am I the asshole? ",46,14,0,0,0,60,0.7666666666666667,0.7666666666666667,0.7-0.8
ax75vx,AITA for sticking up for an ex instead of my girlfriend?,"Throwaway. My girlfriend are in a huge/ potentially relationship ending argument. I need to know if ITA. 

I’m in a very LDR with basically the girl of my dreams. Absolutely beautiful, smart, driven. Things have been great despite being a several hour plane ride away from each other. 

She came to town, and I was so pumped to introduce her to my friends. They threw a party, and while on the way, GF randomly asked “are there any girls I should be worried about” This is probably where I fucked up,  but I explained that a girl I used to see will likely be there. Explained that we were supportive of each other during our respective divorces, and we hadn’t seen each other since well before I met GF. I was asked if we ever slept together. I said yes, because...we had. Also important to say that we never told out mutual friends about our fling, it wasn’t a big deal. 

Everything started out great. Everyone was so welcoming to gf, including ex who was there with a new guy. 

GF gets drunk and made a comment about single moms dating being weird, almost directly have ex mentioned  her children. She randomly asked why she divorced ex husband...in front of everyone, and then asked, again in front of everyone, where we had gone one dates. I was honestly so surprised. So was everyone else. 

I apologized to ex and her guy as they were leaving, and she said “no worries. Play 23 year old games, win 23 year old prizes” (were all in our 30s) and gf heard this and sobbed in the bathroom for the rest of the night. She was so devastated that I did tell her that was out of line; however, I feel like nearly everything gf said to her was out of line. 

We got into the biggest argument about how I didn’t have the decency to stand up for her. I told her honestly, I should have stood up to ex when gf relentlessly tried to embarrass her, and she can’t be surprised at a little passive aggressiveness after the way she acted. 

She’s now back on a plane, and we will discuss further once she clears her head.

Am I the asshole?",48,397,73,8,6,526,0.2300380228136882,0.7699619771863118,0.7-0.8
b3en34,AITA: I dont think its appropriate for someone in a relationship to hangout with a single person of the other gender.,"I was having a conversation with some friends and I said that I wouldn't be ok with my wife meeting and hanging out with a guy thats single 1on1 (I still wouldnt like the fact if he was married as well) . I feel as though its inoppropite being in a relationship. Its not too serious of a matter because my wife agrees (being the roles be reversed), but my friends turned their noses up at me and I wanted an  judgement. ",55,9,0,7,1,71,0.7746478873239436,0.7746478873239436,0.7-0.8
alp1t2,AITA For keeping guns in my vehicle that were discovered by my nosey coworkers?,"This happened monday, fresh off the weekend and its been annoying me ever since. I am being treated like im in the wrong in this situation so lets see what you guys think.

I drive a 2018 Range Rover with plenty of interior space. As such I keep three guns in my vehicle at all times. I keep a Glock 19 in my glove box, a .38 snubnose in my drivers side door, and a brand new V3 Tac 13 shotgun under the back seat.

I also keep some other weapons and gear under the seats and in the side doors and trunk. I keep these for my own reasons and never bring them inside my office. I live in a metropolitan environment that is not friendly to weapons.

Two workers who I am on good terms with ask me if I would eat lunch with them. I agree. As we're leaving my coworker says he parked on the roof of our parking garage (he arrives late constantly and is unable to park in a desirable spot. This angers me to say the VERY least as he invited me).

They suggest using my Range Rover as it has generous amounts of leg room even with my equipment and is just a nicer vehicle in general.

I agree. One coworker sits in my front passenger seat, the other sits in the back. My coworker compliments my car which I enjoy. However he is very touchy and opens my glove box, revealing my glock 19 as well as my knife, and documents which spill on the floor. I slam the glove box closed and tell him not to touch things in my vehicle.

The ride is mostly silent, until i see my other coworker in the back seat nudge my concealed shotgun with his foot. He also turns his head and looks in my truck and starts asking me about my gear. I keep my camera and emergency roadside tool kit in there, along with some other less than lethal equipment.

He starts asking me about them and i give him the silent treatment for a few minutes before telling him to not look into my trunk.

Lunch was terrible. Overpriced and they couldnt cook a steak properly. As a gesture of good will i pay for said lunch.

Later i was asked by my boss if i am bringing weapons into the workplace, which im not. They ratted me out. The parking garage is building property and all equipment, be it shotgun, revolver, or tazer is locked securely in my Range Rover.

I feel like my privacy was invaded, and that i am not in the wrong here despite being brought aside by my boss. Am i the asshole?",57,21,17,0,3,95,0.7789473684210526,0.7789473684210526,0.7-0.8
b5qn7s,AITA for letting the football(soccer) team I coach win 19-1?,"To preface, I coach an U15's boys Sunday League football team in the UK.

Over the weekend we played another team and proceeded to win 19-1. Today I received an email from the coach of the other team. He stated that we exhibited unsportsmanlike behaviour by allowing the score to get so big and that one of his players was considering quitting football due to the result.

To give some more details, at no point during the game did he ask me to take our foot of the pedal. In addition I took both of our strikers off with 20 minutes to go (they had 6 goals each at this point) to let the Centre Backs have a go up front. 

Obviously I feel bad that some of his players felt disheartened due to the result. However I have always distilled in my team that they should treat the game as if it's 0-0 at all times. He also never asked for mercy during the game and seemed like a good sport about the result at the final whistle. Had he asked I probably would have told my players to go easy on them from that point.

So AITA for letting the score reach 19-1?",43,153,3,10,5,209,0.22009569377990432,0.7799043062200957,0.7-0.8
aqj7lg,AITA for calling my black friend the n-word?,"So for context's sake, I'm a 2nd gen Asian-American who has a black friend - we'll name him John. We're on pretty decent terms until there was a conflict recently. 

It's pretty rare that it escalates to the point where we were, so I was really taken aback when John said that I was a ch*nk and should go back to China. And how my family would eat his dog.

So I called John the n word and told him to go back to Africa. I did realize as I said that I shouldn't have said it, and realize what I said was incredibly harmful and racist, but I cannot help but feel that it is justified.

AITA here?",3,11,40,1,0,55,0.7818181818181819,0.7818181818181819,0.7-0.8
b1lt0q,AITA for telling my wife to go to the back of the line?,"My wife has a habit of doing this and I've told her in the past that  it makes me uncomfortable so today I stood my ground. When we finish shopping at the grocery store, we will get in line and after a while she wanders off and starts picking up more stuff (mind you it's usually just one or two items, not a whole cart full). I'll be at the self checkout ringing up the purchases and she will walk past everyone in line and add her extra stuff to the cart. Today I told her to put it back or go to the back of the line. As far as I'm concerned it's cutting, I get upset when other people do this and I feel like a total hypocrite when I let her do it. She told me I was being irrational and that nobody cared. I told her that it didn't matter and I wasn't going to help her cut, if she knew she wanted to grab more things then she should have done it before announcing that she was all done and ready to go. It's a minor issue, we didn't get into a fight and she took the item (a tray of muffins) back. But I'm curious what others take on this is. AITA?",131,21,9,18,2,179,0.7821229050279329,0.7821229050279329,0.7-0.8
anyom1,AITA: Newlywed husband (32M) wanted to wait til marriage for sex and just surprised me (27F) with micropenis on the honeymoon.,"So, we only dated for six months. We've been engaged for another six and just got married on Saturday. I literally just got back from my honeymoon a couple hours ago. My husband isn't a religious guy, he just says he is ""old fashioned like that."" We got close to fooling around a couple times but it never went far. I tried, but he always stopped after it went ""too far"". Anyway, fast forward to now...

Am I the asshole for reading into this and being upset that I waited until my wedding night to find out that he probably isn't as ""old fashioned"" as he says he is?  I'm not going to shame him and honestly I don't even know how I'll broach the topic (and I'm not seeking advice). I honestly just acted like nothing was out of the ordinary and went to town with him, but...I dunno. I kind of feel lied to. Like a halftruth...or something was intentionally withheld from me. This was unexpected, to say the least. And if you read this far, thanks for your time. ",39,284,50,38,23,411,0.21654501216545013,0.7834549878345498,0.7-0.8
aeokcg,AITA For Wanting No Military Uniforms At My Wedding?,"My SO and I are ready to make our 5 year relationship official.


A bit of background, we met online and were long distance for 3 years before spending 2 years together travelling back and forth. We are planning a K1 visa and are ready to start the 90 days this year for a September wedding.


His BIL was in the Marines 8 years ago and always wears his uniform to special occasions. I straight up said I would not allow this as this Wedding is a celebration of love and committment and not a ""oh you fought for the country."" I would prefer if we kept any type of war, fighting, negativity away from our day. 


His BIL is causing a fuss, and as you can tell im not from the US but my husband to be has my back on this. This day of ours, we want it to be about love and us. Even his wife is rolling her eyes.


AITA for not understanding his BIL's uniform? 


",93,402,13,18,5,526,0.20152091254752852,0.7984790874524714,0.7-0.8
akgmre,AITA for being mad at my husband for telling our son not to listen to women??,"I was/am outraged at what I heard my husband say to our 15 year old son about a week ago. Our son has started dating and he’s been coming to me for advice since his dad is on the road for work a lot. He was home last week when he was telling us about how he bungled things with the girl he was talking to. 

I told him basically to move on and reinforced the advice I’d given him before about being respectful and polite.

As I left the room he asked his dad what he thought and his father said, “never listen to what women say. Just pay attention to what they do. Your mother will tell you things because she thinks they’ll work, but trust me, it’s better to just watch how they behave and change your behavior based on that.”

This struck me as being incredibly sexist and dismissive of not just what I said but if who I am as a woman. What about our daughters??? I feel like this was an awful thing to reach our son but my brothers and my dad all laughed it off and said he was right.

Am I overreacting or is my husband actually the sexist asshole?",15,45,2,24,2,86,0.19767441860465115,0.8023255813953488,0.8-0.9
auj822,AITA for giving a waitress a big tip?,"Right now, I'm seeing a woman in a fairly casual situation. I'm 27 years old and she's 25, and the incident I'll talk about happened on our third date.

On Saturday night we went to a gourmet burgers and fries place (think Pulp Fiction John Travolta/Uma Thurman car in the wall joint) for my birthday dinner. It was her choice and I thought it sounded like a grand idea, as corny restaurants are always a blast. A while after our burgers came the waitress paid us the typical ""how is everything"" visit, and stuck around for a short chat after. During the course of our talk I ended up mentioning that it was my birthday, and she told me that it was hers too. It was a nice little coincidence and we all seemed to get a kick out of it.

Eventually our waitress excused herself. After we finished eating we ordered a couple of shakes, at which point the waitress and I nicknamed each other ""birthday girl"" and ""birthday boy,"" respectively.

Our check came, and to my surprise my date didn't make any indication that she was going to pay. I didn't raise a stink about it of course, and I didn't think it was exactly a huge deal. I thought it was normally for the non-birthday party to pay on someone else's birthday, but again, different people may be used to different things.

I checked the bill and saw ""Happy Birthday!"" written at the bottom with a cute smiley face. I put in the cost of the meal with a standard tip, and we got up and put on our coats. At the last second I told my date to hold on a bit, opened the bill back up, and slipped in another $100. I wrote with the provided pen ""You too!"" next to her message. My date noticed this and gave me a sideways look.

In the car I asked what she wanted to do next, and she gave me the silent treatment, just kind of sighing and looking out the window. I figured it had something to do with the tip I gave the waitress because that's when she started acting like that. I asked what was wrong and she just responded by settling deeper into the seat. The next few minutes were completely silent and I just started heading towards her house.

She abruptly blurted out a bit later that I was wasting my money and she couldn't believe I was so irresponsible. I asked her what was wrong with giving $100 to our waitress for her great service, and she said that I should have spent the money elsewhere, or at least given it to a deserving charity. Again, I reiterated that I felt it wasn't a big deal, and couldn't get a decent answer out of her.

I took her home and without a word she just stepped out of my car, walked to her front door, opened the door, and walked without even turning her head back. Last night she texted me saying that I overtipped the waitress and asked how I felt about giving the waitress $100 when I haven't given her (my date) a single gift yet. I haven't responded and it is kind of keeping me up. 
",19,208,30,8,5,265,0.18490566037735848,0.8150943396226416,0.8-0.9
agkk9x,AITA for wanting my daughters to learn how to fight against my wifes wishes?,"AITA I want my daughters (4 and 2) to learn Krav Maga and/or Judo when they are around 7-10 years old. I want them to learn martial arts for the self defence and mentality. Personally have training in a vareity of martial arts for nearly a decade and have seen the benefits of training and the value of said benefits in legitimate self defence. My wife doesnt want the girls to learn how to fight because she doesnt want them getting hurt or becoming aggressive to each other. 
When I bring up the topic of the girls needing self defence in case of sexual assault, rape and kidnapping she seems to take a frankly mind boggling stance that we should ""teach men to not do that""  I tell her she is naive and needs to face the reality there are monsters out there and I want to girls to be able to fight back/ defend themselves. I have already started guiding the oldest one by having special ""movie dates"" where we watch Bruce Lee movies and even some of the classic hall of fame boxing matches with big bowls of popcorn and then play fight and rough house as much as possible.
My wife has confronted me and said I am going to hurt the girls and potentially give them the idea that fighting is an acceptable playtime with other kids and I deliberate do it to spite her.
So AITA?",7,47,6,12,1,72,0.18055555555555555,0.8194444444444444,0.8-0.9
b9urvm,AITA for touching my ex's baby belly,"My ex and I split when she was 10 weeks pregnant. We have been on very good terms and have met up several times to work out issues of custody and how we want to raise our child. 

The last time I saw her, she was really showing (34 weeks). As we were leaving, we hugged and I felt a pretty strong desire to bond with my child, so I put my hand on the bump so I could connect with him/her. She swatted my hands away and stepped back from me and told me not to touch her. I tried to explain that I was just trying to bond with my kid, and she can't understand where I'm coming from because she gets to have this close connection with him/her and I am so separated from the baby right now. She wasn't hearing me and left. Then she texted me and told me we should work the rest of it out formally in mediation. I texted to apologize, but she isn't answering. AITA?",77,10,2,7,1,96,0.8229166666666666,0.8229166666666666,0.8-0.9
b1hhnb,AITA for refusing to help the addict who saved my life when I was using?,"I’m almost 28 and after some surgery I got addicted to prescription painkillers like oxy and Percocet. 

I eventually graduated to heroin and got clean when I was 26 but relapsed after only a couple months. At the time I was more or less homeless but me and this other guy “Jack” squatted together in this abandoned building for a little while. We looked out for each other and we always had Naloxone on us in case we needed it because the local needle exchange would give it out to known users in the city. 

I ended up overdosing after my relapse because I over estimated how much I could actually handle at that point and luckily Jack came back at the right moment and saved my life. 

After this, I have been fully clean for a little bit over a year now. I haven’t seen or heard from Jack for a really long time, I’ve moved into my own decent apartment, I have a decent job and I have always just assumed that he was dead by now. 

Well we live in a medium to smaller sized city so I guess I shouldn’t be too surprised that I would run into people I knew eventually. 

I was out going to my bank, which is in a sketchier part of the city, and I hear somebody call out my name. I turn around and it’s Jack. 

I can immediately tell that he’s super strung out and he goes, “Wow look at you. Guess you finally managed to get better.” 

I’m feeling nervous as fuck because I don’t trust strung out junkies because I was that strung out junkie not too long ago. 

He tells me that he has been trying to get sober for the past year but nothing has been working out. Then, as I expected, he asks me for help. He asks me if he can crash at my place or if I can help him out with some money to go to a rehab since he says that I now look like, “I can spare it.” 

I had nor do I have any desire to let an actively using heroin addict stay at my apartment. And I don’t want to give him money because I know for a fact that shit will not go to a rehab. 

I tell him that I don’t think I can do that for him but I wish him luck.

He says I’m a “fucking asshole” and that I’d be dead if it “wasn’t for him”. To be fair, he is right. I would’ve died without him. He then just spits at my feet and walks off. I left feeling pretty shook up. 

I thought at the time that I was making the right decision but I don’t know anymore. He did save my life and I could very well be in his position or dead instead of where I am right now. But I also don’t think I am ready to be around people like that at this point in my recovery. I’ve lost all of my family, who want nothing to do with me and my only friend left helped me get clean and I don’t want to drag him back into this world so I don’t have a lot of people to talk to about this besides my sponsor. 

AITA for refusing to help Jack? He saved my life but I don’t know what I can really do for him. 
 

",13,59,3,16,1,91,0.17582417582417584,0.8241758241758241,0.8-0.9
ase4kh,AITA for not accepting rejection?,"I'm cutting to the point, i don't like getting rejected. the moment a girl rejects me any relationship or connection we have is dead to me. I know its harsh, but it's the truth. Ever since I started being interested in girls, all they do is reject me or ""see me as a brother"", Im not interested in sticking around for that tbh. It happened to me last week, with a girl i thought I had a chance of getting with. It crushed me, and i blocked her everywhere. One of her friends went up to me a few days later and got in my face about how i'm immature and how I threw her away and don't value her.

I just walked away from her. I'm so fucking sick of this shit happening to me, rejection is fucking horrific at this point, and all I get for not accepting it is shit. I don't even lash out, i just do what's best for everyone and cut contact with them, and still I get shit on for ""not valuing them"" and shit. I just don't want to waste my time and energy on lost causes. Anyway, are they right? Am I an asshole who doesnt value girls?

Edit: didnt expect this huge reaction. apparently i'm an asshole because I think it's ridiculous for girls to expect friendship after basically shitting all ofer you, and that they are then entitled to ruin your reputation if you disregard them from that point on. I expected some blowbakc, but not such a united front against torturing yourself after already getting assfucked by rejection",126,21,1,5,7,153,0.8300653594771242,0.8300653594771242,0.8-0.9
aahkj8,AITA for not letting a young child cut in line and use the toilet?,"This happened years ago on a Ryanair flight and is obviously not a big deal, but to this day I wonder if how I acted was okay or assholish.

So I was sitting in my seat during the flight and got up to pee and change my pad (as - TMI - I was on a heavy day of my period and worried about leakage). I wait in line in front of the lavatory, 2 or 3 people in front of me already waiting as well. After 5-10 minutes it's finally my turn and I move to enter. 

Just then a little kid (4-5 years, maybe?) comes running down the aisle, his dad walking a few feet behind him, and kiddo tries to squeeze past my legs into the lavatory as I'm opening the door. I hold my arm out in front of the child and say kindly but firmly ""No, you have to wait in line like I did, it's not your turn."" Dad says nothing and I move into the stall and close the door. I felt like I was in the right because I had waited in line, I really had to change my pad soon or there'd be blood on my pants, and I thought I was being fair and polite letting the kid know why he had to wait.

Someone gives a few firm knocks on the door but I just say ""occupied!"" and quickly do my business. As I exit the restroom the dad and child are gone, presumably to use the lavatory in the back of the plane. A male flight attendant, however, is waiting next to the door and in a tone like he has to school an idiot says ""What you did was very rude, that was just a child, what if that was an emergency?"" In an admittedly snippy tone I replied ""What if it was an emergency for me too?"" and went back to my seat.

Does not letting a child go first automatically make me the asshole, like that flight attendant thought? I would've let kid and dad cut in line if they'd asked, and feel bad because obviously a child can't hold it in like an adult can, but because of the whole trying to squeeze past me approach, my gut reaction was ""no way"".",39,233,9,9,1,290,0.16551724137931034,0.8344827586206897,0.8-0.9
agoile,AITA for thinking my Wife's picky eating is selfish?,"So let me preface that my wife does NOT have sensory issues with eating, she does not have ARFID because I realize that is a REAL issue. 

Let me preface this that we've been married for 8 years, have 1 kid (4 years old) and this has pretty much been a battle for the entire marriage. 

Basically the issue is two-fold, my wife does not want to try any foods besides what she likes (Which is mostly unhealthy foods) where-as I like to try different things and prefer to eat healthier meals. For anyone that has a picky spouse....this doesn't really work very well to just ""hold your ground"", especially with a kid because you cannot make two separate meals each time you cook. Also it doesn't really actually benefit me to do so since I usually am the one cooking (I get home earlier so it makes sense, although sometimes I do get salty about it).

The problem is basically that she refuses to try new things, any indication of trying something healthy and it's ""I don't want to eat that"". Most people would say ""Well let her make her own things""....that doesn't work out well when you have a kid to see. Also I receive the guilt trip ""Well what am I supposed to eat then?"" etc..., it doesn't help that she's pregnant currently (3 months, but this is NOT a pregnancy thing for what it's worth) so im stuck sort of doing everything anyways. The second part to that is it's making our kid a poor eater and picky (Which was my greatest fear). 

So now the kid really only likes a few things (Sound familiar?) and that makes it an even bigger pain in the ass. She also complains about her weight (before the pregnancy) but the problem is she eats fast food EVERY single day for lunch. I feel like it's impossible for me to eat healthy now (Outside of Lunch and breakfast). The fast food thing leads into my next problem which is $$$$$$.

So the secondary problem is her eating fast food for lunch everyday is EXTREMELY expensive, she also wants to go out to a lot of restaurants as well. We aren't poor by any means but I try to keep a strict budget that she is constantly breaking (and not by a few bucks, were talking 3-4 hundred a month OVER). I've basically been forced to eat the cheapest shit imaginable every day for lunch to at least reduce the blowback. 7-8 bucks a day doesn't seem like a lot, but I constantly remind her that this is adding up to be multiple hundreds of dollars a month in just lunch. For anyone that wants to jump in and say im trying to control her im not, I think eating out is fine...but when it ends up impacting our budget (Our food budget is skyrocketed simply from this which just is not sustainable) then it becomes a matter of just budgeting. I haven't eaten out for lunch in I don't know how long, not to mention I have to put in the extra work to meal prep just so we don't spend any money.

Am I the asshole? If I sound salty it's because I am...but I really don't know what to do. I know ""it's just food"" but the money portion of it is more important to me than just missing out on trying meals, but honestly it really is a bummer to eat the same thing over and over when I want to try healthier eating. God forbid if I wanted to be a vegetarian or something.",3,33,4,3,1,43,0.16279069767441862,0.8372093023255813,0.8-0.9
a9skwm,AITA for yelling at someone else’s kid,"Yesterday was Christmas and all of my family was in my parents house with their kids. A little background I have a 7yr son who has mild autism which makes it a little hard for him to fit in with the other kids. Ok back to the story, at one point in the day my cousin’s daughter 13yr was messing with my son by taking his toys that my mother keeps in the house for him and hiding them from him which made him upset. And later on she started making me made by telling my sister’s kids that my son was a, ”Retard.” Then came to me nudged me and said, “Is your son a retard so I snapped and yelled at this kid, “YOU CAN’T CALL MY SON A RETARD!” All of my family members of course heard me, and the girl started crying. Her mom get mad at me for, “Using that language around her.” And I was blowing up inside so much that I couldn’t stay so I grabbed my son and husband and walked out with every watching.

It feels good writing this down and I just want a little feedback on if that was the write thing to do which I know it wasn’t.",6,63,6,0,0,75,0.16,0.84,0.8-0.9
awpvb7,"AITA Going on vacation with a friend my wife dislikes, without my wife.","Basic information: My wife doesn't work and does next to nothing to contribute to the house. I'm the sole source of income and feel our relationship contribution is 95% from me. I was laid off from my previous job and had to get a new one a year ago (making more money), so I'm just now eligible for paid vacation.  I'm a member of an organization that I've been in for just over 20 years and very very much enjoy going to this event I'm going to soon, that I've had to miss the last 2 years.  I've taken my wife with me every time I've gone since we've been together,  however,  she usually just lies around the tent while we're there due to the heat and said she doesn't want to go this year. I invited a gaming friend to go with me six months or so ago who is flying to the US from Norway just to go with me, and have been looking forward to the event ever since.  

Her side: We can't afford for me to go. The house needs work. I'm taking our only vehicle and leaving her without a means to get around.  Her health is not the best. Her mom will be pissed because she has helped us financially. 

My defense:  While money is tight and I will be on a budget, I've gone to this event in the past with less money and we are not going to starve or have utilities cut off for it etc. The house is really old, and does need work, but over the last few weeks I've been renovating our bathroom during my off time with almost no help from her. Her license is  suspended due to a drunk driving charge so she can't legally drive anywhere. A big part of her health issues is that she drinks too much, doesn't take her daily medication regularly, eats almost nothing,  and spends most (like 90% or more) of her time lying down in bed. I suspect she has mental health issues,  but she refuses to see a psychiatrist. The financial support from her mom has -never- been asked for and the biggest chunk of cash ($2000 +)  was to pay off her fine from the DUI. ",3,36,4,1,1,44,0.1590909090909091,0.8409090909090909,0.8-0.9
aperoy,AITA for refusing to donate my hair to support my stepdaughter.,"Some background:
Me and my husband have been married for 12 years but we both have kids from our previous marriages. My daughter was 6 and his daughter was 3 when we got married. I've practically raised her and I love her like my own daughter. Her mother passed away.

The issue:
Now, my stepdaughter was diagnosed with cancer and is due to start chemo. My husband and daughter buzzed their heads to support her and my daughter donated her hair. They are asking me to do the same but I didn't want to do it so I told them that I didn't want to. At this point my husband told me that if her mother were alive she would've done it and I felt like shit. 

Could I have done better? AITA??",10,46,1,13,6,70,0.15714285714285714,0.8428571428571429,0.8-0.9
b7u226,AITA for refusing to give up my dog? My boyfriend doesn’t like my dog,"Two years ago, my boyfriend and I lived separately. At the time, I had my dog, she was 12 years old and my best friend of life. Shortly before we were to move in together, she passed away. It was at this time that my boyfriend adopted a puppy. When his puppy was six months old I told him I wanted a puppy of my own because I’ve been depressed since my dog passed away. He refused. We broke up for a month due to other issues, and while we were apart, I got a puppy. When we got back together, my boyfriend was so upset. He said it’s too hard with two untrained puppies, so he made my give my puppy to my parents for over a year (he said my puppy could move back in when it was older and better behaved). My puppy is a male chihuahua and is pretty territorial and aggressive, so I got him fixed. After a year and a half of my puppy living with my parents, I just got him fixed two days ago and brought him to my house. My boyfriend has no patience and wants me to bring my dog back to my parents for them to keep. My dog did growl pretty badly at his dog yesterday, but has been calm ever since (before he got fixed he would growl and bark constantly so I’d say that this is a major improvement). My boyfriend says I have to give my dog back to my parents. I don’t want to. He says I should give me dog up to the pound if my parents can’t take him. I said this is not fair, he’s going back on his promise of me getting to keep my puppy. What do I do? Am I the asshole for getting the pup while we were broken up? I gave the puppy to my parents for well over a year and held up my side of the bargain. Now that it’s time for my dog to live here, my boyfriend refuses. Please help AITA?





**tl;dr** when my dog was 12 years old she sadly passed away, so I got a puppy a few months later to heal my sadness. My boyfriend made me give the puppy to my parents for a year because he says it’s too hard and that we can take him back once he’s older. The time has come, I got him fixed, and besides him being a little growly sometimes, he’s a pretty good dog. My boyfriend has no patience and wants me to give him back to my parents. I don’t want to do that and don’t think it’s fair. How do I convince my boyfriend to let my dog stay? AITA?",3,57,8,2,3,70,0.15714285714285714,0.8428571428571429,0.8-0.9
aot6xs,AITA because I completely lost it with a lady who tried to cut in front of me TWICE at a large grocery store?,"I was at a large grocery store yesterday and I walked up to the butcher area to ask for assistance but there was one person ahead of me. When the person finished, I was just about to ask the butcher my question when a woman cut in front of me and asked him, ""Hi, can you please help me in the freezer aisle?"" The butcher said ""yes"" and was about to follow her when I interjected, ""Sir, I was here first."" I swear I saw an eye roll on his part but whatever.

Moving on. I had a cart full of groceries and I stood in line to check out. There was a woman who was unloading her packed cart so I waited a few feet behind her because had I moved my cart forward, I would have been blocking the traffic for other customers to walk through. Then, I see the same woman, who cut me off in the butcher station, nonchalantly walk in front of me and then she proceeded to unload her items onto the conveyor belt. I told her, ""Excuse me, ma'am, I've been waiting here. I'm next in line."" She gave me a smug look and said, ""Ha, if you're next, then why are you standing back there and not here??"" So I told her, ""Because I don't want to block the flow of traffic walking by but I AM NEXT.""

Guys, she continued to argue with me saying, ""Well....you should've moved forward"" and then she proceeded to start unloading her groceries. Keep in mind that I am not a confrontational person. In my 44 years on this planet, I have never been in a fist fight, In fact, I used to be a major pushover. If I was 18, I may have told her, ""You're right, go ahead."" Well, that's not what happened.

I. SAW. RED. I YELLED at her, ""Listen lady, I'm a civilized person who takes others into consideration UNLIKE YOU who would have most likely not give two $hits and would've blocked this entire area. Now put your $hit back into your cart NOW or I'm going to go over there and do it for you!"" Then, the kind lady that was about to pay told her, ""Seriously? You need to move because she has been waiting."" You'd think that she would have backed off? Nope. She continued to unload her groceries muttering that I should've been closer and not standing so far in the back.

I'm ashamed to say that I made a scene. Again, I yelled, ""I'm NOT going to tell you again. Get your $hit and put it back into your effing basket or I'll go and do it myself. NOW."" She then took a good look at me and started putting her things back in her cart and walked away. I would imagine that by this point, my eyes were crossing and my head was two seconds from spinning like the kid from the Exorcist. I can't remember the last time I've felt so angry.

She finally moved but she kept staring me down and I'm ashamed to tell you guys that I screamed ""WHAT THE F\*\*K ARE YOU LOOKING AT????????"" She finally looked away and as quick as this started, it ended. The nice lady that was in front of me patted me on my back and told me that she was impressed how I defended myself but to please calm down because I looked like I was about to pass out.

To be honest, at this point in my life, I've let people walk all over me. If this had happened ten years ago, I would've let her go on ahead of me. Not now. I'm a jaded, middle aged woman who is not the one. Don't get me wrong, what came out of me yesterday felt like an out of body experience. I'm not a mean person. She just sparked something in me that threw me over the edge.

Edit: This may or may not be relevant, but I'm a Mexican American and all of this occurred in Spanish. I am a fluent bilingual speaker but I usually speak English. I didn't even know that I could fight the way I did in Spanish. Believe me, if you guys knew how to speak Spanish, I would've written the exact exchange I had with this entitled twit. I don't know why but when arguments happen in Spanish, it looks like a much bigger deal!! ha!

So be honest, I'm a big girl. Was ITA?

TL;DR: A lady cut line in front of me twice and I lost my marbles.",35,502,59,7,2,603,0.1558872305140962,0.8441127694859039,0.8-0.9
a6hvot,AITA for breaking up with my SO for someone else?,"Using a throwaway because some people know my main who I dont want to be involved.

So this is sort of a long and complicated situation, so I'll give sort of a brief rundown.

I've had feelings for this girl for about a year now, but she had a boyfriend. So a few months ago, I decided that it was time to move on. I made a bad choice by just seeing someone else to try and move on. It worked for a while, but I really couldn't get over this girl. 

Her and I had already been good friends for a long time, and she admitted to having feelings for me, too. I didnt feel like it was fair to my SO to stat with her, so I ended it.

Thing is, my original crush had also separated with her SO for the same reason.

Now we have a couple people telling us that we're bad people for doing that and that we would be assholes if we ever began dating. In my mind, I feel like it would have been more disrespectful to just half-ass a relationship, especially with someone else in the picture. AITA for breaking up with my SO for someone else?

Tl;dr: broke up with my SO because I had feelings for someone else. Now I'm being told that I'm an asshole for doing so",10,53,0,3,0,66,0.15151515151515152,0.8484848484848485,0.8-0.9
b3h3lo,AITA for buying a girl I am friends with a pack of Jaffa cakes?,"So, I'm currently in an argument with my girlfriend because I bought a friend of mine, Jaffa Cakes. My friend asked me to get them, as I was going to England (we live somewhere you can't get them), and I did. It was 1.50 €. 

Apparently, this is a terrible thing to have done. My girlfriend is very annoyed at me. Her reasoning is that:
- I didn't buy anything for her (she gets angry if I even bring up the topic of buying her something)
- I used to have feelings for this girl (3+ years ago, things ended and those feelings are long gone)
- I shouldn't be doing stuff for other girls at all

I bought it because it took me no effort, I was asked, and she has been a good friend to me. The feelings are gone, I would definitely have bought something for my girlfriend if she wouldn't flip out, and I feel like her view of guys and girls being friends is outdated. She gets uncomfortable when I hug girl friends of mine.

So, AITA?",4,39,3,1,1,47,0.14893617021276595,0.851063829787234,0.8-0.9
alpp2s,AITA for not hiring my sister?,"I own a lawn care company.  We do everything from mowing, to weeding, to building gardens, any and all things related to a yard.  In the summer, I have some hired help from guys that are on break because we have a lot more customers then.   Currently in the winter it’s just me as most everyone is in uni.  I’m a bit of a perfectionist and go by the philosophy that each yard is an advertisement for the company.  I spend longer than I have to in order to make each yard look pristine, so that the customers are happy, and anyone who walks by will notice. 

Recently, my little sister (9th) came up and said it wasn’t fair that I was making so much money and said she wanted me to hire her. She’s never had any experience in yard work.  Barely weighs more than the mower.  Yard work is tough, it wears me out and I’m in good shape.  At first I said flat out no, but I knew I was gonna be out of town the next week so I asked my grandparents to ask her to mow for them so I could see how she did.  It was rough.  The lines were crisscrossing over the yard, she missed a lot of spots, the edging was 😬.  I can’t let her do that to customers’ yards.  It would make them have a heart attack.  The company is supposed to have a very high standard. I just don’t think she can do it. AITA?",8,44,1,9,2,62,0.14516129032258066,0.8548387096774194,0.8-0.9
a5bkse,"AITA for calling out my buddy for cheating, in front of his wife?","The title is a bit more straight forward than it really is.

I have known my buddy since middle school (we are 35 now) and he has always been a serial cheater. Over the past about year or so he has been hooking up with his secretary. I have known about it the whole time (he likes to brag). Up to this point I have never told his wife (or any of his previous GFs when he was cheating on them), it was just one of those things where I said, ""not my life, not my problem""

Well last night we got into an argument while we were at a local brewery. It started to escalate and he started throwing in some low blows that really pissed me off. So purely out of anger I say, ""At least I am not banging the secretary behind my wife's back!"" while his wife was sitting right next to him.

Telling someone they are being cheated on=not asshole move. but does the context change that?",150,49,141,0,7,340,0.8558823529411764,0.8558823529411764,0.8-0.9
awao0b,AITA for expecting my wife to pursue a career that pays well?,"When I met my wife, she was pursuing a career as a stand-up comedian. She was constantly going to open mics, writing, and doing shows. She was given a highly sought after but unpaid position at our city's biggest comedy club opening for the touring headlining comic. At the time she was making 2-3k year with comedy and had no other income other than child support from an ex. She wasn't making much money but was ambitious and we loved each other, and my 60k job was enough to get us by so we got married.  After that she cut back on her writing/performing and took time to be 'happy.' After a year or so of this I asked her if she really wanted to be a comedian, she said yes, and I proposed a 6 month period to get her comedy career back on track and on a trajectory to make a full time adult income. If that didn't work, she would pursue another more predictably successful career. She agreed and kept track of hours spent on comedy. It was 14hrs/week during that period and she hadn't achieved the needed success so comedy was turned into a hobby and do a new career it was. 

&#x200B;

She wanted to go to school to become an on-air radio personality. I shot it down b/c its another profession where there are a handful of people making enough to pay a mortgage and endless people trying to get that job and making no money. She gave me a lot of flak for this. She wanted to respond to a craigslist ad for a 26k receptionist job, but as a very intelligent woman with a BA in journalism, I knew she was capable of establishing herself in a career that would eventually pay at least 50k and set that as a minimum salary for careers to consider. She says that that is insane, and that no reasonable person would ever put an actual number, especially one so ludicrously high on an expected salary from their spouse and that before we were married, I never let her know I would have this expectation. 

&#x200B;

I now make much more $, so money isn't really the issue, I just didn't sign up for a sugar daddy situation and expect my wife to achieve her professional potential. AITA?",33,6,5,0,1,44,0.8636363636363636,0.8636363636363636,0.8-0.9
aunbjr,AITA for leaving a note on our neighbors’ door?,"Howdy, y’all. 

So about a year ago, these 3 gals moved into an apartment in our building. We actually moved from that unit, to another in the same building. The ended up pushing their move-in date a week earlier, and bringing their parents to make demands on their behalf, but were generally polite despite requiring we suddenly clean up a week early for them. 

Since then, they’ve taken to ignoring us on the street. We’ve all just tried to be neighborly, but have since given up wasting time on it. The building is in a more expensive part of town, quite “unique,” and the rent is incredibly low. So “it is what it is” has become the motto for this dilapidated gem. Now, about the note...

It’s their first apartment. They’ve had issues with taking out trash for nearly their entire time here. While there are cans on the roof, most of us just go ahead and take our trash down to the dumpster. The place is owned by an older couple, and having the husband drag our trash all the way downstairs is something we and other tenants would prefer to avoid. Besides, there’s much more important work to be done around the place. 

But these gals can’t even be bothered to bring their trash outside. They just let it pile up outside their door, inside the building, and stink begins to fester. So the owner eventually hauls it all the way outside and downstairs himself. I found him doing this one day, fumed over it for the night, and we wrote a note the next morning. It read;

>	“Look-
    Leaving your garbage up here is *trashy*. Leaving it up here to rot & stink up the building is disgusting. But- making it such a problem that other people have to take care of it is **fucking shameful**. Get your shit together, ladies. 
Sincerely,
  Who cares, take care of **your** shit.”



I feel kinda bad. The wording was strong. But the trash is gone. AITA?",15,227,20,0,3,262,0.13358778625954199,0.866412213740458,0.8-0.9
b9gi04,"AITA for telling a girl that she’s not “just being honest”, she’s just being a bitch?","This just happened at lunch earlier and my one friend is telling me I went too far and making me second guess myself.  

There’s this girl who is sort of part of my group of friends, but not really.  She eats lunch with us and hangs around before classes start, but that’s it.  None of us hang out with her outside of school.  Mostly because she’s very insulting, all the time.  It’s seriously like she doesn’t know how to have a conversation without shitting on someone.  She just says “I’m just being honest” a lot. The problem is that she can’t take a joke herself.  Even polite criticism pisses her off A LOT and makes shit super awkward.  My friends and I have talked about her and all of us are really sick of her, but no one has wanted to say anything because she blows stuff way out of proportion when it’s about her.  

Today at lunch though I had enough.  She was shit talking one of my friends for being really skinny.  “Are you sure you’re not trans?  I’ve never heard of a guy being anorexic.”  And then, “It’s not attractive. Just being honest.”   So I said, “You’re not just being honest, you’re being a bitch.”  She asked me what my problem was, that she was just kidding.  And I was like, “No one thinks you’re funny.  The only thing that’s funny is that you of all people think you can talk shit about how other people look.  Take a look at yourself.”  

No one else was saying anything. She got mad and told me to go fuck myself and got up and left.  I was feeling pretty good about the whole thing, but my one friend told me I went to far with her and should try to talk to her tomorrow.  ",7,201,23,0,1,231,0.12987012987012986,0.8701298701298701,0.8-0.9
ajpg3p,AITA for not buying my girlfriend weed during her panic attack?,"A bit of background: 

-My girlfriend has PTSD and is a sexual assault survivor. Her abuser is in prison, but he has an opportunity to get out on day leave in April. She has to go to the prison and give her statement on why she doesn't believe he should get day leave (he's been imprisoned less than a year) and this is very stressful and triggering for her. Her PTSD keeps her from working, and she's currently on disability. 

- My girlfriend has been ""self-medicating"" with cannabis for over two years now. She's high maybe 50-70% of the day, and it's affecting our relationship and her healing progress (it causes her anxiety to be without it now). She's admitted to herself that she's addicted to it and began the journey of quitting weed last week.  

- We live in Canada and cannabis is legal and sold in stores. 

- She doesn't have her licence at the moment and doesn't have money to spend until her next cheque. The only way she can get weed is if I take her to the store. 

---------------------------------------------------

Last night my gf was having a really rough time because she was going over the news articles about her abuser. She was feeling very triggered and began having a panic attack, begging me to take her to the cannabis store, saying she'd pay me back on the 1st. 

At first she said she wanted just a CBD strain, then that evolved into wanting a balanced THC/CBD strain. 

She said she's been having a really rough time this past week while trying to quit, and she should be able to smoke once a week when she's very anxious. She was getting hysterical and was hyperventilating and it was horrible to see her feel that way. 

I ended up saying no and just taking her for a drive instead. My reason being is that it's hard for me to differentiate between her actually needing cannabis for her PTSD, or her using it to feed her addiction and hide from her emotions. The first day she started quitting she begged me in a similar way and had a panic attack, but afterwards she told me she was happy I said no and she truly realized how much it has control over her. 

I think the reason she had such a strong panic attack in the first place yesterday is because that was the first time in forever that she dealt with those emotions sober. 

Part of the reason why she's behind in her healing progress is because she doesn't know how to deal with ANY bad emotion while sober anymore. Weed was always her go-to. 

She ended up calming down after a while but I feel incredibly guilty. I don't know if what I did was the best thing to help her or not. 

Even today she's still trying to convince me to take her to the store, and I feel stuck. I don't want to enable her addiction but at the same time I don't want her to have panic attacks because I didn't get her what she needed. 

AITA in this situation?

TLDR: My girlfriend has been using cannabis to help with PTSD for two years but now she's become addicted and can't go without it. After a week of trying to quit she had a huge panic attack and begged me to buy her weed. I said no. ",6,35,1,13,0,55,0.12727272727272726,0.8727272727272728,0.8-0.9
b1rjpm,AITA for shutting off the WiFi.,"Our kids are good kids but don’t do enough around the house, particularly on housework day. Wifey & I are often still finishing after dark. Son (18) is also addicted to league of legends. He is 2nd year university and lives at home without paying for anything except his clothes, bus money & spending.

I (M49) got started about 8am this morning (Saturday). Didn’t feel very motivated because I’m in NZ, yesterday was the day 49 people were gunned down at their Mosques and Christchurch is my home town so I’m feeling pretty down. At about 9:30 I knocked on his door to ask if he could start on his jobs & empty the dishwasher. He was in a game & said yeah yeah.

No sign of him and an hour later my wife said she’d just asked him and he said he was in the middle of a game. She told him she’d get me to cut the wifi if he didn’t start helping and he said if she did that he wouldn’t be doing anything. (Once a game starts you can’t quit without risking a stand down for several days).

When I heard that I went straight to the router, disconnected the power cable & put it away. A minute or two later he starts yelling from downstairs. I went down there and he begins shouting and swearing at me (f***ing this & that). I told him calmly he had just lost internet until I decided to give it back & so of course he escalated the shouting. I went back upstairs feeling very bruised.

He was up within 5 mins, went to the fridge & got an apple. I told him if he was going to yell at me like that he can’t expect to eat my food and can buy his own. Even more shouting and swearing. Youngest daughter (11) tried to tell him to stop and got the brunt of it. She has OCD & Aspergers so can’t cope with that sort of thing and I sent her upstairs. Son threw the apple, kicked the washing basket over (talking a chip out of the coffee table) & stormed downstairs.

Ten minutes later I heard what sounded like a door slam over & over. When I went downstairs I saw the doorframe to his bedroom is split top to bottom. I told him he has to fix it.

Wife calmed things down & later he even washed her car. She drove him to work at 6pm by which stage we still hadn’t exchanged words. He’d already planned to stay at a friend’s so he’s probably getting plastered. It’s midnight now & wifey is worried because “he’s not in a good state of mind.” I can’t help worrying too. He’s not answering her texts.

I’m tossing up whether to (1) programme the router to exclude all his devices; and/or (2) take his bedroom door away. However at 18 he’s an adult. I don’t know whether ITA, HTA or NTA. ",6,111,10,2,2,129,0.12403100775193798,0.875968992248062,0.8-0.9
b744tq,AITA For calling a rude girl fat after wasting my time?,"Hey reddit, so this took place today after my last class (im in college) of the day, I was about to be heading home after a long day of difficult classes.


I pop my headphones in and head down the main staircase to get to the exit. After the first flight down I hear what sounds like a group of girls talking, which in itself is not unusual at all.


I round the corner and 'lo-and-behold' there are 3 girls, standing in the complete middle of the stairway. I was in no type of mood (nor did I have a Pokeflute) for this bullshit so instead of asking them to move, I say fuck it and instead make the mistake of trying to squeeze in between the little amount of space between the rightmost one and the railing


""Umm, excuse me!?"" the Girl closest to where I was trying to pass thorough says to me before allowing me to get to close.


""Yeah?"" I replied, taking out one of my headphones ""What?"".


""What do you think you're doing?"" Same girl says, this time I notice her friends are giggling.


""I mean.. trying to go down the stairs? What does it look like?""  I admit, saying 'what does it look like' may have been a bit unwarranted...


""Look, can you move? It doesn't make much sense to talk in the middle of stairs why not go to the cafeteria or something?"" I say before giving her a chance to respond 


Snorlax is now silent and her friends aren't laughing anymore, instead all three turn to each other with a 'get a load of this guy' look on their faces until 1st girl says. 


""Whats your issue? Go down a different set of stairs"" says the girl.


I was shocked, flabbergasted. How the fuck don't they see how selfish and inconvient standing in the MIDDLE of a fucking staircase is? Now im usually a pretty stubborn person, so maybe a different day I would've waited until they let me through, but at this point in the week, I was just tired and wanted to go home.


""Stupid bitch..."" I mumble under my breath semi-defeated, turning around to exit on the floor nearest to us


""What??"" The girl says to her friends  ""Did you just call me a bitch?""


I begrudgingly respond ""Yeah, you're kind of being unreasonable, and rude so...""


""Haha says the ""guy"" (she actually did air quotes with her fingers) that was to nervous to ask a group of girls to move."" *her and friends proceed to explode with laughter*


Now im furious. She somehow had spun this on me, Not gonna lie I shouldve held back from saying what I am about to say, but try to put yourself in my shoes, I was too fed up and her insult got me 10x more angry.


""Whatever you say, fat bitch. You know theres a gym a few blocks down right? Maybe I would've been able to get down the stairs if you weren't so fucking fat."" 


The 3 girls are all now standing mouth agape, with the one I had just insulted getting very visibly angry/upset or something yo. I turned around and started to leave for good this time. She or one of her friends yelled ""Fucking douchebag!!"" as I exited the staircase but idgaf that feel good. ",28,7,22,0,0,57,0.8771929824561403,0.8771929824561403,0.8-0.9
b84144,AITA for telling a friend he is being creepy and pathetic following a breakup?,"My friend was with this girl for about eight months. He is 22.

While he was with her, he would go on and on about how she was ""the one"" and how they were going to get married, etc. 

She recently broke up with him because he was moving way too fast in the relationship and he needs time to work on himself and deal with his anxiety.

He completely lost it after this. We ended up having to call 911 and have him taken to the hospital because he was calling her and us threatening harm on himself. 

He constantly calls her asking why she can't take him back, and he told us that if she's in the city, he might go to her place and ""ask her in person"". 

Well, me and my friends all took turns spending time with him after the hospital visit and on my turn I just lost it after hearing for the fifth time how he was going to ""get her back.""

I told him he was being creepy and pathetic and that she has made it abundantly clear that she doesn't want to get back together with him and he needs to stop all this behavior. 

He got really pissed and kicked me out of his apartment.

My friends told me that I probably could have done it in a nicer way but that they agree with me.

So AITA for telling him all that?",15,163,9,11,1,198,0.12121212121212122,0.8787878787878788,0.8-0.9
as7wc0,AITA for not wanting to touch my wife?,"&#x200B;

I'm almost 50, been married for almost 20 years. My wife is 46.

&#x200B;

I think we came together all those years ago as two lonely people, afraid we'd never find anyone else. I married her, completely unsure about it, because I was afraid I'd be alone forever, and determined to ""make it work"". In hindsight, my heart wasn't in it, and I felt trapped. She says I'm the best thing to ever happen to her. 

&#x200B;

I can't say it was all bad times, but fast forward 15 years and two kids later, I fell into a terrible depression, with suicidal thoughts. My wife knew nothing about this until I got help. I started therapy with a psychologist, who helped me learn to cooperate with my emotions instead of fighting them, to slowly learn to be aware of what I like and don't like. 

&#x200B;

Which leads me to today.

&#x200B;

I don't like being with my wife. When she touches me, I feel hollow inside, trapped. It's been like that for a long time, but I've also had an overwhelming tsunami of abject pitch black terror at the thought of the marriage ending.

&#x200B;

The past week or so, though, something has changed. 

&#x200B;

What is new is this: amongst my group of friends is an attractive, smart woman of about 40. We've been growing as friends for a while, but about two weeks or so, I saw a spark in her eyes that maybe, just maybe, she might feel something more. 

&#x200B;

I know I do. 

&#x200B;

We've met a few times since then (once just the two of us), and chat a lot online. The vibe is still there.

&#x200B;

It was like a wall came crashing down inside me. If such a thing was even possible - if someone as attractive and smart as her could even allow a hint of that kind of feeling - then maybe a post-marriage existence could be a happy one.

&#x200B;

Suddenly the tsunami of terror is gone. Ending the marriage is still a fearful thing, but not completely unthinkable.

&#x200B;

So now, for the past week or so, when my wife wants to touch me, or wants me to hold her, I no longer do what I did before - I don't just hold her and silently bear the emptiness inside. Instead, I flinch, or pull away, or say no.

&#x200B;

My wife is devastated. She asks why I changed so suddenly, and how long it will be before I can go back to what I was like before.

&#x200B;

But I don't want to go back. I hated it. I also don't want to kill a 20 year marriage over a passing crush, or a temporary angry phase. 

&#x200B;

Except I can't see it being temporary. The change seems sudden to her, but all that's happening is that I'm not hiding how I feel any more.

&#x200B;

AITA? Everything inside me is a jumbled mess of conflicting feelings now.",45,2,0,4,1,51,0.8823529411764706,0.8823529411764706,0.8-0.9
b5ge06,AITA for (jokingly) calling an 18 year old out for dating a 14 year old? Everyone got mad at me.,"This happened like two hours ago, and although it’s not really a big deal I am curious if I was the one in the wrong in this situation.

I’m currently on a school trip with several classmates. We’re relatively good friends and we make fun of eachother a ton (luckily for the most part everyone can dish and take).

One of the girls, Ashley, is a senior and 18. She is currently dating a 14 year old freshman (note- where we live this is legal)

Before she started dating the freshman, there was a lot of drama because two other girls (both juniors and 16/17) also tried to date this boy. He had a fling with one of the juniors and then started dating Ashley seriously.

Ashley was complaining about the two girls and someone basically said “it just sounds like they’re both really insecure” and she agreed with them (neither of them were being friendly about it- they viewed it as a negative thing).

I chimed in (this was a group convo) “it sounds like all 3 of you are insecure”. And Ashley goes “What? What did I do?” And I replied “date a 14 year old.” 

NOTE: all of this was said in a pretty joking tone, I wasn’t actively trying to attack her just get a jab in like we always do. 

She got really angry and turned around and went silent while everyone chided me and said it was “too far”. Then she turned around and flipped me off and went fuck you. And then clarified “that was just for *insert my name here*”

We then all kinda laughed to break the tension and now everyone’s moved on. (After she said fuck you to me the topic got changed and she’s no longer upset)

But I don’t think I was in the wrong, it’s creepy to date a 14 year old boy and everyone would be incredulous if the genders were reversed.

AITA for making that joke?",11,130,7,7,1,155,0.11612903225806452,0.8838709677419355,0.8-0.9
aakgkm,AITA For Ruining Probably Kid's Childhood?," I was in Target the day after Christmas. I live in a large city so it was packed with people returning stuff and the usual shopping. I needed to use the restroom so I went to do that.   

  
  There was quite a line of people so I decided to act civilized and get in line. The man behind me had a kid (probably like 6 or 7) with him and was getting really upset really fast. While there was about 2 people a head of me a store associate came out and told us he needed a minute to clean the bathroom. Obviously none of use were happy but what are you going to do? The associate goes in the bathroom to clean it up. 

  
  Almost immediately the guy behind me starts complaining very loudly how the worker was probably in there doing nothing and making us wait on purpose. To be fair the associate did take about 10 minutes but the guy was talking loud enough that I think the associate in the bathroom could have heard it fairly clearly. I worked retail so I know how stressed the holidays are on people so I texted my girlfriend telling her it would be a while. I also texted her, ""There is a guy behind me who is acting like a baby about having to wait. He is throwing a little tantrum that is kinda funny.""     
 

 I get out of the text app and start browsing Reddit or something. The guy behind me starts really calling the associate names and generally being an asshole to the young guy who is just doing his job. I turn around and give him a look and he says to me, ""You shut up. I saw what you said about me, asshole.""   
 

 So at this point I'm a little stunned because there must have been an effort to look over my shoulder and see what I was texting. That's kinda a huge violation of privacy in my opinion. I get a little pissed fast and turn to his kid and said, ""Santa Claus is not real. It's your parents. Also the Easter Bunny and Tooth Fairy are not real. It's all your parents work."" I walked away at that point because I didn't want a physical altercation to happen or anything.   


  Am I the asshole? Maybe what I didn't wasn't proportional but I think it was if you have ever worked retail on the holidays and if I was the associate I would be cheering for me.  


tl;dr: Stranger acts like an asshole to retail associate, reads my private text over my shoulder, calls me an asshole for texting that he was being a baby, I tell his kid that Santa isn't real. ",512,78,100,2,1,692,0.884393063583815,0.884393063583815,0.8-0.9
b6ya8d,AITA for getting my co-worker fired because she was pretending she was dating me to her family?,"I'm using a new account because this still hasn't leaked at work I was the one who did this and my reddit is known to my coworkers. 

&#x200B;

So, This last week I got a coworker of mine fired for misconduct. I don't feel bad but my coworkers are now up in arms saying who ever did this is an asshole. 

&#x200B;

So, my ex-coworker used to be a good friend of mine. I met her when I got a job here about 3 years ago and we hit it off. We were extremely close friends and I had misplaced trust in her. One thing she liked to do was take photos of us together and post them on snapchat and facebook. I never thought much of this and thought she was just sharing what we did like a normal person would do. I was wrong. 

&#x200B;

About a month ago a man randomly reached out to me. He claimed he was my ""girlfriends"" brother and that he had finally tracked me down. Through a long back and forth it turns out that my coworker has been pretending to her family and friends back in her home town that I was her boyfriend. She had a second facebook with her original name on it and had constructed a weird narrative in which I was her boyfriend. She claimed I was ""old fashioned"" and didn't use social media to cover up her lie. 

&#x200B;

This is fucking creepy, right? I documented and archived everything and corrected the record with her brother before reporting this all to HR. I didn't feel like confronting her (I honestly didn't feel like talking to her at all) and distanced myself immediately. She picked up on this quickly and started to post on her second facebook that I had broke up with her. 

&#x200B;

HR immediately transferred me away from her and kept us apart at all times. I'm guessing they told her what was going on as her facebooks disappeared over night and she began avoiding me like the plague. It was to late though as this monday she was fired for inappropriate behavior. From what HR and others have told me she will never be working in the field again.

&#x200B;

HR has kept this as quite as possible and has not leaked any details to anyone. The only thing my other coworkers know is that another coworker reported her for misconduct out of work and she got fired. Most on them are angry about this. The current opinion is that who ever did this is a spineless asshole who just ruined a girls career for ""nothing"". I'm never going to come out about this and have asked HR to never mention me because of this. 

&#x200B;

So, am I the asshole here? I feel what she did was wrong and she deserved it but am I wrong?",16,216,12,2,7,246,0.11382113821138211,0.8861788617886179,0.8-0.9
ajqqfh,AITA for not wanting my wife to leave me alone with our kids 2-4 nights per week?,"Let me start by saying that I do absolutely plan on talking to my wife about this, but I wanted a reality check first to see if my perspective on the issue is wrong.

My wife and I have been married for 4 years and we have 2 kids, a 3 year old and a 6 month old. Ever since my wife was 5, she's danced as a hobby and even now, she still dances 2 nights per week and also teaches dances on Saturdays. We both work full-time jobs and during the day, our kids go to daycare. Because of my schedule, though, I get Fridays off, so the kids stay home with me on those days instead.

Some background on the situation:

My wife dances on Tuesday and Wednesday nights after work. She doesn't even come home - she goes straight from work to dance. So I pick the kids up, make them dinner, give them baths, and put them both to bed. And on Saturdays, I get the kids up, get them dressed, fed, play with them, and generally just try to keep them alive until my wife comes home from teaching at around 2:30pm.

None of this is a big deal. I totally understand and appreciate her need to dance for her mental and emotional well-being.

But here's my AITA dilemma:

On top of that, there are usually 1-2 nights per week that my wife will be. Some examples:

- Work dinners/staff meetings that she has to attend
- Going out with her friends for dinner or drinks
- Getting a massage after dance on Saturday

So this works out to 3-4 nights per week where I'm taking care of the kids by myself plus having them along all day on Fridays and most of the day on Saturdays.

We have talked about this and she insists that I could go out a few nights a week and leave her alone with the kids, but the thing is that I don't want to go out. It's so rare that we're all home together, so when we are, I just want to enjoy time with the family.

So what do you think, Reddit? Am I the asshole for being annoyed that my wife leaves me alone with the kids 2-4 nights per week?",21,103,4,99,9,227,0.11013215859030837,0.8898678414096917,0.8-0.9
aqz7mp,AITA for wanting to kick my son's mom out of my house?,"My son's mom and I broke up a year or two ago and she moved out, took the kid (her name is not karen). We had a time sharing agreement and I had him on weekends. She wasn't working so I took more days during the week and paid for child care so she can go out and find a job and do other things with her life besides staying at home and smoking weed. Over the past couple years I've never missed a child support payment, I've worked full time, and I've got my kid as often as I can- i cover all his expense  


At the end of last year, she tells me she can't afford her rent anymore.(because she hasn't ever had a steady job). I offer to let her stay at my place if she helped out around the house, found a job, and promised to get back on her feet. I would cover rent and all living expenses and childcare. She accepts my offer. (Note, I didn't do this 100% to help her out... maybe 50%. I mainly wanted to see my son more often, so helping her was convenient ngl)

&#x200B;

The first few weeks of her being here was not great. She threw all her stuff in my sons room, left a total mess for weeks. I bothered her so much about it, she finally cleaned it. To my perception, she dragged her ass getting a job. It took her a month and half to find one at a fast food place (she starts next week), she spent most of her time partying with her friends, going to festivals, staying at her boyfriends house, going on vacations etc. Most of this stuff makes me very upset because, to me, it does not seem like behaviour a mother should be exhibiting at this point in her life, but also jealous because with my schedule I don't have time to do any of that stuff. I'm working my ass off, with our same time sharing agreement before she moved in. 

&#x200B;

So I bring all this stuff up with her, I let her know that I don't feel like it's fair and I'm pretty upset about all of it. Then she rips into my life and calls me basically a deadbeat that's never been around. She insulted me for quite a long time, most of it out-of-touch lies. fake news. but it still hurt me a lot because I feel like ive sacrificed a lot for both her and my son. This isn't the first time she's acted like this with me, basically whenever I try to bring up something that is bothering me she switches to full attack mode. 

&#x200B;

I'd like to kick her out, because she's been so disrespectful with me, but I also feel bad because I told her she could stay here for six months. I'm also afraid that if I retaliate, she'll try to keep me from my son. AITA?",4,49,2,0,0,55,0.10909090909090909,0.8909090909090909,0.8-0.9
am0tb2,AITA For showing up to work with a broken nose and wrist after a car accident?,"I am 27 years old, and am one of the owners of a small startup that employs 25+ people. I am also acting manager and have developed a reputation as the ""disciplinarian"" of the three owners.

I dont gain any pleasure out of being a dick to people, but I do require that everyone is held to certain standards and tries their best in all things and I will enforce those standards.

If someone shows up late, I will grill you on it. If you dont meet your deadlines, we're gonna have a discussion about why that didnt happen. If I see you bullying a coworker, I will shut it down publicly. If I see you putting your work onto others, I will directly ask you why you deserve to be paid. I wont ask anybody to do something i wouldnt do.

I have fired three people in the three years our business has been running, and im not afraid to fire more if needed. I care very much about my company and I dont let anything slide.

So, now that that has been established. Last week I was involved in a car wreck on my way to work. BMW ran a red and T-boned my sedan on the passenger side. I spun out, bashed into an electric pole. I was lucky I wasnt hit on my drivers side as this car was going fast.

Smashed my face on my steering wheel and door. Busted my nose pretty good. Two black eyes now. Pieces of glass cut up my face and my leg, and my lip got busted. Also, the worst injury, I broke my wrist and hand which is currently in a cast.

BMW driver was fine. Car ended up getting towed and the EMTs bandaged my nose and plugged my nostrils to stop the bleeding. At the time I told them my wrist was fine, just sprained. Took it to a doctor over the weekend and yep, its broke.

Sedan was totalled and had to be towed.

At this point I had two options. I could either go home and rest, take a day off, or go into work.

In the past ive given many pep talks about being committed to your job, to overcoming obstacles, to making sacrifices and taking risks. I have denied sick days in the past for various reasons that werent satisfactory. 

So, I decided to use this as a teaching moment and prove that im not all talk. I call a lyft, and show up to work. I looked like I was just mugged, but i showed. People bombarded me with questions and asked if i needed an ambulance but i just explained what happened and that everything is fine.

I went to my office and got to work. One of the other owners came into my office and asked if I was alright. I said I was but he said I should go home or to the hospital. I had already paid to be brought here so I refused. He tried to insist but I wouldn't back down. I worked the rest of the week.

This week me and the other owners had a lengthy discussion about it and while they understand my reasoning they dont like that i came in and that i refused to leave. Its not a huge deal but what do you guys think?

",178,12,0,7,2,197,0.9035532994923858,0.9035532994923858,0.9-1.0
ayb7o2,AITA for marking down a collegiate debate adjudicator for penalising my team for using specialised knowledge?,"Ok, so I’ll provide some background. My team went for a debate tournament. Every debate was judged by an adjudicator. After that, we had to mark the judges based on how well they explained their decision. Based on the scores, the teams and the judges could progress to subsequent rounds. One of the debates was on a topic relating to the Supreme Court (whether or not it should be comprised of political leaders instead of judges when deciding on particularly sensitive issues.) Now, everyone in my team was a law student. We didn’t rely too heavily on legal jargon, but explained the constitutional  jurisprudence behind the judicial system, and how it’s undermined if filled with political appointments. (I’m not American, our Supreme Court justices aren’t appointed by politicians, so don’t get confused). We explained the working of the Supreme Court and how it establishes commissions and committees to investigate and prepare reports on many issues rather than relying on their own knowledge (to show that they weren’t oblivious to the problems faced by the common people, as claimed by the other side.) Anyway, our team lost it and the adjudicator said it was because we used specialised knowledge which wasn’t available to the other team. Now, this didn’t seem fair to me because I don’t see how it’s wrong to use knowledge about the Supreme Court in a debate about the Supreme Court. Nothing else could be more relevant. So I gave the judge a low score and made my teammates do the same. ",4,38,0,0,8,42,0.09523809523809523,0.9047619047619048,0.9-1.0
b7w8v9,AITA for not giving my 27 year old son ANOTHER $1500 so he can attend my wedding in the Bahamas?,"I'm afraid he is a bit of an Entitled Child. His GF has a good job and I think she carries him to some degree. I've already given them $1000 towards the trip and he just asked for another $1500. I'm thinking I'll just ""apologize"" for putting a financial burden on him, tell him to cancel, use the $1000 to cover any cancellation fees and send me back the rest, and just not attend.  I'll find another ""best man."" I mean really? Am I really supposed to cover $2500 of a $3200 trip? Probably time he paid his own cell phone bill too. . .",33,3,5,1,1,42,0.9047619047619048,0.9047619047619048,0.9-1.0
ataflu,AITA for taking my wii that my sister gave my niece without asking me first,"So basically I came down to visit my sister, and found my wii I have been looking for for the last year. I bought it in 2016 for $150 at gamestop. I heard my niece talking about it and asked is that my wii? My sister told me it was but I couldnt take it because niece plays with it all the time. I offered to let her buy it from me for $50. She said no it is an old game console so I didnt need it anyways. I bought this wii specifically for wii sports and nothing else, which I played religously. Meanwhile my niece started screaming "" I dont care if you paid for it. It is mine and you arent taking my stuff"".

Now if my sister or niece would have just asked me if they could have it I probably would have just said yes. The fact that nobody asked just didnt set right with me. I paid for this. I have been looking for it for over a year. So tell me reddit, AITA if I take my wii back with me?

Sorry for any grammar, format, blah blah blah.",6,147,6,1,2,160,0.075,0.925,0.9-1.0
b29w8f,AITA for cussing out my in-laws for going through my luggage?,"I recently got engaged and took some time off to visit our parents and start planning. First stop was mine and then his.

I suffer from chronic pain and take a variety of meds which cause a decrease in appetite and nausea. I haven’t disclosed my illness to my in-laws, but a few nights ago I could hear her complaining about how I’m too good to eat what they cook. I let it go.

Yesterday, fiancé took me around his hometown. On the way back, he remembered to get beer, but we were already pulling into the driveway. I was tired, so he dropped me off. His parents were waiting for me in the living room, angry.

Future mother-in-law - FMIL: You really think you can pull the wool over our eyes, don’t you? You think you can bring drugs into our house?!

Me: *motioning to a seat because my legs hurt*

FMIL: No no! You stand! How dare you bring this disgusting bullshit into our house!

I reach for my cellphone and she yells at me to keep my hands at my side.

FMIL: I don’t care how legal this stuff is. We don’t allow this garbage in our house! *She pulls out a plastic wrapped package and I immediately know what it is.* My husband took a bite out of it and got sick! 

I’m pissed off right now because this was at the bottom of my luggage! And then she starts going off about how many pills I take (again, wouldn’t know if you hadn’t gone through my stuff) and how her son doesn’t deserve a druggie. She takes my package and shows me where FFIL took a few bites and threw up soon after.

It’s been 10 minutes and my fiancé is back. His mom asks him if he knows all the medication I’m on and how I brought pot into their house. He can’t get a straight answer about how they know about my medicine, but then he glances at the package and just sighs.

Fiancé: Mom, it’s soap. Even says African Black Soap.

He broke off a piece, headed to the kitchen, and washed his hands with it, showing them the lather. FMIL fired back saying that she’s never seen soap like that and that this doesn’t explain the amount of meds I take. They say they’re justified in what they did because they want the best for their son and since it’s their house they can go through personal belongings at will.

I let them have it. I start screaming and cussing because I’m exhausted and tired. I can’t remember everything I said, but my throat has been a mess from all of the screaming. FFIL tried to give me back the soap, but I kind of threw it at him saying I didn’t want his gum disease. Terrible, I know.

We’re staying at a hotel and not talking to his parents. I feel I could have gone about it better. I wanted a good relationship with my in-laws and we’ve always kind of gotten along... now I feel like I fucked up badly.

**TL;DR: future in-laws went through my luggage and mistook soap for an edible. I cussed them out and offended them and now I feel like I burned a major bridge.**

[Soap](https://imgur.com/a/fEIZw69)",15,654,37,1,5,707,0.07355021216407355,0.9264497878359265,0.9-1.0
aclcbe,AITA for wanting people to stop thanking me for my service in the military.,"Ok if you are not from America, basically anytime someone finds out you were in the military, they say ""thank you for your service"". 

I work Uber as a part-time job and during the course of small talk, the fact that I am a transplant to the city I live in comes up, with the follow-up of ""what brought you here?"" So when the inevitable reason comes up and they say the aforementioned phrase, I get annoyed. 

For one, how do I even respond to that? ""You're Welcome""? That point alone makes it awkward. Secondly, I was in the Navy and did not see any real combat. We took part in operations during Iraqi freedom but I was never in real danger. Third, I think it disrespects the sacrifice many veterans who gave their lives or suffer from PTSD due to their service. Finally, and most cynically, I feel people just say it because they feel forced and it is a political talking point to ""respect and care for veterans"".

So with that off my chest, please render your verdict.",4,19,0,33,0,56,0.07142857142857142,0.9285714285714286,0.9-1.0
b7qn66,AITA sitting next to a couple in the movie theater?,"Went to see ""Us"" by myself last night in a theater. (It was awesome, by the way.) Got in just as it was about to start. I see a single open seat in the middle of the theater, middle of the row, just next to the walking path to the other side... I hope that makes sense. There were a group of three ladies on one side, and a couple (young, female next to the seat, male next to her). It was a small theater and was mostly full except for a handful of end-row seats. The whole row looked like this:

  (More seating up here)

\_ X X \_ X X X \_

\_\_(front walking isle)\_\_

 (More seating below)

So I asked if that middle spot was available, and the girl of the couple moved her purse out of it for me. I said thanks, sat down, then her dude said:

BF: Aren't there any other seats?

Me: Uh... sure, there's one next to you and a couple up there. Why, do you not want me to sit here?

BF: ...It's just weird. 

The movie was just starting so we both sat back. But I guess I just didn't understand why it was weird. I am pretty fluent in social norms. I'm also 36 and don't mind seeing movies alone. To me, if there's an open seat in a full theater, I'll take it. I felt like it was weird that he thought it was weird. I told myself that he's just young (probably around 20) and naive.

Context: I don't smell bad, don't look like a threat. Just a normal dude. After the movie, they left first and there wasn't a word between us. But I just can't shake it and wanted some outside opinions.

Should I have not taken the empty seat? Was I the asshole?",3,40,0,0,0,43,0.06976744186046512,0.9302325581395349,0.9-1.0
agop31,AITA for wanting my two roommates' live-in girlfriends to help out with the bills?,"I'm a college student and I live in a house with 3 of my male friends.  Two of my roommates have girlfriends that basically live here.  They stay here every night, they eat our food, use our wifi, drink our beer, use our shower, etc.  I've jokingly asked them if they're going to chip in on the rent and other bills a few times.  Their excuse is always that they don't actually live here so they shouldn't have to pay.  To me it seems unfair to split the bills between 4 people when there is 6 people living here.  AITA?",4,57,0,3,6,64,0.0625,0.9375,0.9-1.0
b6a2ms,AITA for not using my sister as my realtor when she only got her license 6-8 mos. ago and husband and I have been working with our realtor for many years?,"We planned to sell our house and our realtor is a long time friend who came to our home and helped us stage it to sell and introduced us to several builders. Our realtor has many high end clients and gave us a price point that we could likely sell our house for. My sister's price point was about $15,000 to $20,000  less but that she would not charge us a realtor fee. She said it's an unwritten law that if you have a realtor in your family you HAVE to use them. I told her we are going to use our realtor and she blew up at me and won't speak to me. AITA?

",2,56,2,13,2,73,0.0547945205479452,0.9452054794520548,0.9-1.0
azj6vu,AITA for taking bets at a wedding as to what year the couple would divorce? (not as bad as it sounds...I hope!),"This happened over the weekend and I feel pretty bad about how it went down, but my intentions were honorable here. I was the Best Man at my pal's wedding. 

I got the idea to start up a bet and collect a pool from other people attending the wedding. The basic idea is that participants guess a year in which the couple will divorce and put in a certain amount of money (minimum bet $50), and IF they end up divorcing during that year whoever guessed that year wins the whole pot. 

So for example, if 2 people guesses the year 2025, if the couple actually divorces in 2025, those 2 people would split the whole pot. (We raised a little over 3 grand total, so like $1500 each in this example.) 

BUT, if the couple is still married after the latest bet in the pool (somebody put 2040) then the couple gets the entire pot. 

So that was kind of the twist that I meant to convey to them, that yeah sure it was a real bet, but that if they stayed together they could expect 3 grand in 2041. 

When I was explaining the bet during my best man speech that was how I was going to end, kind of with a charming/corny line that ""But we all know none of us are going to be winning the bet, because you two will be together forever, so you can look forward to cashing in in 2041!"" 

Yes, if they actually divorced and if somebody in the betting pool nailed the right year we would follow up and that person would get the winnings. But I don't think these two will get divorced, they're perfect for each other. 

That was supposed to be my intended message, it was supposed to be a kind of fun silly thing. 

Before I could even get to that part the bride started crying and the parents and bridesmaids and all that were almost yelling at me, and the groom (my best friend of decades) was furious. 

Even later that night when I explained to him my intent he wouldn't even listen to me. The bride especially apparently ""feels betrayed by everyone"" who participated in the bet. Even though I explained that I had misled all of them by saying the bride and groom knew about it in advance that wouldn't make them less angry. 

So needless to say I feel extremely bad. But I meant it all as a nice gesture and I feel if they could just see they have a near certainty of getting a free 3 grand in 2041 they could see this intention. I think by then it will be a fond memory and a ""look back on it laugh"" kind of thing when we get to the 2040's, plus a nice little bonus of a 3 grand prize. 

I keep trying to explain this but my friend isn't hearing it, especially when I told him that I still had to follow up with whoever ""wins"" on the off-chance they do get divorced. But I really doubt they'd ever get divorced. 

I know I went about it the wrong way but I don't feel I was the A here, but I want to see what reddit thinks. 

tl;dr - Collected bets to see what year my friends would divorce at their wedding, but if they don't get divorced they win, I meant it to be nice/sweet but they are both furious at me. ",327,12,4,7,3,350,0.9457142857142857,0.9457142857142857,0.9-1.0
ba88b5,AITA for wanting to get a nose job?,"So, I’m a 17 year old Jewish girl. Profoundly Jewish, like I have zero non-Jewish relatives and my surname literally means I’m descended from the first high priest, Aaron. (If he was a real guy, but who knows.). Anyway, I look exactly like a person with this heritage is expected to look: really curly hair and a huge nose. By huge, I mean HUGE. It’s enormous for my face and it has a big bump in the middle. I’ve been made fun of mercilessly for it ever since middle school. No guy has ever wanted to be more than friends with me because of my nose. In 10th grade I heard a guy I had a huge crush on talking to his friends about how big and ugly it is and it honestly scarred me for life. 

I’m graduating high school this year and my parents have offered to get me really special. I think they were expecting for me to ask for a trip. Instead, I asked for a nose job.

They’re both really upset. They’ve been telling me this means I’m rejecting my Jewish heritage and that I shouldn’t want to change because that’s just giving in to the bullies. The Jewish heritage thing is big for them. We live in the South and we’re the only Jews around for miles. They’ve told me off a lot for trying to act like my goy friends to fit in. But honestly my heritage has brought nothing but trouble, I’m tired of people feeling my hair for horns and the anti-Semitic remarks have increased a lot since the 2016 election. 

I don’t want to denounce being a Jew and I consider myself a Jew both culturally and religiously. I just want to have a chance in college. I want to be able to go about my business without people making fun of me. I want to be able to date guys like a normal person. 

My parents are still really upset. My mom is giving me the cold shoulder. I feel like the asshole.

AITA? ",1,34,2,19,0,56,0.05357142857142857,0.9464285714285714,0.9-1.0
apmhin,AITA for immediately stopping sex after my boyfriend of 11 years lets go of my hair that he has decided would be good to use as reins?,"We all know porn can mislead men (And women I suppose) into thinking women are so into everything. Anyone with eyeballs can see that the woman is definitely NOT into all of it. Yes they are acting but it is extremely hard to ignore the expressions of pain, unless you choose to ignore it. Anyways there seems to be a style of porn where men are overly aggressive and choose to grab women's hair and use it as leverage.
We had been going at it for a good ten minutes already and upon switching it up he grabbed my hair, which he has never done before. 
 In my instance my neck cocked in an extremely awkward way and it was hard to make a sound. I have very long hair and he grabbed all the way up by my head twisting my head back. The sounds 
I was making were me trying to say stop but it just sounded like gags.
This went on for like 2 minutes. Eventually he loosened his grip and I immediately snapped around and pushed him way the f off me. I was disgusted. I felt violated in the sense that to me, in my opinion, there is ZERO chance he thought I was enjoying it. But he says he thought I was. He didn't get why I would react like that. And it turned into me ""not communicating properly"" and therefore ""rejecting"" him. It hurt his feelings that I didn't want to continue. So ladies, AITA? Men, AITA? ",5,126,2,11,0,144,0.04861111111111111,0.9513888888888888,0.9-1.0
b2io5w,AITA for wanting to remain friends with an underage catfish?," I have a really good friend who I'm going to call Lyra. We met on Tumblr, along with some of our other friends. We all have a group chat and even text and talk on the phone. We've been a friend group for about 4 years, and that's how long I've known Lyra.

&#x200B;

I met Lyra IRL in January, and that's when I learned some stuff that I hadn't known about her before: she's white (she used a black girl's pictures), she's 15 (she said she was 21), and the details of her personal life were just really different from what she had said before. So...I met her irl thinking she was 21. I didn't know she wasn't a 21 year old black girl until she and her parents picked me up from the airport. (I just didn't say anything until we were alone ""I thought you were black"" and that's when she told me she was 15.)

&#x200B;

Lyra and I kind of had silly crushes on each other and had done some light flirting in texts before...she revealed her true identity lol. She wanted (and wants) to continue this flirtation and even date. I never really told her no because I've been so conflicted and I really value her friendship. Well...I actually DID say no at first, but then I felt like a major asshole because she said her age would only matter if I were in the relationship for sex, which I wasn't, and I'd like to clarify I only held her hand and hugged her a little.

&#x200B;

Anyway, I know the situation is messed up. I want to remain friends without...I don't know, hurting her. We're best friends and I really love her. But there's another aspect to the situation which is that none of our other friends know her true age, and I've been informed that they could get into legal trouble. Lyra doesn't shy away from anime smut and fanfic and has written, drawn, and roleplayed adult scenarios with a couple of our other friends. 

&#x200B;

Everyone I've talked to so far seems to think I AM an asshole, but so far I don't. 

&#x200B;

TL;DR: my best friend turned out to be a 15 year old but I want to remain friends and not tell our other friends the nature of her deceit.",34,2,11,0,0,47,0.9574468085106383,0.9574468085106383,0.9-1.0
apb5oy,AITA for giving an ultimatum over vaccines to my fiancée,"So as some background, I knew my fiancée was unvaccinated before proposing. Prior to that we discussed alternative schedules and maybe following one from a different country (both of us are US residents) so she could have solace in not, as she puts, “overloading the baby’s little body”. We came to an agreement that the kids would get vaccinated and follow some sort of schedule. 

Now after being engaged for a month she brings it up again how she’s so against it and hates the idea of any vaccines. She’s so opposed to the Hep B vaccine at birth because she can’t concede any thought of how a baby would contract it unless she’s somehow positive for it. (She’s never set food in a medical facility period, no lab records, no health records, etc). Admittedly I’m a little stretched to see how an infant could contract it also, but I’m on board with vaccine schedules, so it doesn’t bother me. 

Ultimately I came to the idea that my maximum I could ever allow is let the baby go one month before beginning some sort of alternative schedule. I’m a health care worker myself, and while so unlikely that I could ever carry something home, I do not want that risk. Let alone other adults or children being around to get any child sick. 

She’s up in arms about this now saying how I’m being manipulative and abusive because I’m giving her ultimatums over this. The first night we decided to enter our relationship I told her i will never change and that my children are going to be vaccinated. She said she understood and would be willing to work towards it. Suddenly she’s not. 

I don’t want things to end. But even after looking up and discussing the articles from WHO and the CDC, finding items that show it’s literally more likely to contract one of the various diseases rather than have a complication from a vaccine, she’s even more adamant than ever for being against them. In the past she’s said how it’s all a big ploy from big pharma to get our money (I’ve checked my insurance and the cost would be insanely negligible, I’m pretty sure the first round are nearly free with my insurance) and that vaccines don’t actually work. I show her data relating to Japan and whooping cough and data now with the recent outbreak of measles. She’s not buying it.  

So I told her. I gave her the maximum of what I’m comfortable with. I can’t go further than that. And now she’s upset that I’m willing to walk away over this fight. So I beg the question to you reddit. AITA? 

TLDR; fiancée thinks vaccines are a hoax and don’t work. I offered a slightly deferred and alternative schedule as the maximum and she could take it or leave it. ",6,138,0,0,0,144,0.041666666666666664,0.9583333333333334,0.9-1.0
axzhol,AITA for wanting to break up with my vegan girlfriend?,"Bit of background: I have been with my current girlfriend for 2 years, she's vegan but she doesn't mind that much if I eat meat when I'm out, just won't kiss me for a few hours after... She's also ok if I order takeaway with meat on. 

However the issue is that a couple of weeks ago we were talking about moving in together and she says ""well you'll obviously not be making meat in the house anyway"" which just took me by surprise and after talking about it a bit more (which turned into an argument) it turns out that when/if we moved in together that she expects me to not cook or eat meat in the house at all, even if we had separate pans, cooking utensils etc. Her reasoning is that ""I just find it disgusting, I'll never have it in my house, you can eat it at work but not in the house"" I understand relationships are about compromise and sacrifice but surely the compromise here is to have separate cooking utensils. 

I went from wanting to move in with her and progress our relationship to hitting this wall and thinking that one of us will just end up resenting the other if we are so opposed on this and one has to concede. I don't really want to convert to being a vegan as I'm a fussy eater as it is, and I don't believe that I should feel pressured into becoming one. So... AITA?",7,160,4,99,2,270,0.040740740740740744,0.9592592592592593,0.9-1.0
auqiur,AITA for ditching my prom date at the door?,"This happened a while back but it still bugs me to this day, you guys let me know if I'm the asshole.

So my mother's cleaning lady and I were friends, when I got home from school we would chat a little bit. She told me a lot about her daughter's boyfriend who was a real POS. In and out of jail, drugs, Etc and apparently right before prom the boyfriend and the daughter broke up leaving the daughter without a prom date. Cleaning lady liked me and asked me if I would take her daughter to prom but with a caveat, the daughters good friend also needed a date for prom and would I be able to find someone to take her. Cleaning lady also tells me daughter's friend is very short, like 4 foot 9.

With this in mind I talk to my friend Luke, good kid and also on the shorter side maybe about five foot three. Really nice guy, was having trouble in the girl department at this time, and his family was filthy stinking rich. Like elevator in their house rich.

Luke says it sounds great and i set the whole thing up. 

So the day of prom arise and Luke's parents let him borrow their beautiful, brand new Lincoln Navigator to take the girls to prom in. We pick the girls up and go to a nice Chinese restaurant. That's when everything starts turning pear-shaped.

Luke's date is a complete jerk to him, like jaw-dropping comments regarding his height. All throughout dinner she is making fun of him and my date is joining in here and there. I felt so bad for poor Luke. He's a good kid and I could see him near tears with these girls picking on him. As a side note upon first arriving at the restaurant, Luke's date opens up the menu and loudly proclaimed ""What the fuck! this is all Chink food!"" My date is rolling with laughter while I've never been more embarrassed in my life.  I remember thinking to myself ""what the hell did this idiot expect from a restaurant called China Palace"".

After an hour and a half of these girls berating my friend I had had enough. They get up to go to the bathroom and I talked to Luke. I tell him that their behavior is unacceptable and I'm so sorry for dragging him into this. I suggest that we take them to the dance, pull up outside the doors, and kick them out of the car and tell them to have a good time.

The girls get back from the bathroom and we put our plan into action. Load them up in the car, drive them to their High School, and while we're in the parking lot I turn around from the passenger seat and inform them that we will not be taking them to the dance because of how they acted. These girls were hella pissed, screaming, swearing, calling us names but we didn't back down. We wish them all the best and kick them out of the car.

The next time I saw cleaning lady she apologized for her daughter's actions after I told her my version of events. Even she knew that her daughter and her daughter's friends could be pretty trashy. This happened some time ago but the whole incident still weighs on me, so what do you think am I the asshole?",2,85,1,1,0,89,0.033707865168539325,0.9662921348314607,0.9-1.0
b7d9ch,AITA for hosting my daughter’s sweet 16 MY way?," My only child was born around the time of May that Memorial day falls. So, it’s become a tradition for me to host a large family gathering around that time, since the guests are off work. It’s nominally a birthday party. Some guests bring presents sometimes, sometimes not, and we have cake (*we* do, anyway, if my daughter does not eat it, that is her choice). But you could also call this party my yearly family reunion.

The problem is, ever since she was 11 years old, my daughter has been influenced into thinking she’s a vegan. As much as I persuade or sneak things past her, she hasn’t willingly used hide nor hair (ha!) of an animal for almost five years. Not even wool, which is really inconvenient for my shopping considering the fact that she grows like a weed.

Every year, she asks me to change the menu of her/my party to be meat free, milk free, and even egg free. In dramatic teenager fashion, “*I don’t want animals to be killed for my birthday*.” I tell her that she can’t control how other people eat. I’m obviously not going to look cheap to my family by serving them rice and beans. Nor will I be making alternative slop just so “she has something to eat.” There is plenty to eat, and it is gorgeous, she just chooses not to. Last year, she even did make a second cake out of pumpkin or some such. It looked ridiculous and went in the trash as soon as she’d cut a slice to eat with he rest of us. I am an excellent cook, and I like the table to look a certain way, especially when my *darling* sisters-in-law are here to nitpick.

This year, after the usual request to change the menu, my daughter “told” me that she won’t be attending her own birthday party. Instead, she’s going to meet friends at another girl’s house, where they will eat leaves and talk about her “mean mother” I’m sure. Ha! I told her she’s being ridiculous, that she’s not a real vegan anyway since I’ve been cooking the family’s rice in chicken broth for the past five years. (Rice is often the only thing on the dinner table she will eat, since she can’t see the meat.) In typical fashion, she cried and stopped responding.

So now I have a dilemma. I can’t exactly force her to stay and act convincingly happy, although she does know there will be consequences if she doesn’t.

I can let her win this little power struggle and change the menu of the party. This will teach her that If she kicks her heels long enough, she can force other people to bend around her weird demands.

Or I can host the party my way, and have my family awkwardly asking “Where’s the birthday girl?”

I could re-brand the party as a family reunion, but there will be questions, and family has already asked me this year about “her birthday party.”

I can't decide which option makes me look like more of a chump. ",57,1,1,1,0,60,0.9666666666666667,0.9666666666666667,0.9-1.0
an3wy0,AITA for telling off a girl who canceled plans because she was too nervous?,"Please read before you rip me apart.

I met this girl who seemed nice enough. I asked her out to dinner and she declined but we still saw eachother at functions. I understand if someone is not interested in me and I never hold it against anybody.


About 4-5 months ago this girl randomly messages me out of the blue and asks me if I want to go have dinner with her. I say that sounds great and we make a time or a place. The day of the date, she says that she can't make it and I say ""ok no problem"".

3 more times the same exact thing happened. Out of the blue, she messages me and either asks to go out to dinner, or offers to come to my house to make dinner. And each of the 3 times, she cancels the day of. After the 4th time she cancels on me, I send her a super polite text saying that I really value my time and that I don't appreciate her treating my time like she can waste it. She appologizes profusely and says that she has alot of issues especially with forming any kind of relationship and has anxiety. I understand and say ""its no worries"" and just leave it at that.


Last week I get a phone call from her and she asks me if she can come to my house and make my dinner. I say no problem sounds good. The day of the dinner, I text her asking her if shes still coming and she tells me that she dosnt feel comfortable going to my house by herself (keep in mind, she is the one who keeps initiating all of this). I say ""np, we can go get dinner or go out for a beer"" and she says that shes feeling introverted and just wanted to stay home.

At this point I am pretty fucking fed up. I am a very busy person and... on one hand, I can understand her feelings and have respect. On the other hand she is treating me like a monkey who can dance whenever she wants and thats not the case.

So I pretty much told her that I was insulted that she keeps doing this, and if she has that big of a problem with her anxiety and past experiences then she simply shouldnt make plans with me. 

Should I be more understanding and try my best to work her through her problems, or is it wrong for me to feel upset and take it personally?


I know I shouldnt take it personally, but for her to initiate it that many times and cancel that many times it just makes me upset.

",0,51,2,10,2,63,0.031746031746031744,0.9682539682539683,0.9-1.0
a2dy54,AITA for not allowing my fiancé’s brother’s dog to visit our house anymore?,"This is from the perspective of my fiancé, as she wishes to know if she’s being unreasonable, and I want all that sweet, sweet karma.

Context: My fiancé, Bestbuds200, has a twin brother with whom he is very close. That brother and his girlfriend recently got a dog that is still a puppy. It used to be easy to arrange visits to our new home, but now their dog has to come with them wherever they go. 

They don’t live near anyone, so they can’t find a dog sitter. Because of this, the last 2 times they visited, they brought their dog. The dog jumps up on people, but is generally very nice. Just very energetic. It scares the hell out of our cats, but does no harm to them. 

The last time it was here it got on my nerves because I don’t like to be jumped on. In addition, it jumped on a coffee table, and, when jumping off, caused the glass top to slide off and shatter. This was an antique. In addition, the dog put tears in our back screen door.

My fiancé and his brother are trying to arrange another visit, but I have forbid the dog to come to our house again. This has made my fiancé’s brother and girlfriend very angry, as they argue their dog is just a puppy and that’s the way puppies are. This has thrown a wrench in things, and I feel as if I am to blame.

Am I the asshole? ",1,63,1,2,0,67,0.029850746268656716,0.9701492537313433,0.9-1.0
b09w3d,AITA for making jokes about my wife with my friends?,"Longtime lurker here. Anyway, I've been married a year and a half, and when I'm with friends I like to make wife jokes, like you'd see on Married with Children, the ball and chained, no sex kinds of jokes, you know what i mean.  It's been no issue between me and my friends, they make the same jokes about their GFs, its just banter and venting mild annoyances about our partners.

Anyway, I tend to keep my time with her and that with my buddies separate, just like it that way. Cause of that she isn't up to speed with our inside jokes and when we started making wife jokes she sort of sunk into her chair. I made one about her, looked over at her and she was sort of crying. 

I took her outside and asked her what the problem was and she went on about how ""it's not cool for me to shittalk her, and that I seem to hate her or something"" when I make ""slightly offensive"" jokes about her to my buds. I told her it's all jokes but she said ""it's disrespectful to make fun of her like that"" and that we were sexist for all joining in joking about our GFs. 

I sort of got annoyed and told her this is why I don't bring her out with my friends, she got pissed, called a cab and went home. I went back to my friends, but when I got home she wouldn't let me touch her. This was yesterday, since me and my friends had a few days off at the same time, and she's been kind of off ever since.

I personally think it's no big deal that i make simple jokes, but she thinks they are really hurtful apparently, and she seems upset with me. AITA?",72,1,0,1,2,74,0.972972972972973,0.972972972972973,0.9-1.0
asb72c,AITA for being happy that my best friend's relationship is over?,"My best friend Jason has been in a relationship with his gf Tessa for about 2 years.  She had entered our circle of friends a few months prior to going out with Jason, and at first she was pretty cool.  But shortly after they got together her attitude changed.  Suddenly she didn't want to hang out whenever there would be other girls around because they all secretly wanted Jason according to her.  Then she didn't want to hang out with certain friends because they had girlfriends and that could mean other women around Jason and she just couldn't accept that.

Well after awhile I brought all this behavior up to Jason and he made excuses for Tessa about how she's ""just the jealous type"" and ""that's just how she is.""  I told him that was bullshit, and that these are all huge red flags.  I knew that was all I could really do so I dropped it.  At some point Jason must have told Tessa about our conversation because suddenly she would refuse to hang out if I was there.  Then she started trying to get Jason to stop hanging out with me all together.  Luckily this was one of Jason's hills to die on and he made her back off when it came to me.

Fast forward to a couple days ago and I caught Tessa out on a date with some guy I didn't recognize.  They were at a small restaurant known for being a date spot.  I took a picture of them eating at one of the outside tables and sent it to Jason.  He called me almost immediately and all he said was ""that's her fucking ex.  I'll be there soon.""  He hung up and just as they were about to leave Jason pulled up and started a shouting match with Tessa.

The TLDR of the fight.  Tessa denied anything was going on.  Guy then immediately called her out saying she had told him that Jason had broken up with her.  Tessa then stared open mouthed at him for a minute before crying and wailing about how they were ganging up on her and refused to hear the truth. Then when she noticed me standing about 10 feet back she started shrieking about how I ruined everything.  I just stood there stunned.  Ex left, and Jason and I met back at his place to pack up her shit and left it in the driveway for her to pick up.

Jason spent the next couple days at my place and I took a day off to keep an eye on him.  He was heartbroken.  He had even planned on proposing to her once he was situated in his new job.  I felt terrible for him, but secretly inside I was doing backflips.  Jason just left this morning to go back to living at his place, and as soon as his car was out of sight I started dancing around the living room singing ""ding dong the witch is dead!"" 

This is where I am conflicted.  Because I honestly feel more glad that my friends and I get Jason back than I feel bad for Jason that he is going through all these horrible things.  Does this make me an asshole?",3,114,0,1,2,118,0.025423728813559324,0.9745762711864406,0.9-1.0
asytqq,AITA for not tipping my bartender?,"Basically, I went to the club with a bunch of my friends. I invited them (4 people) to 4 drinks. When I was paying, the bartender himself put a 20% tip without telling me. Now I was pretty drunk, but not enough to not notice him trying to put the tip percentage on his own. I responded by tipping him 0% telling him to not take advantage of people who are drunk. He responded by saying that he won't serve me anymore if I don't tip him. I was willing to tip an appropriate amount myself, but him just putting in a 20% tip without telling me rubbed me the wrong way. AITA? ",1,78,1,2,5,82,0.024390243902439025,0.975609756097561,0.9-1.0
ax9bol,"AITA for not liking when my friend says she ""hates men""?","Let me start by saying I am not a meninist, someone who subs to MTGOW or incel-like ideologies. In the least virtue-signaling way possible, I am a self described feminist and a liberal. 

That being said, I hate it when my friend(s) say that they hate men, as I am a man myself. Something about it rubs me the wrong way. I know deep down they are not talking about me, but whether I like it or not being a man is part of my identity. And when they say that, even if in their mind they aren't calling me a bad person, they are attacking part of my identity. 

This is something common in my friend group; a lot of the women will use phrases like ""men are the worst, men are ____, I hate men"". It's taken as a joke, and I didn't let them know it bothered me until recently. One of the worst offenders sent a message to our group chat about a guy she had a gripe with, and in her text, she explained something she did by saying ""or maybe it's just because I hate men"".

This was the straw that broke the camel's back, and I messaged her privately telling her how I felt: that while I realized she wasn't talking about me it made me feel uncomfortable having group conversations with her, especially because she knew I was present. 
She responded by saying that if I wasn't a bad man, than she wasn't talking about me. She also said that because I find it offensive I'm probably doing something bad she doesn't know about. (Not entirely sure what the implication is there, but I didn't like it regardless). 

I responded by asking if she wouldnt mind it if I said ""I hate mexicans"" or ""I hate women"" (of which she is both).  She said that it's different, because there aren't a majority group of mexicans or women who deserve that hate, unlike men apparently.

Side note: as I am writing this I know it sounds like rage bait, but I really just want to know if I am being too sensitive. She is a good person overall, but I feel like this is something she got wrong and I need some outside parties to set the record straight.

So, AITA? She seems to think so, as she told some of our mutual friends and they are telling me I'm taking it too seriously, and that what I said about women and mexicans would be completely unwarranted.

",1,39,0,3,0,43,0.023255813953488372,0.9767441860465116,0.9-1.0
aw2mdb,AITA for trying to get my roommates emotional support dog removed?,"I live in dorm style, on campus housing at a University with 3 other girls for 6 months now. It’s tight quarters, but things have generally been very chill and we’ve all become good friends. 

One roommate “M” has an emotional support dog who is two years old. The first week we moved in, the dog shit all over my rug and shoes and peed on my other roommate “H”’s bed. H and I tried to talk to M about it, but as soon as we brought it up she started crying. So, since we didn’t know her very well, we kinda just let it go to keep the peace. 

Since then, the dog has peed or pooped in the apartment about twice a week. I often clean it up. It sheds constantly and she never vacuums. M works long hours and keeps the dog locked in a small kennel for about 8 hours a day. When she comes home from work at 11pm or so, she doesn’t take the dog out, she just goes to bed and takes her out in the morning. She takes her out maybe twice a day, but never on a walk, just to go pee in the courtyard of the apartment building. She even had a tinder guy come to spend the night and the dog peed on her bed during the hookup! 

H and I used to take the dog out because we felt bad for it, but M would get on our case about not locking her cage right and other small stuff. We didn’t want it to become our issue so we stopped. 

The dog is very poorly behaved. It has bitten M on the face, growled and tried to bite guests, and it barks constantly. M lets it eat off our plates and generally do whatever she wants. She does not know any basic commands like sit or down or whatever. 

It’s really been getting on my nerves. About a month ago I talked to her in a very non confrontational way and very “let’s work this out together” attitude. I thought it went well, but the next day the dog shat on the floor again! I talked to her again the next week. Nothing changed. 

So todayyyyyy, she texted in the roommate group chat “I have said this before but you guys need to make sure the sponge isn’t damp after doing your dishes” and that was my last straw boy o boy. 
She is upset about such a minute detail when there’s the giant issue of her awful dog at hand. 

So I went down to the front desk and told them my concerns. The receptionist gave me the email of the apartment manager & said that if her service dog was acting this way she could be removed. I emailed the manager and she’s going to talk to M this week. I don’t think the dog will be taken away, I think I’ll just be moved apartments, but I guess we’ll see. 

I really feel so awful for doing this. I know it’s not the dogs fault & I want her to have a nice life and this isn’t it. I don’t want her dog to be taken from her, but I was just so tired of dealing w this every day. Her mom has a nice big yard and other dogs. The dog would be so much happier there. I do feel like such an asshole though because it’s her emotional support animal. I’m having inner turmoil & I can’t sleep. What do y’all think?? ",1,91,1,0,0,93,0.021505376344086023,0.978494623655914,0.9-1.0
b05f7z,AITA gf pissed that I self pleasured.,"So day started with me saying something inviting as I was in the mood for sex , we go out and have a nice day , when we get home I get the old I'm really tired , and then presumes to cuddle up to me and sleep , I know that nothings going to happen so I head to the shower to do the job my self , make a snack and watch some TV too before bed. Morning rolls around and she asks why I came to bed so late , I feel no need to lie so I say watched TV had some food and sorted my self in the shower , I'm now being ignored because if it was her and I didn't want sex she wouldn't masturbate because apparently that's disgusting.",1,177,2,6,1,186,0.016129032258064516,0.9838709677419355,0.9-1.0
arn35r,AITA for locking my door when Im changing clothes?,"My step-dad keeps opening my door for no reason and its been pretty annoying. I always close my ( not lock it) door when I am changing clothes. I was changing my clothes today and my stepdad opens my door for no reason (he did not peek inside, he just opened the door while he was walking to his bedroom from the guest room). I got frustrated and I closed and locked the door. Seconds later he starts banging on my door and he yells at me for locking my door. I shouted that I was changing and he yelled back ""THIS IS MY HOUSE!"".  A minute later, my mother comes upstairs to ask me ""Did you learn your lesson?"". Is my step-dad justified?

 I can answer any questions.
",1,73,0,1,4,75,0.013333333333333334,0.9866666666666667,0.9-1.0
a3vm5g,AITA For calling the RA on a girl in the bathroom?,"So here's what happened, at least from my point of view. I go to my hall's bathroom to take a shower a week or so ago, and one of my hallmates comes out right as I am about to go in saying that there is a drunk girl passed out in one of the stalls. My immediate thought is that she's probably drunk. I go back to my room and put my shower supplies away and then join my hallmate in the bathroom trying to rouse the girl (who was on the floor with her head on the toilet seat). We decide to call the RA on duty, as the girl hadn't responded to us talking to her under the stall door. It was actually my hallmate who called the RA, since she had her phone with her. We can see that she is breathing, but she hadn't said anything in the few minutes we'd been in there. The RA shows up, shoos us out, and I take my shower in a different bathroom. When I get back to my room, my roommate reports hearing a struggle going past our door and multiple people saying things like, ""Let me go!"" and ""I don't want to hurt you."" I was pretty sure that the RA had called the police or something and had bathroom girl taken away. 

I felt like I had done the right thing. Sure she hadn't been disturbing anything by being passed out with her face on the toilet, but I was still concerned that she could be in trouble as she wasn't responding. 

Now comes what happened today. I'm washing my hands in the bathroom and the bathroom girl comes in about to take a shower. I don't recognize her at first (I'm bad with faces/names) and try to make small talk, asking her if she's going to bed soon. She answers that she is just taking a shower, but asks me why I thought she was really passed out drunk on the toilet. I told her that she wasn't responding to us trying to talk to her, so we wanted to play it safe and call the RA. If she wasn't passed out, the she should have been able to respond to us somehow. She then tells me that it had really messed up her life and that she can take care of herself. I didn't really have a response to that except that I didn't want someone in our hall to die of alcohol poisoning. She asked if I had known anyone who had that happen and I answered truthfully that I hadn't, but knew plenty of stories where that did happen. Then she says that if I really want to be an RA next year then I should think twice about it. I tell her quickly that I don't want to be one next year. (It was incidents like this that scared me away from the job, I hate confrontation.) After that I leave and go to a different restroom to calm down and wash the tears off my face  (like I said, I hate confrontation). 

I assume that she got in trouble with the campus police and probably got a mark against her from the college about being drunk in the dorms. I admit, it probably did mess up her life a bit. I felt at the time it was the right thing to do since she wasn't responding and seemed to be passed out, but now I'm conflicted. 

AITA for calling the RA on this girl? Should I have minded my own business?",0,41,0,0,0,41,0.0,1.0,0.9-1.0
a5a36o,AITA for not wanting to cook in my house when I'm not hungry?,"I live with my boyfriend and our pets, sometimes I get home and I really dont want to cook and sometimes I'm not even that hungry. Ive been cooking predominantly for about a year and although he does help and cooks every so often, the problem is if I decide not to cook one day he wont make himself food and just become upset and fall asleep upset and hungry. I feel guilty about this and sometimes just give in and make food. 

 It's just that sometimes I just really really dont want to cook or eat and if he's in the house all day when I get from work he will often tell me he hasnt eaten anything all day so now I either cook or feel like an absolute asshole. Its not like theres no food, theres just no quick snacks most of the time. 


Any more info needed just ask but i wont give any personal info obviously just topic related. Also sorry about format, mobile app. ",0,40,0,0,0,40,0.0,1.0,0.9-1.0
atwlcx,AITA For Thinking My Mom Shouldn't Be In The Delivery Room?,"So this is about my sister-in-law, let's just call her B. So B is actually uncomfortable about my mom being in the delivery room, but my brother, let's call him D, apparently had a two hour conversation with B on why he wants my mom in the delivery room. B does not like this at all and has confided in me multiple times that it makes her uncomfortable.

&#x200B;

My mom has repeatedly said that SHE WILL be in the Delivery room no matter what, going as far as to say Brailee can have one person in the room from her family but she was going to be in the room regardless. I'm worried that my mom, knowing her personality, will possibly ruin the moment for B and D. She's very critical, blunt, and can be rude in a lot of situations that leads me to believe she shouldn't be in the room. On top of the fact; B is uncomfortable with it, and my mom is not her mother. It should be B's choice when it comes to her comfort on giving birth.

&#x200B;

Am I the asshole in this situation? Should I mind my business?

&#x200B;

&#x200B;",0,82,0,0,0,82,0.0,1.0,0.9-1.0
b2g0c7,AITA for not tipping a bathroom attendant?,"Me (23f) and a few of my friends went to a bar for my birthday this weekend. I don’t go to bars often and this is the first one I’ve been to since my 21st birthday. 

Anyway an hour into the night I went to the bathroom and was surprised to see a bathroom attendant there. Again, I don’t really go to bars or clubs so I don’t know if this is a typical thing to see. She had a bunch of stuff on the bathroom counter like perfume, spray deodorant, wipes etc. She also had a tip jar. I instantly felt bad because I didn’t have any cash on me. So I waited in line and only used the soap and paper towels that the bar already provided, said thank you to her and walked out. I did use the bathroom two more times that night.

On the third time I was about to leave and she started yelling (like actually yelling) at me saying how ungrateful and privileged I was for not tipping her. I told her that I’m sorry but I didn’t have any cash. She kept yelling and told me to find another bathroom and not to come back. 

I understand that she probably gets paid below minimum wage and relies on tips, but I thought her reaction was a bit uncalled for. What would you guys have done in that situation? What do you guys think: AITA? ",0,45,0,2,0,47,0.0,1.0,0.9-1.0
