post_id,title,text,n_author,n_other,n_everybody,n_nobody,n_info,n_binary,p_unacceptable,consensus,bucket
aebxjt,AITA for suggesting my gf give up her dreams?,"I'm dating an olympian who competed Pyeongchang last year. She didn't medal but she placed top 10 in her event. I wasn't with her at the time but she was expected to medal so it was disappointing for her. She is still training hard every day but every single day she gets home she complains about how she will be too old by the next olympics, she will not make it etc etc. We've only been dating 6 months but every single day she cries when she gets home and says she blew her only chance. I am not an athlete and quite frankly I don't work even 10% as hard as she does at anything so I don't really understand why she is stressing and putting herself in so much pain and I suggested she take it easy and maybe explore other careers if this one is causing so much distress. She didn't break up with me but she hasn't spoken to me since Monday even though we live together. ",23,15,1,9,0,48,0.5,0.5,0.5-0.6
al310i,AITA for teaching my female housemate a lesson that was moreso embarrassing to me?,"I have five housemates, 2 male and 3 female. I'm male. We are all between 19 and 22 and go to college together but don't really know each other too well.

Anyways I have a female roommate that has a horrible habit of NEVER knocking and assuming people will always lock doors. She opened the bathroom one time while I was showering and yelled at me for not locking the door and then asked to brush her teeth. Another time she opened my fucking bedroom door to ask me a question which is a huge invasion. I regularly see her try to open locked bathroom doors when someone is clearly showering. 

Anyways today I got out of the shower and heard her bedroom door slam, which meant she was coming to the bathroom and definitely wasn't knocking. Anyways I actually forgot to lock the door and thought on the spot ""I bet if I stand here nude when she opens the door she'll NEVER not knock again."" Anyways I just remained standing naked and she opens the door, her jaw drops and she slams the door. 

After I got out I saw she was waiting in the hallway. She says ""You didn't lock the fucking door. I literally saw your penis dude,  not cool."" And I said ""maybe you should start knocking,"" and she says ""how about you lock the door? You made no effort to cover your penis when I opened the door. You're lucky I'm not reporting you for sexual harassment.""

Am I really the asshole here?",9,36,27,0,2,72,0.5,0.5,0.5-0.6
ara05f,AITA - I saw a video of this guy video taping himself giving sandwiches to homeless people and I commented that he was vain,"Yesterday online I saw a post titled “My First ever LinkedIn Video. Me giving out sandwiches to the poor.” 

I thought this was incredibly vain so I commented “It was nice of you to do this but I’ve never been able to understand why people feel the need to video tape and post themselves doing something nice. Doesn’t this kind of defeat the entire purpose of doing a good deed? it becomes clear that your motivation isn’t exclusively that you want to help others?”

I received a good amount of hate for this comment so I’m wondering reddit - AM I THE ASSHOLE?? ",220,165,23,78,7,486,0.5,0.5,0.5-0.6
b2nztg,AITA for telling my boyfriend that we are not actually engaged?,"Some background: My boyfriend (20M) and I (20F) have been dating for one year and 3 months now. Since the beginning to were taking this pretty serious and I always considered us a long lasting couple. All of our friends know we are dating and we met each others parents.

Now comes the tricky part. 

After 8ish months of our relationship we had an ""engagement"" in his house, after I came back from my 2 month trip. He proposed with gummy bears and I said yes hugged kissed had sex etc.. It was huge highlight of our relationship and one of the cutest moments we had. After that sometimes we would call each other fiance/e and make statements that we are engaged. But nobody knows about that because its between us. 

Now, a few hours ago we were having a casual conversation and word fiancee came up and I told him something along the lines ""but you know we are not actually engaged"". He got upset and I quickly explained that I still mean to marry him and Im still promised to him but that it wasnt real engagement since nobody knows about it. Then he said he cant actually propose me because we are too young. I agreed with him and stated that I in fact dont want him to propose now but I just made sure he knew that wasnt real engagement. 

So since that talk he is deeply hurt by my words and says something must have happened for me to say it and doesnt understand how its not real. 
Am I the asshole and is it my fault? If I am then dont spare me since I never had any intention to hurt him and he doesnt deserve it.  
",20,13,3,10,3,46,0.5,0.5,0.5-0.6
b2i8xj,AITA for embarrassing a friend on his date because he didn’t pay back the money he owed me?,"So I lent a friend of mine £500. He needed it to see him through til the end of the month and promised to repay me on payday. 
Not a problem, I trusted the guy and knew he was good for it. 

Payday comes and goes, no sign of the money. I sent him a message about it. He said “oh yeah, sorry I forgot, I’ll do that now” 

Two weeks pass and still nothing. I message him again. He said he’d send me the money. Still nothing. He was then avoiding me so I wasn’t able to see him face to face. 

I messaged him again and he didn’t reply.

7 months have passed since the day he promised to have the money back to me by. I’ve not been able to get hold of him, nor have I seen him. 

This weekend just gone, I was out at a restaurant and I happened to see him as I was being seated at my table. He was on what looked like a date. 

Now at this point I could see he was acting kinda boasy because he had ordered about 5 starters. It’s worth noting that this is a pretty pricey restaurant. So I decided I’d go and say hello. 

I pulled up a chair at his table and started chatting to him about how he is and how I am etc. 

I then proceeded to pick up a fork and try a bit of the food. He looked a bit shocked, but it was good food so I tried something from one of the other plates. At this point his date (I’d learnt that this was their second date) said to me, “excuse me, but this is our food. What do you think you’re doing?” 

I looked at her and said “Well since I’m pretty much funding this meal, I figured I may as well sample what my money is getting.” 

I then said to my friend, “it was nice to see you, I’ll leave you to it. We can catch up another day.”

I then left to go back to my table. The people I were with, a party of 10, had very mixed reactions to my behaviour. Some were in favour of what I’d done, others not so much. 

So I’m asking you lot, AITA?
",159,539,379,4,5,1081,0.4976873265494912,0.5023126734505088,0.5-0.6
b9e9b8,"AITA for breaking in to a neighbors apartment to turn off his stereo that he left on repeat, ostensibly for an entire weekend he was gone?","Posting from a throwaway since I most certainly broke the law, the question is am I an asshole for what I did?

I need to provide some quick background. I live in a pretty shitty triplex to save some money. I can hear almost everything that my neighbors on both sides can do. One side is a lawyer who has the apartment as one of his outreach offices so he's cool (though I've heard some crazy things about the mindset of petty criminals). Other side is this dude Warren who was cool at first but we had a falling out a few weeks ago because he's sort of a douche and I stopped inviting him over. 

Warren started blasting his music as a way to get revenge on me. Both me and the lawyer have called the cops, called the building owner and Warren always gets a warning then chills for the rest of the day but almost always starts up again about noon the next day. 

Last night, I hear Warren's music kick on about 8 but then I heard him leave. After ""Then I got high"" played for the 10th time I knew he was fucking with me. I texted him and asked him when he was coming back. He said ""oh shit sorry man, not coming back until Tuesday. So sorry."" I called the owner, she said there was nothing she could do, I called the cops and they came over and said there wasn't anything they could do without a warrant. She said she would talk to her supervisor about getting a warrant but I never heard back from her. I tried to drown out the music with my headphones but couldn't take it anymore. 

So at like 2AM I hoped over his fence and pulled up his sliding glass door (you can jimmy the non-sliding side on all three units) and went in his apartment and non only turned his shit off, I cut the cord to his 2003 circa ipod clock radio that he using to repeat the song. I then wiped off all my fingerprints as best I could and went home and slept soundly. 

No fallout yet, but I feel a little guilty and I certainly shouldn't have cut the cord to his ipod player. But am I an asshole?",22,119,102,3,0,246,0.5040650406504065,0.5040650406504065,0.5-0.6
awkugh,AITA for thinking my coworker should have waited to announce her pregnancy?,"My coworker, Hayley, and her husband (both early to mid-twenties) announced her second pregnancy to the office a few weeks ago. Based on the due date she gave us, she was only a handful of weeks into her pregnancy (four at most). My co-workers are much older, some with children, some without. We’re a relatively close-knit group since there aren’t that many of us.

We were all happy for her, although there were a few whispered discussions about her getting pregnant again rather fast at her age (her first child was born about a year ago. I did not participate in these discussions, nor did I ever give off any impression that I was anything less than ecstatic at her news. I congratulated her separately on her new pregnancy and she was fairly glowing).

Earlier this week, one of our other coworkers discreetly let us know that Hayley had suffered a miscarriage, and that she and her husband were struggling heavily with the news.

I immediately sent her a message of support (which she replied graciously to). 

But during this whole thing, I couldn’t help but wonder why she and her husband didn’t wait until she was at least three months along to announce her pregnancy to the world, especially since her first one was high risk. I was always under the impression that that was the proper etiquette since miscarriages are unfortunately common before that timeframe.

Obviously I would never say anything like that to her, and I was genuinely happy for her when she announced the pregnancy and genuinely sad when I found out about the miscarriage. But the idea keeps popping into my head, and I feel like I’m being too judgmental.

Please tell me - AITA?
",56,19,0,36,1,111,0.5045045045045045,0.5045045045045045,0.5-0.6
b1sxfb,AITA for rage quitting on my boss?,"I have been working as a Legal Assistant with a law firm for just over six years and walked off the job yesterday in a fit of a rage.  For these six years, it has been a wonderful relationship -- my employer is a solo practitioner and I was his first and only Legal Assistant until yesterday's events.

My employer recently hired a new Associate who took it upon herself to treat me like absolute shit.  As a Legal Assistant, my duties are LEGAL related, ie; editing and drafting documents, calendar management, processing client payments, filing documents at court, phone coverage, etc.  However, the new Associate assigned me her PERSONAL duties:  Grocery shopping, driving across town in traffic to buy her favorite chocolates, making returns to clothing stores, driving to her house to let maintenance technicians in, etc.  She yelled at me a lot.  I would get panic attacks and dreaded coming in to work.  I would have no problem performing these duties if I was a PERSONAL Assistant, but I am a LEGAL Assistant and my objective is to ensure everyone in my firm has their LEGAL responsibilities in order.

At first I obliged, seeing as she was new and I figured my employer would have a word with her.  This went on for two months and every day I grew that much more resentful.  Finally, I had a private meeting with my supervisor a few weeks ago and even typed up a note detailing my frustrations and how I am being taken advantage of.  He promised me he would speak with her, but her demands continued.

Yesterday was the last straw; While working at my desk, I overheard her talking about me to our Receptionist.  She wasn't exactly pleasant - stating how I'm not up to par with her standards and how she spoke to my boss about me.  She was telling our Receptionist how much they pay me and said she wants to lower my pay.  My blood started boiling and I could feel myself about to lose my shit.

I have no idea what came over me, but I walked to over to our filing cabinet, pulled out all of our folders, and dumped all of their contents to the floor.  I imagine it was about 40-50 clients worth of papers.  I then grabbed my things and walked out of the office before telling the Associate ""Go fuck yourself, you stupid bitch.""  She was absolutely shocked.

On my home, I was seething.  Still pissed off when I got home, I texted my boss saying I will not be returning to work Monday and that he'll have to find himself another Assistant.  Both her and she have tried calling, texting, and e-mailing me, but I haven't responded, except for one text where I sent her the middle finger emoji.  

This morning I felt a twinge of guilt, as I know it was HER that made me miserable and not him .. but then again, there was no loyalty there.  Fuck you Sweta, I hate you!",22,114,89,0,3,225,0.49333333333333335,0.5066666666666666,0.5-0.6
b1x2zc,AITA for thinking my wife doesn’t deserve part of my tax return,"I work about 60-65 hours a week M-F, normally getting to work before 4 am. It’s a very physically demanding job and I’ll normally lift and move 18-20,000 lbs per day.

My wife doesn’t work. She stays at home taking care of our two year old. Thing is she also doesn’t do much housework, as the house is always a mess unless I come home and clean after working 14+ hours.

This year we’re getting a refund of a few thousand dollars. I have to get new tires for my truck, pay off a couple things, and I was wanting to put a down payment on a vacation a few months away. My wife has told me she’s planning on buying a new, high end camera. She’s not a photographer, I don’t know what she needs a nice camera for. But she says if I get to spend the money on new tires, she should be able to spend some on something she wants. 

tl;dr AITA for thinking my wife doesn’t have the right to spend part of the tax refund that came solely from my income.",95,137,51,13,15,296,0.49324324324324326,0.5067567567567568,0.5-0.6
apovms,"AITA for telling his wife that he got me pregnant, and for reporting him so he’ll lose his medical license?","Very long, telenovela-type story here. I meet a guy off Tinder, he’s an out-of-town medical resident visiting my city on a hospital rotation. We meet up a few times before he returns home (400 km away). I figure that’s that but he continues to text me daily and asks me to come visit him. So I do and I very stupidly have unprotected sex with him and take plan B the next day. He’s a doctor and I basically trust his judgement. 

Fast forward a few weeks later and I’m at my own doctor for a routine visit. She gets me to pee in a cup and I am shocked to find out I’m pregnant. At this point me and Tinder guy are still texting 20x a day. I call him immediately and tell him the news. 

Him: Well, you have to abort it right away.
Me: And what if I decide to keep it?
Him: Then never speak to me again. I don’t want to know the child exists. 

Clearly I should have ended contact with him then and there, but I was scared, hormonal and hopeful he would change his mind. We already have plans for me to visit him another weekend so I do so. During my visit he puts it in my head that we could have a long, happy relationship together - if I have the abortion. The cards are already stacked against me raising a child on my own so eventually I agree to terminate. 

Surprising no one but me, he ends it with me (over the phone) the day after the procedure. He cites work as the reason, saying he’s already on probation for some unethical stuff and he needs to focus on his residency. I accept the news calmly but start wondering what the hell this guy is up to. I look up his public record but can’t find his registration information anywhere. My friend helps and manages to dig up the fact that Tinder guy gave me a fake name, lied about his age and oh yeah — he’s married. I call him to confront him. 

Me: How would your wife feel if she knew about this? 
Him: You mean my ex? Yeah we’re separated. Go ahead and tell her. She probably won’t want to reconcile with me but whatever. 
Me: And what about your residency? What about your probation? What if I reported that you swipe Percocet and submit your own urine under a patient’s name so you can get faster test results? 
Him: Please don’t do that. (He starts crying) 

So I make the decision to call his wife’s office and leave a message with my name. She calls back thinking it’s work related. I tell her I want to talk to her about her husband, and she can call me from a private number if she wants to discuss it further. Basically I’m putting the ball in her court. Next thing I know, Tinder guy is calling me in a rage saying that I hurt his wife’s feelings, they’re back together and he told her everything. (Btw this is 2 days after he said they were separated.) I made her cry at work and he’s going to file a restraining order against me. 

I tell him not to worry, the next time he hears from me will be through a formal report. I file the complaint about his unethical dealings (faking his identity, taking narcotics from work, falsifying test results) and now I’m waiting for the state licensing board to schedule a hearing. 

So AITA for basically trying to ruin this guy’s life? On the one hand, his drug smuggling and lies didn’t bother me while we were seeing each other, so clearly I didn’t think they were THAT unethical. So I feel very conflicted having reported him out of spite (and probably misplaced hormonal feelings). On the other hand, he’s already on probation for “something else,” his ability to manipulate and lie to people is pretty worrying in a neurosurgeon, and it would be irresponsible not to report what I knew. 

TL, DR: Met a doctor guy on Tinder. He lied to me, got me pregnant and broke up with me after the abortion. I contact his wife and report his shady dealings to the medical licensing board. ",9,64,53,0,1,126,0.49206349206349204,0.5079365079365079,0.5-0.6
a8ho5t,AITA for wanting to be reminded of my nephews birthday?,"My nephew turned six and I didn’t remember his birthday, but neither did any of us. My sister sent a group message to the whole family the day afterwards essentially saying that because we all forgot he went to bed feeling unloved and she’s disappointed in us. Then, she refused to answer any of our calls.


I just feel like instead of letting the day end with him feeling unloved, and then texting us the following day, she could’ve reminded us *on his birthday* and scolded us for needing a reminder. I feel really bad for him. I have had birthdays like that and I do love him and want him to know that. 


I haven’t brought that up yet though bc 1.) my sister is not answering calls and 2.) maybe ITA and this is totally my fault. She already has a rocky relationship with us as my parents have had a difficult time accepting she’s gay. Also, my nephew is adopted which may make him feel especially unwelcome and insecure - Im also adopted so I understand ",17,27,13,2,1,59,0.5084745762711864,0.5084745762711864,0.5-0.6
ass5r8,AITA for remaining friends with a guy who is attracted to me?,"I (22F) am currently in the midst of a *disagreement* with my boyfriend John (26M). The disagreement is mostly about my close friendship with a guy named Cody (23M). 

Cody has expressed attraction to me before, and I am also fairly attracted to him (he’s an attractive guy). I’ve never had any sort of sexual encounter with him, mainly because even when I was single I wasn’t a huge fan of the way that he tends to sleep around casually a lot, and because I think that sex can complicate friendships and I don’t want that. Cody and I are very close friends and are open with each other, and since I initially told him I wasn’t interested in sleeping with him he has never tried to initiate anything. He completely respects the fact that I said no and the fact that I’m in a relationship. We have a really strong friendship and I can’t imagine cutting him out of my life, but neither of us have any sort of romantic interest in each other and we treat sex extremely differently and understand that about each other.

Last week, John asked me if I was attracted to Cody. I said yes, because it’s the truth and it would be a trivial thing to lie about, but that it’s not a big deal. John asked if Cody was attracted to me and again I said yes, and that Cody and I are pretty open with each other about that kind of thing but that it’s not a big deal and nothing would never happen. John told me that he was uncomfortable with the fact that I still hung out with him, and that Cody was probably trying to fuck me. I tried to explain that we’d been friends for years and that he was really trivializing a good thing because of one insignificant detail, but he basically said that Cody has a history of sleeping with a lot of girls (true) and that he probably only wanted sex from me. I got mad, because Cody’s a great dude, and yeah he gets around but only with single women who also only want casual sex. It’s not like he goes around lying to women or sleeping with people who are in committed relationships, and he completely respects that I don’t view sex the same way as him and supports my relationship. John basically acted like I don’t understand men and said that he wasn’t comfortable with me hanging out with Cody anymore because I was clearly too naive to see what’s going on. I said that he has no right to tell me who I can and can’t be friends with, and he told me I was being insensitive about his feelings. AITA?

Tl;dr: My boyfriend doesn’t want me to hangout with my best friend anymore because he thinks he only wants to fuck me, but that isn’t true and I’m not going to stop hanging out with him",23,12,0,12,1,47,0.48936170212765956,0.5106382978723405,0.5-0.6
b86pga,AITA for not giving my roommate his share of the profit from our “business”?,"Before you jump the gun let me provide some background info: My roommate recently proposed an idea to buy returned amazon goods off a website to resell. It’s basically items that were returned to Amazon’s warehouse that were all stuffed in a box without checking the quality of the return. We decided to go through with it and use that money to pay our rent. We both contributed the same amount of $400.

We received a whole pallet worth of goods a month ago. As soon as I ended my day job, I would come home and would do a quality check for each box (13 boxes). My roommate never helped out because he was “too busy with other stuff” but his lights are always out and I know he goes to sleep as soon as he gets home from work. He wakes up around 12am and doesnt go back to bed till 4. 

Anyways, after going through every box and listing every sellable item on ebay (a process that took a week, I managed to sell every item and made about $2500. Since my roommate did not contribute, I gave him back his $400 and kept the rest of the profit to myself. 

Now hes pissed off and threatening to get a lawyer for “stealing his money”. 

AITA here??",14,21,9,1,0,45,0.5111111111111111,0.5111111111111111,0.5-0.6
av5hp3,AITA Not wanting to date single moms even though I have a child,"I have a 3 year old with my ex.

The title pretty much says it all, I don't want to date single moms. My friends said I'm an asshole for that because I have a child, but here's my reasoning:

1) I like the freedom that comes with co parenting. I don't want to balance a second child's schedule and lose out on that freedom.

2) I would like any potential mother figures to prioritize my child and not have to worry about any favoritism (i.e. biological vs step child) or timing conflicts

3) Since mothers usually have more custody time than fathers in my experience, it is a bigger burden for me to take on her kids than for her to take on mine. 

AITA?",36,28,0,6,2,70,0.5142857142857142,0.5142857142857142,0.5-0.6
b6mnxw,AITA for telling my newly pregnant girlfriend that she needs to consider my opinion on whether to keep the baby?,"I’m 22 and Kate is 22. We’ve been together two years. We have never had a big argument, we live together, and she has helped me through a lot, including a death in my family. 

We always use protection but we ended up getting drunk one night and we had unprotected sex. We thought it would be fine since she is on BC. 

She told me yesterday however that she must’ve missed a birth control pill around that time and that she’s pregnant, about 5 weeks. 

We talked about kids before in the past and we both agreed that neither of us wanted kids and if somehow she got pregnant, she would get an abortion. 

Well now that she is actually pregnant she is telling me that she doesn’t think she can go through with an abortion. 

I got really upset and said that we made a decision together a long time ago that she would get an abortion if this happened and that she has to consider my opinion in this. 

She told me that it really isn’t my decision at all and that she is the one who is pregnant and she is the one who gets to decide. I said she was not being fair and I’m a part of this too but she isn’t listening to me and is planning to have the kid. I’m freaking out. 

She is being delusional if she thinks we are at all ready to have kids. Neither of us have finished university and neither of us have a lot of money. 

I really do think that she needs to listen to me and what I think about her getting an abortion but she just absolutely refuses to listen to anything I have to say about it and is planning on having this kid. I haven’t told anybody about this yet including my parents. 

AITA for telling her I want her to listen to my opinion on her pregnancy? Should I really just shut my mouth? 

",88,52,13,43,2,196,0.5153061224489796,0.5153061224489796,0.5-0.6
a54bbh,AITA for taking advantage of the fact that my girlfriend only likes sex when drunk?,"So this is a complicated situation. Been with my girlfriend around 2 years and have lived together like a month. I love her a lot. Sexually though, we’ve had some issues. She’s down to make out, give head, handjobs, etc. But for whatever reason she’s not into penetration. I really don’t know why. She says it’s unpleasant even with lube. I have tried foreplay, sometimes for hours. It doesn’t seem to help. 

Thing is though, whenever she drinks, she’s totally fine with penetration. She’ll even get on top and ride me, which is just not a thing if she’s sober. I’m starting to feel bad. I look forward to nights when she goes out with her friend after work and comes home tipsy. Sometimes if she doesn’t hit the bar I’ll make drinks for her, hoping one thing will lead to another. 

She’s never really brought this up. But there have been a few times in the morning she’s asked if we had sex the night before. That concerned me and I got scared I had sex with her while she was blacked out. I was always honest though about whether we did it and she never seemed bothered by it. 

By the way, she’s a very functional drunk. Always coherent. A stranger probably wouldn’t even know. But she’s much more adventurous, which I happen to enjoy. 

Am I messed up for this?? ",22,20,1,5,3,48,0.4791666666666667,0.5208333333333333,0.5-0.6
9tj844,AITA for thinking that black characters wouldn’t fit in the new witchers series?,"I get why it’s being done. It’s produced in the US and has to appeal to the whole population, which includes a lot of POC. 

What bothers me though is that it’s something based on slavic/europan folklore, which is a white culture, and I’m pretty sure that if it was a fantasy series based on african cuture people would get mad and say characters were being whitewashed if any white characters were cast. 

 I like the Black Panther movie and think that it’s right that the characters are all black, since it’s set in a fictional country in africa, and if they ever made a series about terry pratchett’s discworld, having characters from all races would fit since it has references to a ton of different cultures. 

I just think that in this specific case having black people cast in a show based on european folklore doesn’t fit well.",80,82,0,5,2,167,0.47904191616766467,0.5209580838323353,0.5-0.6
b0ix2n,AITA For ghosting a guy for the shit he posts on social media?,There’s this guy I was talking to that I decided to stop talking to randomly without telling him why. I basically ghosted him and he keeps trying to contact me and get me to go out with him. The reason I stopped talking to him is because what he posts on social media. Like an hour ago he just posted a meme that said ‘running away from hoes because I want a nice faithful girlfriend’. He also posted yesterday a picture that said ‘if you friendzone me then help me fuck your other friends bestie’. I want to add we are both 23 years old and at this point with my age and everything I think that’s so immature and such a turn off it’s gross like grow up. Guys that are like that you should stay away from right ? Am I the asshole?,27,54,34,2,0,117,0.5213675213675214,0.5213675213675214,0.5-0.6
aw8h44,AITA For Turning A Guy Down Because He's short?,"I was at a bookstore last week and I ended chatting with a guy and he was nice and cute and asked for my number and even though I'm like 2-3"" taller than him I gave him it. We're both 22 I'm like 5'8 he's maybe 5'5, we spoke on and off for a week and he asked me out to a bar I had no plans and so I agreed and it was a good time he's a nice guy. But the more I was thinking about it during the date the more I thought to myself that it won't work out because he's a lot shorter than me. I still enjoyed the date and he paid our tab, after that we were speaking and he mentioned we should go to this cool other bar next time. And I just said I wasn't feeling anything between us, he was kinda bummed but said any particular reason? So I just told him I don't really like shorter guys, and he surprisingly took it very well. He said no problem I get it, thanks for the honesty and we hugged and went on our on ways. 

I told one of my friends this who's a guy and not short he's like avg height and he said that was super vain and shallow as the way I was describing him he was a nice guy and he can't control his height. However, my GF's think I was well in my right too and that its a deal breaker for them too and I'm not an ass.

AITA?",21,14,0,9,1,44,0.4772727272727273,0.5227272727272727,0.5-0.6
aqa5rg,AITA for not tipping the bartender after every $1 drink?,"It was thirsty Thursday, and very busy. The deal was $1 well drinks, and if you don't know what a well drink is, it's the cheapest liquor they have (which is why they can afford to sell it for $1. I got my first drink and tipped the bartender a dollar. Finished it in like 10-15 minutes and went back for another. I didn't tip him this time, I was going to tip every other drink. I mean it's a 100% tip for taking 5 seconds to pour me a drink. He was swamped and gave me my drink and told me ""It's a long night to not be tipping, they're $1 for a reason"". That got me mad, I made sure not to go back to that guy. They're $1 because it's cheap liquor. ",17,19,4,0,0,40,0.525,0.525,0.5-0.6
b87tf1,AITA if I don't tell a one-night stand that I have a girlfriend?,"I'm on mobile so I can't be arsed to type a long message. I'll keep it short and add details later if you guys need it.

 I'm 25 years old male and my gf is 26 years old and we have an open relationship, so there is no cheating involved in this case. Here's the the situation: I have a one-night stand with someone and I make it clear that this is purely a one-night stand with no purpose of seeing each other ever again and they want the same thing. Everybody just wants sex and everyone is on the same page here. BUT I'm not telling the other person that I'm in a relationship. Since it's just a one-time thing and everybody is getting what they want, I don't see the problem here. If I wanted a FWB thing or something more or if I led someone on then they obviously would have the right to know about my gf.

But some friends told me that in their opinion the other person ""always has the right to know"" about my girlfriend, even if it's a ONS. And it's assholish to not inform them. My GF always informs others about her open relationship even with a ONS, and that's perfectly fine. She also thinks it would be polite if I did the same, although she doesn't think I'm an asshole like her friends say. But AITA if I don't do the same?

I swear this isn't a validation post if someone thinks that, I'm seriously curious since I didn't see the problem and others called me an asshole.",19,14,0,7,1,40,0.475,0.525,0.5-0.6
avple4,AITA for refusing to lift something heavy for a woman as a man?,"I was asked by a female coworker to lift something heavy in the kitchen while I was working at my desk, but when I got to the kitchen, it was filled with other women having a conversation during working hours. I was offended that she would go out of her way to ask me while I was working just because I was the nearest available man, so I refused. The other women were clearly offended by my decision and some thought I was joking, so I kept on refusing until one of the women gets fed up and lifts the dang thing with ease. I thought one of them should have done it in the first place.

Am I the asshole?",501,624,82,26,25,1233,0.47283049472830496,0.527169505271695,0.5-0.6
ae6kgp,AITA for breaking up with my (ex) boyfriend after becoming close friends with someone else?,"I was in a relationship with my ex for 8 months when I met “Kyle”. Kyle was a mutual friend of my ex and we quickly became friends. I realized that Kyle and I shared a lot of interests and humor when we would hangout in group settings (my ex included). The more time I spent with him the more I realized I wasn’t a match with my ex. I changed myself for my ex and I was pretending to be someone I wasn’t just for the sake of being compatible. I felt way more comfortable with Kyle in the few weeks I knew him than I did with my (ex) BF of 8 months. I ended up breaking things off with my ex because I knew things wouldn’t be going anywhere especially after developing feelings so easily for someone else. I am now in an amazing relationship with Kyle and my friends and and family all adore him. 

The breakup has caused a rift in our friend group and all my ex’s friends have branded me an emotional cheater and assume that I left my ex just to be with Kyle. The more I got to know Kyle, the more I realize how unhappy I was with my ex, does that make me the asshole and the emotional cheater everyone assumes I am? Was this an emotional affair? Am I just trying to rationalize my wrongdoing? Any feedback would help!



",29,18,0,8,5,55,0.5272727272727272,0.5272727272727272,0.5-0.6
ay0oc2,AITA for not informing my twins about their birth order?,"I am the father of 11 yo twins. My twins don't know who the ""older"" brother is, because we didn't tell them. We believe the birth order of twins is completely irrelevant--they were born mere minutes apart, after all. Somewhat predictably, my sons are somewhat upset by that, and they keep asking me about it, despite our 11 yo old silence on the matter.

Telling A that he is technically older could make him feel smug or evoke protective feelings towards his ""little brother"". I don't want an essentially meaningless and irrelevant fact to affect their relationship. 

Needless to say, once they're fully grown adults I'll tell them who the ""older"" brother is, because by then they should be mature enough to realise that their birth order has no impact on anything.

Thoughts?",22,10,3,18,1,53,0.4716981132075472,0.5283018867924528,0.5-0.6
b0xd7g,AITA for lying to my son's girlfriend's parents?,"My son has been seeing this lovely girl for about 4 months.  They are both 16.  Her parents have a litany of issues (super controlling, narcissistic mom and alcoholic dad.)  Generally, because she lives much closer to the school, my son goes over there occasionally after school, and I pick him up in the evening.  I will also drive him there sometimes on weekends and pick him up when he's ready.

The mom has all sorts of odd rules for my son when he's there, which is fine.  It's her house.  Most of the rules seem to be based around her daughter's chastity.  He is allowed in her room, but not on the bed.  Then, weeks later, he is allowed on the bed, but not under the covers .WTF?  And she will check on them quite regularly, making sure they are being 'proper'.  (not under the covers, the door open etc.)  They also want him out before a certain time (which changes depending on ... ? )  Sometimes it's 7:30, sometimes it's 9:30.  Whatever.

Regardless, she usually doesn't come to our house, because her parents are so controlling.   Well, today she came over for the first time.   The night before, her mom called and wanted to talk to me.  I am a correctional officer and was working that night, so I wasn't home to take the call.  My son offers to let her to talk to my husband, who was home, but she only wanted to talk to me.   Later on, her dad calls, and he talks to my husband.   I don't have the details of the conversation, but basically, he wanted to make sure that there would be at least one parent home at all times and that we would keep an eye on them at all times.  My husband agreed.

Thing is, we don't really care.  I was sexually active at a younger age than them.  My son and I have had lots of talks about consent and not being sexually pushy with people and respect and birth control, etc.  He is a lovely boy, and I believe he would never push her to do anything she wasn't comfortable with.  They have been sexually active with each other already.  (teens will find a way!)  Anyway, not only did I not check on them constantly, I told him that as long as she was willing, I would give them as much privacy as they wanted, providing they were using protection.  My husband and I actually had to go out for a couple of hours, and I asked a good friend who lives just down the street if she would 'cover' for me, if this girl's parents called or showed up and pretend to be my cousin.  (parents did not have our exact address yet, so we would have had a warning about them showing up.)  Good friend laughed and agreed.   Turns out it wasn't needed.   Dad eventually came and picked her up.

I absolutely stand by my opinion that MY son can have privacy and agency over his own body at this age, but I am kind of wondering if I should have made that choice for someone else's child.  I kind of feel guilty, but I think her parents are WAY over the top control freaks.

AITA?",558,518,65,35,6,1176,0.5297619047619048,0.5297619047619048,0.5-0.6
b5ytyj,AITA for asking my (23m) GF (21f) of 11 months to see her birthcontrol?,"So, the title pretty much says it all.

We were getting in the mood to wrestle naked and while putting the condom on I asked if she was using birth control. I don't want children in the future but she says she's on the fence. We had this discussion very early on within the relationship. Everything seems fine about our relationship, but call me paranoid, I just wanted to have visual evidence that she was honest since this was the first time we were sleeping together.

Once I ask to see the birth control, it pretty much killed the mood for her and we ended up not talking for the rest of the night and me going home. Now it's the next day and she still hasn't talked to me.

All I'm wondering is AITA?",25,18,1,5,2,49,0.5306122448979592,0.5306122448979592,0.5-0.6
atkn12,AITA for not telling my now ex-girlfriend that I had a vasectomy long before we met?,"

Of course, I didn't know how serious the relationship would become when it started; she claimed to not want kids beyond what she has, so initially, I saw no need to tell her. 

A year or so passes, we're still together at that point (kind of miracle for me),  and her siblings are having babies left and right, so she playfully begins suggesting some baby fever based ideas. I recognized it was time to tell her.  

""Uh, I have something I need to tell you, and you might not like it and I'm sorry I didn't tell you earlier, but I just didn't know how, but I had a vasectomy xx number of years ago.""

It was very upsetting, actually, for both of us.  I could never think of a good time to tell her.

 It is usually something I'm very open about. And have mentioned it in my dating profiles, I've talked about it on social media,  etc.  
 
 It was a mistake, and by omission, dishonest, but unintentional.  I didn't think sharing it, or keeping it to myself,  would make a difference.  

Well, soon after that she begins making ultimatums, and mentioning deal breakers, that go against well established personal values. Hinting at breaking up and so forth.  

Hence, ex-girlfriend...

AITA?

",36,31,7,7,5,81,0.5308641975308642,0.5308641975308642,0.5-0.6
a96h3i,AITA for treating my mother with zero respect?,"My mom hasn't had a job since she started dating my dad 40 years ago. My whole life, my dad has done most of the cooking and cleaning and provided the sole income for the family. He makes a good salary now, and she constantly berates him for not making more, or complains that her life isn't lavish enough. She acts like a petulant child and I find it absolutely repulsive when I have to visit for the holidays (I live across the country from them, and only visit once a year). I'm so sick of hearing her bullshit. She has zero hobbies and zero interests aside from talking about wealth with her friends (who are all the wives of relatively successful men in the neighborhood). 

She's never shown any real interest in my or my siblings lives. The last promotion I got, her only input was to criticise me for taking so long to get one. I'm just so sick of being around this negative life sucking force. I had to put up with it for 20 years before I could move out, and every time I visit it puts me in a horrible mood. As such, I've barely said more than a sentence to her the entire time I've been visiting. I leave the room when she enters. I'm not even trying to hide the fact that I despise her anymore. I'm so sick of everyone catering to her bullshit.  ",25,37,17,0,0,79,0.5316455696202531,0.5316455696202531,0.5-0.6
awlnyo,AITA for taking advantage of my girlfriend after she cheated on me?,"

""So I have been with this girl for nearly two years and she always checked my phone and always acted a little crazy any time i talk to any female even related to school stuff. I love her and she was great in most other ways. I legitimately planned on marrying her once i graduated college. Im not a super jealous person but im obviously not ok with her getting with other guys. I trusted her and pretty much cut out interaction with other girls for her. 

Long story short, one morning i got out of bed for work and her phone was ringing (silently). I didnt think much of it...wrong number probably. I came back from the shower and she had a few texts from the same number. I opened her phone and saw 4 messages including ""Damn I miss your body *girlfriend name*...when can we do it again"". I was instamtly furious but i played it cool and left for work without saying a word. The next morning low and behold the texts and calls were deleted so i knew something had happened. I had had my suspicions before but this was the last straw. I took a day to think about revenge and i figured the best thing to do was to wait a week (for my birthday) and see what happened. I was probably a little hostile in this time but i tried to be cool until my birthday. I knew she was planning on buying me the newest iphone and mine was broken screen and still using the 6.   

So what i did...i waited until my birthday, got my iphone 10, and the next day i sent her the pictures i'd taken of her cheating and said i wanted her out and thanks for the phone. She initially tried denying, and then apologizing, and then blaming me, and calling me a total asshole.  (I never responded)




AITA Summary: Girlfriend cheated and i waited until she bought my birthday gift to break up with her",17,114,116,3,3,250,0.532,0.532,0.5-0.6
akscc5,AITA for ruining cheating ex's chances with other guys?,"Longtime lurker here, never posted tho! So yeah, I met this girl Sarah close to 2 years ago now, at the end of my last semester at uni and we really hit it off. We started dating after casually going out for a bit, and we ended up dating all the way up until early November 2018, when I found out that she had some sort of FWB type bullshit with a guy we knew at uni, and I broke it off, cold turkey and basically told her to go fuck herself. It still hurts like shit, since this was a fairly long term thing, age considered, and she didn't seem that guilty to me.

We do however have mutual friends so we see each other sometimes, and I kept her on my social media stuff, which is how I found out she was flirting with some new guy, Tommy. Tommy's actually a nice enough dude, and since I can't say I trust Sarah one bit, I messaged him telling him about the cheating and all the bullshit she did. He didn't believe me, but we met last month at a party, in which I pulled him aside, and told him all about her, and by the end of it, he seemed pretty turned off on her, and he cut it off a few days later.

Despite this, and the fact that things seemed somewhat serious between Tommy and Sarah, she had a new guy just last weekend, at another party. This guy was pretty decent, and when I caught Sarah looking my way with a shitty expression, I just lost it, and told this new guy all about her. They got into an argument, him saying something about diseases and storming off. The room was divided, some were on my side, some were obviously pissed at me and Sarah was FURIOUS. 

She basically went on a huge rant about how I'm a jealous asshole who can't let things go, and all this shit about me being controlling and possessive, so I just kind of left in the middle of her lecture. She's DM'd me on a bunch of apps, basically berating me/asking me why I did that, to which I've not really responded outside of a ""K"", or a thumbs up. A couple of her friends have said similar shit, and called me sexist and all that bullshit. 

So, is she right? Am I a possessive asshole, or was I in the right?",20,29,13,0,3,62,0.532258064516129,0.532258064516129,0.5-0.6
azyk40,AITA for letting my mom come to stay with my Wife and I after having a child?,"My Wife and I had our first baby, a boy, four months ago. It's been great, if not exhausting. My Wife and I have a great relationship, the only real problem we've ever had is housework. At best in the time I've know her it's been a 65/35 split with me doing the 65, most of the time it's been 80/20. This was something I could live with when it was the two of us but since having our baby she's almost stopped doing any house work other than things related to the baby during the day.

I work 45 hour weeks, so not too bad compared to some people on here, but when I come home I'm usually exhausted. She asks me to take the baby when I get home so she can have some time to herself, which I'm happy to do, but then I also have to wash dishes, cook dinner, clean the house etc because she does none of it and if I don't do it she won't. I've tried asking her for help and expressed how exhausted I am and her reply is ""I'm exhausted too from looking after the baby all day."" I know it's hard work but even if she just did some small things it would make a big difference but she won't do anything, even after I pleaded with her to help.

So here's where my mom comes in. I vented a little to her and she felt bad so offered to come stay for a couple of weeks (she lives across country) and help out around the house and look after the baby a little bit so my wife could rest. I was extremely grateful, thanked her and told her I would arrange it with my wife. Note that my Wife and my Mom have a good relationship as far as I'm aware, we don't see them very often but my Wife always has good things to say about her.

When I excitedly told my wife she immediately got angry, said we didn't need help and we can handle it ourselves. I told her I was struggling and needed the help but she said to just get on with it. This made me upset so I told her if things didn't change in the next week I would be inviting my mom with or without her permission. The next week went by and things were the same, no housework done, she handed the baby off to me after work etc.

I told my mom to come and she flew in the next weekend, my wife was extremely upset and yelled at me a little, I told her that this was happening and to ""just get on with it"". Since my mom arrived she's been very cold and possessive of the baby, it has been a godsend for me though as I've been able to relax a little after work and actually get some me time. We went out to lunch with one of my wife's friends (which we could only do because my mom was looking after the baby) and when my wife went to the toilet her friend said to me ""I can't believe you undermined her like that, she's really upset."" I was a bit put off and said it was between my wife and I.

TLDR; Wife and I had baby, I have to work and do all housework as wife doesn't want to/is too tired to do any. Mom offered to come help, wife didn't want her, I invited her anyway after feeling extremely burnt out.
",31,37,11,11,2,90,0.4666666666666667,0.5333333333333333,0.5-0.6
b35yfy,AITA for rejecting my boyfriend's proposal,"My boyfriend and I have been together for almost 5 years. We have been planning our engagement for a bit, and I had one big rule for the proposal and that was that he not involve anyone else in the proposal but us. I don't want to get too far into the backstory, but my ex husband essentially went behind my back to ask my parents for my hand, and I ended up forced into the marriage by pressure from him and my parents. My boyfriend knew this and definitely knew my rule because I asked him over and over not to include other people.

In spite of this, he decided to propose by first asking my children (from my first marriage) for permission and then included them in the actual proposal by having them hold up signs during the proposal. I wanted to be happy in the moment, but I was so hurt that he went against the one request I made.

I ended up taking him aside and asking him why he ignored what I asked of him. He told me it was different because they're my children and us getting married is their decision as much as it is mine and his. This really hurt me given that he knew how important my autonomy in the decision was to me. I told him I couldn't say yes to the proposal given the circumstances.

My children are furious with me and my oldest won't even speak to me. My friends called me selfish for not seeing the thoughtfulness in his proposal. I feel like no one is on my side, and I'm starting to wonder if I'm the problem. Am I an asshole for saying no to his proposal because he asked my children for permission and then included them?",113,98,20,56,6,287,0.4634146341463415,0.5365853658536586,0.5-0.6
axlilo,AITA for telling a girl I have been seeing that I won't skip the gym one day a week to see her more?,"Background info:

I workout 6-7 days a week. I have been for 6.5 years and well before she was a part of my life, and in fact, my body is likely (though she'd never admit it) what attracted her in the first place. 

Lifting is my main hobby. Outside of working (currently ~8:30am-6pm Monday-Saturday, normal hours 9-5 M-F) it's really the only thing I consistently do on a daily basis. I love it, it makes me happy, and it's really the only hobby I have. By the time I get back from the gym it's 8:30-9pm and I'm tired and lay in bed with my cat and watch Netflix until I pass out. I hangout with her either Friday or Saturday night every week.

So, this girl I have been seeing for about a year now brings up the other day how she's been getting ""weird vibes"" from ""people and her family"" about how I don't see her enough. She then transitions that to ""can you skip the gym one day a week to see me more"". I think she already knew I wasn't going to do that-- she knows me, she knows I don't skip unless I have to. But I told her, no, and now she's been being a dick and ice cold for the past 3 days and giving shit about how she ""sees where my priorities are"" and how she's going to ""stop giving a fuck because that's what I want"". 

I don't think I'm being unreasonable. As I said, it's really my only consistent hobby and I even told her I'd never expect her to skip something weekly that she really cared about. I told her I could even understand if she wanted me to do it occasionally, but to expect me to do it once a week is ludicrous to me.

I understand her intention for the question is just because she wants to see me more which is great, but I don't think she should be treating me like such an asshole for telling her it's not really something I'm willing to do.

Reddit, am I the asshole?

**TL;DR: I workout pretty much daily and girl wants me to start skipping to see her more**",73,28,4,38,1,143,0.5384615384615384,0.5384615384615384,0.5-0.6
apympl,AITA for not telling my SO that I am a millionaire?,"For reference, I’m an attorney and my SO is a software engineer. We’ve been married for 5 years. We have a 3 year old daughter and live a comfortable upper middle class life.

I won the lottery to the tune of 8 figures in my senior year of undergrad. After taking some friends on a 2 month European vacation, setting up trusts for my parents’ retirement and my brother’s college education, and paying for law school, I put what remained (not an insignificant amount) into various investment accounts. I don’t intend to touch these accounts until retirement. If all goes well, my SO and I should be able to retire before age 55.

There haven’t been any issues in our marriage as of yet. Arguments are easily resolved, our sex life is quite good, and we’ve never had to worry financially. My reluctance to tell my current SO about my wealth stems from prior relationships where it’s clear in hindsight that my former SOs weren’t interested in me but my money. But at the same time, I feel that I shouldn’t continue keeping a secret as big as this from my SO.

So, AITA for keeping my wealth a secret?",115,53,1,46,4,215,0.5395348837209303,0.5395348837209303,0.5-0.6
agehjv,"AITA for asking ""to many"" questions in class?","So, this is a little bit odd but an interaction that happened today has made me feel really weird and bad.

So, i'm a junior Computer science student and I started classes last week. When I'm in class I like to interact, ask question, and sometimes make a joke because I find it helps the best with me learning. I find that i'm usually one of about 3 students in a class to ever interact and i've always thought it was ok.   
Well, that was until I started a computer networks class this semester. No one in the class of 40 but me ever asks questions or speaks up regularly. So I found that every class i'm the only one asking questions or responding to the teacher. All the questions I ask are on topic but sometimes are there just to clarify or ask something related but that might not be covered. 

I've always thought this was fine until today, When I got out of class one of my friends came and told me he overheard some of the other students calling me annoying and ""A ass kisser"". I decided to go and talk to one of the people who said this and he told me that apparently others find the fact that I always ask the teacher questions or respond to him annoying and that they find my jokes ""moronic"". He told me that i'm making a fool of myself and that the teacher probably doesn't appreciate that I ask questions that won't be covered on the tests and that I look stupid ever time I ask for a clarification. 

This honestly is tearing me up right now. I thought I was being nice by trying to interact in class but apparently others think i'm an ass because of it. I would like some outside perspective on this. Am I making an ass out of myself by doing this?",25,32,2,0,2,59,0.4576271186440678,0.5423728813559322,0.5-0.6
anundr,AITA For Telling my GF to Become a Productive Member of Society?,"I'm M22, she's F23. She's going to graduate with her masters in a few months and has never had a job before. Her family is pretty well off, her dad is a dentist and mom is an accountant and she lives with them where they provide her with around 1k+ a month in allowance. Now she wants to move in with me, I rent an apt by myself and said she'll pay half the rent. I'm ok with this as we've been together for almost a year and talking about this now seems like a good step. So when I asked her about how is she gonna pay for rent and bills etc she said her allowance from her parents will cover half the rent and bills and then she's going to expand her instagram (she has like 8k followers) to get money through affiliate marketing. I was pretty against this and told her she needs to get a job and go into the real world like an adult and make real money. I told her that with her parents allowance and her working anywhere even for min wage full time she'll have a good monthly income and be able to save and buy things instead of struggling month to month. Also she doesn't realize that she'll have to struggle month to month, after bills and rent she'll have only a few hundred dollars left and I think she expects me to pick up the tab which I'm not going to even though I'm on track to make 70k this year. 

&#x200B;

I told her all this and how if we were to move in she'd need to get a job and move into reality where people work and don't just go to school for no reason. She got upset by this and said that she can make some money off IG from posts but I don't think she can make that much from posting pics of her ass and tits (even though they're nice). I also told her its because of her friends not being in the real world like her she hasn't real seen it, all her friends have wealthy families and live off them and just go further into school without ever having a job.

After all this was said she was really sad, and said I made her feel like a bum and that I'm an asshole, dick etc 

&#x200B;

AITA for this?",22,28,5,4,1,59,0.4576271186440678,0.5423728813559322,0.5-0.6
am0mut,AITA for asking my husband to leave the apartment for a couple of hours?,"We live in a studio apartment which means pretty much no alone time when both are home. I will sometimes go to the kitchen to bake/ hang out but usually we are in the same room. I work full time and he works only 10-20 hours a week which gives him plenty of time home alone (we don't have kids). He doesn't go out a lot or meets friends often so he really is usually home when I'm home. It's not like I can't read a book with him in the room or watch shows he doesn't want to watch but it is just a different feeling when you are completely alone. I have always valued that and loved living alone.

He moved in to my apartment almost 2 years ago and I guess it still doesn't feel like his apartment yet. Whenever I ask him to meet his friends or find something to do so I could have a couple of hours to myself on a Saturday afternoon, he gets really hurt and says he doesn't feel welcome in his own home. Then he wants me to specify exactly how many hours I need and what he is supposed to do outside when his friends don't have time for him.

This Sunday we're going on a day trip to the sea and he said if in addition he can't be home on Saturday, he doesn't really have a relaxing weekend at all. But he his home alone all day today (Friday) and he probably doesn't have to work on Monday either... I don't understand his problem there as he has plenty of free time every week.

Regarding finding a bigger apartment: So far we have not been able to move because his job situation is so unstable and he is not making much money. And we live in a big city where affordable housing is almost non existent. We hope his situation will change this year and we can move then.",37,25,0,19,2,81,0.4567901234567901,0.5432098765432098,0.5-0.6
assug9,AITA for feeling that getting into a hot tub at a party (that has girls in it) without my girlfriend is not disrespectful towards her?,"So last weekend my best friend had his 30th Birthday party at his family's beach house (massive mansion is a better term). He invited about 25 people to come over to celebrate/sleep over. The house has a heated pool and a hot tub, so we brought swimsuits. 

Most of the attendees are close friends of mine. My girlfriend of nearly 2 years has met many of them on multiple occasions. They're all super nice, respectful, & intelligent adults...but, this group does like to have fun. In the past my gf has been uncomfortable in certain situations she isn't as used to as I am, so I explained to her what she might encounter at this party. I warned that things like people getting naked in the pool and MDMA use were a possibility. 

 I said if she wasn't comfortable she didn't have to come. But if she did go, as I rarely get to see these friends, I just wanted to enjoy the party without worrying about her being offended by everything. She promised that she would be fine and wouldn't start any arguments.

We get to the party, everyone has a great time. Some people do end up rolling but its mostly pretty tame. Around 12am I tell her I want to go in the hot tub. She didn't really want to go in, so I suggested I could just go in without her.

Thats when she says: ""if theres half naked girls in there you're not getting in"". I protested, its just my friends in the hot tub. And if people want to get naked thats on them, we're all adults.  To which she responded, ""I don't want you perving on any naked girls. If you respected me you wouldn't go in"". I assured her I wouldn't be ""perving"" and didn't see the big deal. She was welcome to join, and should trust me regardless of whose in there. (To be clear, nobody was actually naked). She then got upset and went into the bedroom alone. She later changing her mind and went in the hot tub with me (probably to ""babysit"" me)

This isn't the first time we've had a hot tub disagreement. About a year ago with friends on a ski trip, some of the girls didn't have suits so they just went in in their bra/thongs. Nobody else cared. But my gf started shooting daggers at me and was angry the rest of the night. She later told me ""that was so inappropriate, those girls have no respect doing that around people's boyfriends"". I disagreed, which sparked an argument.

Also later at the 30th bday, a bunch of us were talking in one of the bedrooms. Two of the girls (who are bi) started playfully kissing each other on the bed. I glanced over but didn't stare or anything. My gf gave me an angry look and said ""what do you think you're doing?"". I was confused. ""You're really not going to look away?"". She walked off upset.

AITA for not finding these things disrespectful?

To preface...she's always known I had a bit more of an ""alternative lifestyle"" during/post (lots of music festivals, burning man, psychedelics, etc). I was always open with her about my liberal views & experiences. Shes always *claimed* to accept that about me.
",13,17,12,4,0,46,0.5434782608695652,0.5434782608695652,0.5-0.6
b2qa12,AITA for wanting to bring another girl with my girlfriend and me to prom?,"My girlfriend (18 F) and I (17 M) have been dating for close to a year now. With prom coming up soon, we sat down to talk about our plans. Well, at work the other day, the subject of prom came up at work too. I started to talk to my friend (20 F) about it. It turns out that she never got to go to her prom because she was in the hospital. 

&#x200B;

Well, this friend is pretty important to me. When I started my job almost a year and a half ago, I lacked almost any social skills. This friend was the first person to really talk to me and treat me like a friend. She helped me through one of the most trying times of my life, as I also had severe social anxiety prior to starting this job. While my friend probably doesn't know this, my progress to having the social skills I do now is largely in part to her. I see this as an opportunity to give back to her for helping me.

&#x200B;

My girlfriend is opposed to me wanting to take her with us because she says that this should be our special night, and she wants me to herself. I hold the position that I want to take her due to the aforementioned reasons. So what do you guys think? AITA?",31,3,0,23,1,57,0.543859649122807,0.543859649122807,0.5-0.6
a7mngs,AITA for kicking a player out of our D&D group because they can't do math?,"I'll try and keep this short.  Quick context.  I play D&D with a group of 6 guys.  We meet each week, and the group is about 2 years old at this point.  One of the players (Adam) invited a coworker (Sarah) to join us for a few games.

So in D&D there is a lot of math.  Not difficult math, but a lot of it.  Basically in combat you roll dice, add or subtract based on your character's stats, and use the final result to determine if you hit an enemy, how much damage you do, or if you escape a spell or trap.  It really is mostly single digit addition with some double digit thrown in.  Nothing too tricky.  At least not for most people.

Sarah has been playing with us for a few months now, and on average it takes her about 10 times as long to take a turn as it does anyone else at the table.  I don't mind someone being a bit slower on the mental math aspects of the game, but this woman actually has turns that go over 7-8 minutes because it takes her a full minute to add 3 single digit numbers together.  At first we thought it was because she was learning the rules and might have been nervous playing for the first time, but she has all the formulas written down.  It just takes her that long to do the calculations.  According to Adam she is known for being slow at work as well.

Well at this point she is taking so long that we are losing a lot of our limited game time just sitting around waiting on her to finish her turn.  A rotation at the table is basically all of us taking 1-2 minute turns, the DM taking 3-4 minutes (since he is controlling all the baddies so it takes awhile) and then Sarah taking almost as long as all of us combined.  It sucks.  It isn't fun only getting maybe 90 minutes of game done in a 3-4 hour session.

We group text after the game and talk about maybe removing Sarah from the group.  Everyone seems on board with the idea except for Adam who doesn't want to things to be awkward at work should she be kicked from the group.  He also argues that she is having a lot of fun which is true.  Even when she is struggling to do her turns she does seem to genuinely have fun.  So we agree to give her another chance if Adam can take some time at work and see if he can get her to speed her turns up a bit.  Adam agrees and all seems well.

It turns out we're all idiots, and Adam spending some time during lunch over the course of a week cannot magically make Sarah better at mental math.  She's just as slow as before, but now she looks frustrated when she is counting.  Adam had mentioned that we needed the game to go faster, and so now the pressure was on her and it definitely showed.  Now Sarah was more annoyed and short with us during the session and was clearly not having fun anymore.  By the end of the session Sarah ends up snapping at me and another player and started to cry.  We decided to cut the session off there after she stormed outside and Adam ended up comforting her and taking her home.

This was last week and other than a text saying ""Sarah won't be doing D&D anymore"" he has been pretty quiet for all of us.

So am I the asshole here?  We basically introduced someone to a game they really enjoyed, but because she couldn't do math fast enough we ended up making her break down in tears and leave angry at us instead of having fun.  I was the primary driving force initially to remove her from the game, and I was definitely the most frustrated by her.  Now that it has happened though I just feel really guilty.",28,18,2,7,2,55,0.5454545454545454,0.5454545454545454,0.5-0.6
amwep1,AITA for wanting my sister to design me a tattoo without charging me?,"So my sister has just recently designed her own tattoo. Then, a few months later she designed her boyfriends. The topic of tattoos came up and I she asked me if i would ever get a tattoo. I said yes and began to explain what tattoo I would want. She offered to design the tattoo for me and I thought it would be lit for my own sister to make my tattoo.
Anyways this is where she said ""and I won't charge you that much for it."" I was like ""lol, I'm your brother. Did you charge (your boyfriend)?"" She said she charged him in sex and theres an obvious reason why I cant pay in that way. So, she didnt charge him money. As a matter of fact she has never once charged anybody for her artwork. Not a stranger or a single family member. I said that I would take her out for dinner if she made it and I liked it enough and she dropped obvious hints that she would abuse that power. Saying she would make me take her out to some super expensive place like FogoDeChow. She had made art for the family multiple times and I asked if she could make it as a gift for me. She flat out said no. The only way she was going to let me get this tattoo design was if I payed her. She then proceeded to show me a ""choosing beggars"" video and I was like ""I'm your brother not some random dude on the internet."" Anyways she and my mom kinda ganged up on me and I thought it was totally fucked. Am I the asshole for wanting her to not charge me?

TL;DR - My sister wanted to charge me and me only for a tattoo design, despite never charging anybody else. I thought that was bullshit and continued to give my argument to why it should be without charge. ",19,16,5,4,2,44,0.5454545454545454,0.5454545454545454,0.5-0.6
anr4eb,AITA for showing a woman at my gym too much attention?,"I have been going to my gym for almost 3 years. A few months ago I noticed a woman that I thought was extremely attractive. I’ve always been good about not approaching or talking to women in the gym because we are all there to better ourselves and not be annoyed by people. 

Well one day I was benching and she was literally the closest person next to me and I asked if she would spot me. Strictly plutonic and it even started some small talk. Since then we have talked once more in passing. We occasionally catch glances with each other and smile.

Well today I was finishing my lift and saw her leaving the gym. I caught up to her and asked if she wanted to grab coffee later this week. She replied with that she was married (I had no idea, she didn’t wear a ring, which I completely understand). She then followed by saying that she preferred me to stop talking to her. I told her that we have spoken twice before and just caught eyes occasionally. And she replied with just please stop. It made me feel like I was being super creepy and now I nervous to go in the gym. Am I the asshole for approaching her this third time?

TLDR: approached a cute girl a few times in my gym, she told me to stop, and now I feel like I’m a creepy asshole.",25,13,0,17,1,55,0.45454545454545453,0.5454545454545454,0.5-0.6
au9bkj,AITA for making an obese man pay me cash to take up part of my seat on a long flight?,"So this month I was flying across the country on a long 5 hour flight, which I had booked and seats selected for. I specifically chose an aisle seat in a row of two, so no middle seat — just the aisle and window. 

Well, a very obese man boards and I can tell instantly he is going to have a tough time fitting in any of the seats. I assume maybe he bought two hence why he’s even attempting to hoard. I’m mentally crossing my fingers he’s not next to me, but sure enough he ends up pointing to the window seat next to me to let him in. 

I get up and let him in politely, wanting to at least give him a chance. Well, he sits down and is easily seeping into about 1/3 of my seat. I sit down and am pressed up against him, making me uncomfortable. After a minute, I decided to be upfront and tell him:

“Sir, I’m sorry but this situation is not working for me, you’re taking up quite a bit of my seat”. 

He wasn’t rude, but sort of gave me a shrug as if there’s not nothing he can do — although he did sort of tighten his arms in to try and be narrower. It just wasn’t enough, though. He still was overhanging over the armrest about 1/4th into my seat even when squeezing his arms in. I’m talking about fully hanging over the armrest into my seat. 

I end up stopping a flight attendant and ask her what can be done about the situation. She instantly tells him that he is likely going to need to purchase another seat. She goes to the front and comes back saying that there aren’t any open seats on this flight, so there wasn’t a way to move people so he could have two. This causes a very awkward silence. 

The guy seemed embarrassed and didn’t want to get up. He mentioned how he can’t wait for a later flight. I felt bad for him but I was also thinking about my own comfort on the long flight — the comfort I paid for. The flight attendant tells him that unless someone on the flight agrees to let him take up part of their seat, he’ll need to book another flight. The guy seems really flustered by this ultimatum, and here’s where I made my offer. 

I told the guy, “Look, I’ll put up with this if you give me $150 — that’s half the cost of this flight and that would compensate me enough for the circumstances. 

He instantly agrees, pulls out cash and pays me. He even told me he appreciated it. 

Well the people sitting behind me (who keep in mind didn’t volunteer to sit by him) were making under their breath comments about me being an asshole for doing that. I just ignored them and put the cash in my wallet. 

From my perspective, I gave the guy a valid option to stay on the flight and I was compensated for literally having only 75% of my seat max (let alone the feeling of a person’s body pressed against you involuntarily). A win-win. He wasn’t angry at all, if anything he seemed quite relieved we could work it out privately. 

After the flight, the couple behind me glared at me but I ignored them. This leads me to beg the question, AITA? ",202,211,37,76,4,526,0.4543726235741445,0.5456273764258555,0.5-0.6
axmc9y,AITA for being upset at not being invited to my sister’s wedding even though I’ve been clean for over a year?,"Please bear with me through all these details. 
Long story short, I got addicted to opiates, and then heroin, after a car accident a few years ago that left me with chronic pain. 

I am not debating my assholeness when I was at my worst. I know I was bad. I lied to my little sister (who is now 25 and I’m 28), I stole money and valuables from my parents (this is what I’m most ashamed of) and it eventually got so bad that they had to cut all contact with me. I got clean through my own doing and only after I was 6 months clean have they all been willing to reestablish any kind of relationship with me. 

Moving forward to now, it turns out my little sister is getting married in a couple of months. I found out when my sister told me that I wouldn’t be invited because even though I’ve been clean for over a year and even though she’s proud of me, she still doesn’t trust me and her fiancé agrees that neither of them want me there “in case something happens”. She said she didn’t want me to find this out from someone else so she is telling me herself. 

When she told me, I didn’t yell, but I was noticeably upset and I said, “If you don’t trust me enough to not fuck up your wedding, why even bother having me around at all?” I then asked her if this was her saying this or her fiancé saying this, as he only really knows me as the addict older brother and isn’t my biggest fan, to say the least. She then got upset at me so I just left as I didn’t want to start a fight. 

Honestly, I was and am pretty devastated. My sister and I grew up super close and she was my best friend for a really long time until the addiction took over. I can’t believe I won’t be there for such an important life moment. 

I feel as though I have proven I’m stable enough by getting a good job, staying clean, and am taking care of myself enough to come to her wedding. 

This was all a few days ago and I haven’t spoken to her since. I don’t know what my parents know about all this but they didn’t bother to tell me about the wedding at all. 

AITA for being upset about not being invited? 



",66,19,2,63,1,150,0.4533333333333333,0.5466666666666666,0.5-0.6
b7caz0,AITA – for wanting to use ‘lads’ and ‘guys’ to a mixed group,"  

I play an online team game which is 99% male players. Recently we asked a girl to join our team, lets call her Jane. After match we often say stuff like ‘well done boiz’ and she told us that makes her feel like not part of the team and suggested we say something like ‘well done team’ instead. We all agreed to try, she is part of the team and as good as any of us guys. Jane has said it is difficult for a girl to play in an all male group but I don’t see why as we treat her well.

Yesterday one guy posted in group chat that he could not attend a practice and said ‘Have fun lads and Jane’. Jane responded by telling him that was worse than just saying ‘lads’ and made her feel ‘othered’.

The group had a bit of a chat about it and I said I was gonna keep using ‘lads’ and ‘guys’ because I mean the whole team when I say that and I am not giving in to radical feminism. 

The guy who started this though, said he was sorry for what he wrote and he was trying to include her and he would try to refer to team or people in future.

I ought to be able to use normal words without overly sensitive people feeling hurt by it. I am surprised that some of the other guys are taking her side though.",22,21,2,8,0,53,0.4528301886792453,0.5471698113207547,0.5-0.6
auntjs,"AITA for ostracizing a new coworker from the ""in group"" because of his ""holier than thou"" attitude and his attempts to police our speech?","I work on a team for a semi-large computer networking firm. My team comprises of me and about 7 others including our boss. This team is one of the ""Upper"" management teams. All of us have masters in comp sci or computer engendering with my boss having his doctorate. We pretty much have final say in anything related to the network and oversee most of the workers and the day to day operation of the network. This is where Brian comes in.

about 3 months ago Brian was hired out of nowhere and brought onto the team. Quickly we found out that the kid was a fresh graduate from college with a bachelors in electrical engendering who was related to one of the owners. This already put him on the outs with us. Almost all of us had at least 4 years experience when we were hired or went through a rigor's hiring process. Outside of him needing his hand held for the first while or so, I tried to be optimistic and friendly with him. Tried is the key word.

He's gotten on almost everybody's nerves and has made sure to make himself the odd one out in every situation. He act's as if he's better than everyone else and makes you know that. This would be bad enough, but he quickly started to complain about how we talked too. In the office when it's just the team, we try to be casual with each other and most of us will swear or make ""inappropriate"" jokes. Well, soon after he was hired Brian went to our boss to try to get us ""reprimanded"" for, as he puts it, ""Inappropriate actions"". My boss pretty much told him to calm down but Brian has made it clear that he doesn't like it and we need to change. Whenever he hears us swear he gets very passive aggressive, making sure to ""fake swear"" with us (you know how like kids will?) and direct it towards the person he has a problem with.

There are multiple other problems with him as well like his immaturity and and weird views on the media but those are not my concern. Well, with everything that's been going on with him, me and my coworkers slowly decided to simply ignore him. When ever he would try to talk to us we would ignore him unless it was work related. We stopped eating with him, we stopped allowing him to join in on conversation with us, and we pretty much ignored him unless we needed to talk to him. Apparently this hit him hard. From what I understand he's called the heads crying about this multiple times and has complained to hr who refused to do anything. Along with this, without us constantly helping him he's taken a huge hit in performance. Apparently even though he's only been on a few months my boss says the heads are looking into terminating him due to his lackluster performance.

I do feel a little bad here, we did pretty much stop associating with him abruptly and we are his coworkers. But he shouldn't have been hired here either and he's extremely pushy with his views so I don't know. No one on the team want's to talk about it so I'll just ask here, Are we the assholes here?",11,18,12,1,3,42,0.5476190476190477,0.5476190476190477,0.5-0.6
asochu,AITA for telling my wife she needs to be more interesting?,"Context: my wife (31) and I (31) have been together for 8 years, is pregnant with our first child (12 weeks, planned), and while we've told family members, we haven't announced to the greater world. Lately we've been talking about when we can announce, and while before she didn't want to because of concerns around early pregnancy complications, she now says she doesn't want to because she is worried she'll be reduced to just being known as ""an incubator"" and that her identity will revolve completely around the baby. Also, we moved ~2000 away from our families, so we don't get to see them often.

I've asked her why this worries her and she said it's because my family only asks about how how big the baby is, or how sick she is. This is definitely true, as we have a big group family text with all 8 of us and it's the main thing they ask about every week. I said, ""What else would you like them to ask you about?"", and she said ""Anything else.""

She's one of the most interesting people I've ever met, but she doesn't talk much unless you dig for it. She's an introvert, I'm an extrovert. When we first met I put in almost all of the effort into our relationship. She grew up racing speed boats with her family, went to school for an economics degree but then switched to computer engineering later, loves beer and the same kinds of music I do. Her typical day however is to come home, sit on the couch with our dogs, and watch FRIENDS reruns until it's time for bed. To be absolutely clear, I have no problem with this, but if you ask her ""What's up lately?"", she'll just respond, ""Not much.""

She doesn't really participate much in our group texts, and has muted the conversation on her phone because ""otherwise it goes off all day and distracts me from work"". I'm totally fine with it, but I told her it gives off the impression she doesn't want to talk with my side of the family because it's the main way we communicate. She said that if someone wants to talk to her they can call her to talk because she doesn't like texting as much and they can talk to her directly. I told her that while that is true, she's given off the vibe that she wants to be left alone, and that has most likely deterred anyone from doing that.

I told her she's a closed book, with extremely interested chapters and stories of her life inside, but when she refuses to talk to people that's an active decision that then really only gives them her ""cover"" to look at, and right now her ""cover"" is ""pregnant daughter/sister-in-law"". I even flipped it and asked her what she asks our neighbor about when they talk, who has a 1yr old son, and she said ""... how her son is doing..."". I told her that most people aren't going to dig in to find the good stories like I did, and she needs to open up a little bit and put effort into relationships with people if she wants them to get to know her.

Am I the/an asshole?",32,15,1,25,1,73,0.4520547945205479,0.547945205479452,0.5-0.6
aaxfgz,AITA for kicking a girl out of my car and leaving her on the side of the road?,"I've been kinda seeing this girl lately, I'm 27M and she's 21F, and for the most part things have been going fine, although there is still a little bit of immaturity on her side.  Anyways, I was driving her back to her house and cutting through some back roads and we see some people walking up the street.  I live in the Northeast and it's very cold outside right now.  She sees them and gets this huge smile on her face and tells me to ""watch this.""  She starts rolling her window down and starts opening up her water bottle.  At this point I'm pretty sure she's going to douse them with water in frigid temperatures.  I tell her not to do it, but as we drive by them she flings the water out of her water bottle all over them and laughs and gives me the biggest shit eating grin.

I was fucking pissed, because I'm pretty sure what she just did could be considered assault and if they got my liscense plate I could be liable.  So I pulled over about 100 yards past her victims (they could still see us) and told her to get the fuck out of my car.  She looked at me shocked like she did nothing wrong and refused.  I reached across and opened the car door, and then unbuckled her seatbelt and told her to get the fuck out of my car again.  Again she wouldn't and told me to just drive her home.  So I pushed her out of the car, drove forward a little bit so she couldn't scramble back in, and tossed her purse out a little further up.  And then I drove off and left her on the side of the road.

Obviously she blew up my phone calling me an asshole, and its needless to say that whatever this relationship was it's over at this point.  I dont think I was out of line, but she did only have a sweatshirt which is not the best in freezing weather.  She claimed she had to run away because the people she flung water at started coming at her.  And I know she's broke ass, so it's not like she could call an Uber or Lyft, she would have had to get a friend or family give her a ride if she could find someone (she had her phone), otherwise it was probably a 6-7 mile walk home.

I dont feel bad for kicking her out of my car, what has me doubting myself is the conditions I left her in (potentially violent situation, no heavy winter clothing, and broke).  AITA?",16,56,52,0,1,124,0.5483870967741935,0.5483870967741935,0.5-0.6
akrtu7,"AITA (or we, wife and I) for buying a house in an underserved Hispanic community?","Will keep this very short but can add INFO if needed. Wife and I came into some nice inheritance in mid 2018. We decided that we are going to use the money to see the world and live in exotic places while trying to get our dream careers going (me: writer, she: clothing designer). We also wanted to live in underserved communities where we could be around real people instead of the Dallas suburbs we grew up in or in gentrified SoHo where we moved from.


We decided on South Tucson, AZ. It is 90% Hispanic, historic and gorgeous. We were able to buy a house for a song and we eagerly moved in 2 weeks ago. However the reception has not been good. At first we figured that maybe we were the first open lesbian couple they had seen so we went around and introduced ourself last week and people were either not friendly and our 65 year old neighbor told us that white people like us only bring problems to the neighborhood. We asked her to explain, she said if she has to explain then we truly don’t get it. 

I don’t think we are assholes but I sure felt like it  after speaking with our neighbor. We are just trying to experience a different culture...I thought that was a good thing.
",26,18,2,5,2,51,0.5490196078431373,0.5490196078431373,0.5-0.6
ak1rvk,AITA for getting mad at my boyfriend for being too gentle during sex? (nsfw),"I (21F) and my boyfriend (26M) have been dating for a few months and have been having sex regularly. We talked beforehand about our likes and dislikes, and I told him that I don’t like sex to feel too gentle or passionate and that it makes me uncomfortable. I know it’s strange but I was in an abusive relationship before and I’ve found that when I have rough sex I can sort of let go and have fun but when it’s gentle and about connection I get all in my head and I get really uncomfortable and I hate it.

Last night we were gearing up to have sex, and he said he wanted to have “normal” sex, and when I asked what he meant he started kissing my body a lot which I didn’t really like.  I told him I didn’t like it and he stopped but he kept trying to do cutesy things like playing with my hair and chaste kisses and stuff, and I got mad at him and told him to stop. I didn’t really say much I just put my clothes on and left.

I haven’t answered his messages today. AITA?",33,12,0,15,1,60,0.55,0.55,0.5-0.6
b65681,AITA for making an inappropriate joke in Build-a-Bear? Think girl I was dating ghosted me and I really liked her.,"I’d been dating a girl for a few weeks and I really liked her. We had good chemistry, both into taking it slow and we’ve only kissed and cuddled a bit. We share a dark sense of humor so maybe something else is going on but I wanted to ask her to see if my joke was really assholish. 

We were walking around the mall and she saw that there was a Build-a-bear. She wanted to go in to see if she could get an outfit for her cousins bear. When we walked in, it was really crowded and I said “damn it’s way too busy in here to meet my soulmate today, let’s hit up Gap kids.” 

The mood seemed to change a bit but she still hugged me goodbye and I thought we left on good terms. But I’ve been ghosted since then. 

Am I the asshole for what I said?",79,37,3,30,2,149,0.5503355704697986,0.5503355704697986,0.5-0.6
b1gtjq,WIBTA if I threw several pillows at my meowing cat?,"This story is short.

Our cat gets fed every morning around 7:00 AM when my girlfriend goes to work. I don't typically wake up until around 8:30 AM, but one of my cats will sit in my doorway and meow constantly - like he was never fed, and that I need to come feed him. He does this as soon as she walks out the door; it's like clockwork. Basically, my cat is waking me up every morning almost 2 hours before my alarm.

I have tried ""fake"" feeding him, and that usually gets him to stop.

Most mornings I just roll over and pretend I don't hear him, but tomorrow I have a big meeting and really need my sleep; would I be the asshole if I put a bunch of small (soft) pillows by my bed, to use as ammunition when he comes meowing? I think if I startle him, he'll run away - and give me at least a few minutes of peace.",29,29,9,2,0,69,0.5507246376811594,0.5507246376811594,0.5-0.6
b83tgo,AITA for not cutting a customer's hair? (I'm a barber),"I'm the manager of a barbershop/salon. We mostly serve men, it's about 99% of our customerbase, but we do sometimes get women. We have one woman barber/hairstylist on payroll but she's on an appointment basis (sort of like we contract her based on need). We state this outright on our signage, Facebook, website, etc. 

Just so it's out of the way, we're primarily Muslim, we have one employee who isn't. We serve all sorts of customers, though. We all take our faith with varying seriousness: we have some employees who are strict/devout, some of us are more secular. I pretty much go by how my parents are, which is rule abiding.

The other day we got a customer in who wanted to have their haircut. I'm sorry I'm not 100% sure how to word things here. My best way of explaining was it was a male-passing woman. They wanted a haircut but we have a policy as mentioned of requiring an appointment for women. They said it shouldn't matter because they wanted a man's style/cut, but the appointment system isn't in place for customers, it's in place for us. 

We're not allowed to touch women's hair unless it's family, but this rule isn't in place for women. This is why we require appointments for women: so women can be served. Not only that, but the texture/feel of hair is different for women, sometimes requires different product, different tools, etc. None of the staff on the floor that day were comfortable cutting their hair for either reason or both. We don't train in women's hair because of our religion.

We (specifically I) got told we're transphobic, sexist, bullies, etc. They stormed out and while I genuinely do feel bad, I have to think of my employees as well as the service a customer could get. The price would be the same, I just needed a couple hours notice to call in my female employee. They weren't listening to reason, though.

AITA?",54,59,1,9,3,123,0.44715447154471544,0.5528455284552846,0.5-0.6
aq5hw7,AITA For ditching my girlfriend on Valentine's to go to dinner with another girl,"So my best friend (21F) and I (22M) are going out to dinner tomorrow night on Valentine's day because she's moving away for University and it's the most convenient day for both me and her to have one final meet up before she leaves on Sunday. 

My girlfriend (20F) and I had agreed a few weeks back that we wouldn't do anything major for this occasion and what we would do would be on the Friday rather than the Thursday since it's just easier for both of us with work and school. So, me thinking that this Thursday was not really Valentine's day, organised to meet with my bestie on that date. 

Oh hell was I wrong in thinking that though. Upon telling my love this news, she sulked, threatened our relationship and then tried to guilt trip me into not going by saying things like ""You can go, just dont expect me to reply to any messages because I'll probably be crying by myself"" and the likes. Also a sprinkling of cheating allegations being thrown around on her part. Unfortunately this is a pretty standard routine with any fight between us but I love her so what can I say.

I'd also like to point out me and my friend have known each other for close to 3 years and shes in a happy relationship. I've been with my girlfriend for nearly 17 months and as far as I am aware of, neither of us have done anything close to cheating.",69,54,9,9,3,141,0.5531914893617021,0.5531914893617021,0.5-0.6
b6x8eg,AITA for forcing my 15y old son into doing track?,"My son would be a total shut in if his mom and I allowed him total freedom.  Recently, we enrolled him in track in order to get him doing regular exercise. His twin sister is in track and it's just as easy to have them both do it. His doctor recommended exercise to help him with coordination and ADHD. 

&#x200B;

We've been asking him all year what sport he wants to do. None has been the constant answer.

&#x200B;

He's complaining every day, dragging his feet at every practice and generally making everyone else miserable at home.

&#x200B;

Mom is strongly for it, and I am more uncertain, but we agreed to do it i am backing her up on this, but have misgivings.  I did no sports in school at all, and my parents never made me do anything extra-curricular.  MY wife on the other hand was required by her parents to do a ton of extra stuff during school. (Mostly to keep her busy and out of the house according to the wife)

&#x200B;

I feel like we are doing the right thing despite his hatred of it.  He is very awkward right now and uncoordinated, and his fitness level has tanked this year compared to last year when he still had PE classes (which aren't required in his grade)

&#x200B;

Are we the assholes?",79,32,3,70,3,184,0.44565217391304346,0.5543478260869565,0.5-0.6
axvbak,AITA for not giving some of my deceased husbands things to his son?,"Throwaway for reasons.

8 months ago my husband passed away. He had an adult son from a previous marriage and the two of them weren't very close. I don't think they hated each other or anything like that. Honestly, I think the divorce had more to do with it. Because of reasons I won't go into here, his ex-wife basically had sole custody of their son and the two of them never had a chance to fix that relationship. 

Anyway, my husband held some animosity about the whole affair because he felt like his son sided against him in the divorce. Right before he passed he made me promise not to give his relatives any of his possessions (he had a bad relationship with his family and he owned some family heirlooms) and I asked him ""what about \[son's name\]"" and he paused and he said ""he doesn't get anything either"". Honestly, I was shocked, but I was pretty much grieving at this point so I didn't question it. 

Well, about a month ago his son reached out to me over email asking if he could have a couple of his father's items. He said he's been regretting that they never repaired their relationship and that he never got to say a proper goodbye. The items he asked about were small things like a gold lighter he remembers (I still have it) and a blue button up shirt (I don't know which one specifically, but I still have all of his old clothes). I responded and told him that unfortunately it would go against his father's wishes to give him anything and he replied very politely ""I'm sorry to hear that. Thanks for responding."" and that was it. 

About a week later his mother sends me an email calling me names and a bitch for not giving her son the things he asked for and that I'm basically preventing him from moving on. I didn't respond and I blocked her email and I haven't heard anything since. 

I've been feeling sick ever since this happened. I'm still trying to move on from his passing and I'm not trying to stop him from moving on, I'm just trying to honor my deceased husbands wishes, but I feel like I've done the wrong thing and I don't know how to handle this. 

Was she right? Am I in the wrong?",415,460,71,145,22,1091,0.4454628780934922,0.5545371219065078,0.5-0.6
a8ilo5,AITA for not deleting nude photos of a girl I legally own the rights to until she paid me back for all the rent she was supposed to pay.,"To sum up the entire story as quickly as possible. I worked for a photography company for a while. During this time I met a girl (we'll call B) and we started dating.

B and I took a bunch of nude photos of her several times throughout our relationship. She paid me for these photos and signed the rats to me. Eventually we moved into an apartment together and both signed the lease. 

However she started inviting her friends who would trash the place and I had to put my foot down and tell her they were not welcome if they would not clean anything and she decided she wouldn't pay rent. Leaving me with almost too much to pay.

She left and I continue paying as I did not want to get kicked out. After the year long lease ends, I move elsewhere.

Two years later B messages me out of the blue, demanding I delete all the photos I took of her. Normally I would but not after how she did me. So I told her that she signed a waiver giving me the rights to the photos, and even if she didn't, courts often side with photographers on the rights of the photos. 


She then text me saying she would accuse me of manipulating her and being abusive (yes, she texted me stating me that she would lie.  I already gave them to the local law enforcement). 

I told her that I would not be threatened and if she wanted to try that, I will post the texts online and I dug up the Facebook messages she sent telling me that I could do whatever I wanted with the photos and confirming that she paid me to take them and knew I owned the rights. 

I basically say it since she was acting like that, I would give her an ultimatum. If she really wanted the photos gone, I wanted every cent she told me in rent. And I said that if she accused me of being abusive, I would post her messages and sue her for slander.

Never heard back from her until 2 months later when her friend asked me to meet her and gave me the money from B. True to my word I deleted the photos in front of her and she told B. 

This story is so bizarre that I'm pretty sure I fucked up one way or another. So I figured I would share it here.",71,163,62,3,3,299,0.44481605351170567,0.5551839464882944,0.5-0.6
b1532n,AITA for not allowing my MiL to call my daughter by a nickname?,"My MiL, Rose, and I don’t have the best relationship so I want an unbiased perspective on the situation. Hopefully, I can present it as such.

Rose has another granddaughter that is 9 years old. Everyone calls her “chi-chi”, her real name is Amber. When I asked how the nickname came about, I was told that Rose had a dream that she had a granddaughter named chi-chi when her daughter was pregnant. This is before they had her real name picked out.

Rose has dubbed my daughter “Chulie”. At first, I didn’t know if this was a Spanish (my MiL is Cuban) term of endearment or not but later found out it isn’t. I’ve asked her multiple times to stop using the name, especially while she’s still learning her actually name. 

Her defense is that “she responds to it more than she does to her actual name”. This is because she watches her while my wife and I are at work, roughly 8 hours a day. I told her that she’s still learning her name and she would respond to anything she was called by 8 hours a day.

I thought Rose had stopped calling her by the name around July, around my daughters first birthday. However, when family came to visit at Christmas time, I heard it again and threatened to kick them out of my house.

Some points to consider:

-My mom is Vietnamese and calls her youngest grandchild a term of endearment, but not as a replacement for their name.

-my siblings and I all go by nicknames, but ones we gave ourselves in childhood. Not one that was assigned while in the womb.

-this nickname was also chosen prior to my wife and I deciding on a name (not sure if it came to her in a dream this time, though)

I understand that this is something grandmas do, but I’m personally not a fan of the name and don’t want it to stick with our extended family.

Sorry for any spelling/grammar errors. I’m currently on mobile.",22,22,2,8,3,54,0.4444444444444444,0.5555555555555556,0.5-0.6
av059y,AITA for not wanting to split bills 50/50 with my boyfriend?,"So a bit of a back story i moved in with my boyfriend almost a year ago. I started paying 50% of all the bills once i moved in and i was completely fine with it.

 As the months go by i start noticing how much of a slob he is. Also i start noticing he literally does not lift a finger and because i dont want to live in filth i start cleaning up after him. This turns into me being 100% responsible for all the cleaning and cooking.

 So now im feeling like if this is all my responsibility i shouldn't have to pay 50%. Im fine with doing all the cleaning IF its fair. I don't think its fair at this point. I have brought it up to him on several occasions and his response is ""no one is forcing you to do it"" . So am i the asshole ?",17,43,22,6,3,88,0.4431818181818182,0.5568181818181819,0.5-0.6
ai1i0m,AITA for not wanting my fiancé to go to dinner with her boss?,"I'm basically at the point of breaking off me relationship with my fiancé because I'm so frustrated by this whole thing. I guess this question is among my last salvos to see if i'm being an asshole and unreasonable. Or if the problem is on her end. 

Been with fiancé for several years now. She recently graduated and got an amazing HR job with a pretty high profile ""we get your DUI charges dropped!"" type law firm. The guy who started the firm is known across as being an ambulance chaser, shyster and scammer because very frankly he's trying to portray that in his commercials. I've met him a couple of times and in person, he's a little better but I stew kind of feel like I needed a shower. 

So right after New Years, wife came home and announced that Lawyer dude is taking the whole staff out to celebrate on January 20th because it was the firms biggest year ever. This is the timeline as near I can remember:

- January 5th, she tells me to keep January 20th open because SO's are invited. Cool, I can do that. 

- January 8th. Sorry she was mistaken, it's just a work party she tells me it's cool if I make other plans that night. No problem. 

- January 13th. She lets it slip, it's not really a party for the whole office, just for the people boss thinks were part of the success. I'm starting to get a little WTF'y here. 

- January 14th. Miraculously, all the people going to dinner with the boss are under the age of 30 and female.  Now alarm bells are really going off. 

- January 18th. The list is down to two people, my wife and another new attorney. So, if I'm hearing this correctly, the two people mainly responsible for this 20 year old company's ""biggest year ever"" are both recent college grads, both female and both around 25? Fiance says ""aren't you proud of me!"" 


- Today, the big day boss texts her at like 11AM and says ""hey since this is supposed to be a celebration, don't drive! I'll send a car service for you!"" Fiance still doesn't smell anything fishy so I ask her just for my own edification ask what he says if she tells him ""that's a great offer, but my fiance knows the restaurant and he can drive me."" Boss replies back in seconds ""sorry if I had to change restaurants at the last minute, I'll send the car!"" 

My fiancé looks at me, apparently without the screeching submarine klaxon and klieg lights that are going off in my head, and says ""see it's all cool, I'll just take the car service."" 

I'm freaking the fuck out. I told her that she can't go. She called me a controlling asshole. I told her that this whole thing has bene shady as fuck and I relayed out the timeline I just posted above using my texts and emails from her as evidence. She said that me ""hoarding evidence"" like this is an example of how I'm a ""controlling asshole"" and she wants to go to the dinner now more than ever. I told her I might be an asshole but I'm not stupid. 

She told me over and over again ""he's married, he CAN'T do anything that would affect his marriage, so you're being the stupid one!"" That leads me to believe that even she understands the larger implications that are at play here. 

She locked herself in our bedroom and hasn't come out for at least an hour. 

I don't know what to do. I can't beat the door down or yell at her and I think if this is one of those situations where the shoe was on the other foot, she'd be freaking the fuck out and I'd see her reaction and just call it off.

 AITA?",46,74,16,4,1,140,0.44285714285714284,0.5571428571428572,0.5-0.6
akj6e3,AITA for wearing earbuds and occasionally checking my phone during a church mass that I am forced to go to even though I am an atheist?,"My parents have recently had a interest in going to church for the past month or so, so every Sunday, they force me to attend mass with them. I have told them multiple times that I don't believe in what they believe, but they brush it off and force me to come anyways. So this time, I brought earbuds and put on an album to listen to (Stokeley by Ski Mask the Slump God is great; listen to it) because I wanted to listen to my music instead. I would also text my friend every 15 minutes or so. During the entire mass, my mom shot me dirty looks the whole time and later told me on the ride home that I have a horribly negative attitude and that I should enjoy things more (even though I have told them countless times that I don't believe in what they do and dislike attending church.

Am I just being a bitch or are my parents at fault?",22,38,9,1,8,70,0.44285714285714284,0.5571428571428572,0.5-0.6
b6zw6y,AITA for telling a mother that maybe her teenage son needs to toughen up?,"Earlier in the week the mother of one of my son’s classmates came over to discuss a problem between our boys.  I guess my son has been telling her son that he stinks, is gross, and so on.  I told her I would talk to my son about it and we exchanged numbers in case there were any other problems.  

I talked to my son and he didn’t deny it.  He says the boy does smell really bad and is assigned to sit next to him in one of their classes. I told him to just try to ignore it and just stay away from him otherwise.  

Last night I got a call from the classmate’s mother saying that my son had picked on her’s again during lunch and that he was upset again.  I confronted my son about it and he said that her son has been purposely sitting across from him at lunch because he knows that it bothers my son.  

I called the classmate’s mother back and told her what my son had said.  I told her that it’s not ok that my son was rude, but to be fair no one wants to smell bad hygiene while they’re trying to eat.  And also if her son was going to go out of his way to put himself in that position then maybe he should toughen up a bit. 

She just hung up on me.  I don’t condone bullying and have talked to my son about it again, but at the same time I don’t feel my viewpoint on it is all that ridiculous. ",54,55,19,3,8,131,0.5572519083969466,0.5572519083969466,0.5-0.6
acx62a,AITA for yelling at my daughter and grounding her?,"My daughter is sixteen, and she is generally very well behaved. We lost her mother two years ago, and she has taken on a lot more responsibilities in order to help me out, like taking care of her brothers and helping around the house. She has never really given me reason to worry about her. She has recently started to go out with her friends at night, which I’m fine with. She has a curfew of ten, but I’m generally fine with her staying out later if she calls me to let me know where she is. Last night, she came home more than an hour late with no call whatsoever. I was worried sick. I kept calling her and she wouldn’t pick up. When she finally got home, I was thankful that she was safe, but furious with how late she was (she claimed that she lost track of time and that her phone died) and I yelled at her and grounded her. I thought it was the end of it, but this morning she came up to me and said that I shouldn’t have yelled, and that I shouldn’t ground her since she rarely goes out anyway, and that since she has taken on more responsibility since her mother died, that she is essentially not a child anymore and shouldn’t be treated as one. I always knew how lucky I was that she was willing to take on these responsibilities, but I never realized that she was bitter about it. I feel guilty now, for yelling at her and grounding her, because I feel she does have a point—she’s far from being a child. But, it still doesn’t stop me from worrying about her, and I feel that as a father, I should still have to right to impose rules on her since she’s still a teenager. AITA for yelling at her and grounding her?",18,11,1,13,0,43,0.4418604651162791,0.5581395348837209,0.5-0.6
au1074,AITA for thinking my parents should pay for my college?,"So when I graduated high school my parents made a deal with me that they would pay for 2 years of my community college with the college fund they had for me and I was on my own for the final 2 years of my bachelors degree. I agreed and thought this was definitely fair. I ended up getting a job my senior year of high school at an engineering firm doing some drafting work and decided to work there part time while attending community college to get my associates in engineering. I didn’t realize this company had tuition reimbursement until about 1 semester before I graduated with my A.S. They ended up reimbursing me for my whole entire 2 years of community college (about 10k). I decided to give this back to my parents and they were very happy as one would imagine. I then asked them if I could put this toward my final 2 years of my bachelors degree and they said no. 

This caused a lot of arguments between us because in my mind they basically didn’t have to pay for any of my college when the deal was that they would pay for 2 years for the college fund they had built up.

They are pretty well off financially. The summer after I got my A.S. they bought a new house and since then they have been purchased 3 brand new cars just for reference.


",16,21,3,3,1,43,0.4418604651162791,0.5581395348837209,0.5-0.6
b0826v,AITA For Being Upset Over Not Being A Bridesmaid," 

Throwaway here because people know my regular account. 

I’m getting married in June. I’m going to have my friend Jim as my dude of honor, and my friend Jane as my bridesmaid. 

Jim and I have been friends since college, but my friendship with Jane is longer and a bit more complicated.

We started to be friends in high school where we were friends with two other girls (they’ll be important later). Typical teenager and 20 something drama happened, and I’m not close with the two other girls anymore. One straight up said she didn’t want to be friends with me anymore, and I guess the other friend just followed her lead. I’ll admit that Jane and I used to be closer when we were younger, and we drifted apart but I still considered her a close friend.

When I got engaged I asked Jane to be my bridesmaid. When I asked she was kind of hesitant. She was engaged too and said we’d probably be planning weddings at the same time and she was worried she wouldn’t be able to devote a lot of time to my wedding. I told her it was going to be super laidback and she wouldn’t have to do much and that I wanted her there, so she agreed. 

Planning the wedding has had its own ups and downs (lots of drama from family), but Jane has been a good enough bridesmaid. My friend Jim has been planning my bachelorette, and they both went to see me get my veil. I think she could stand to be a bit more involved, but considering distance and time she’s doing enough. 

When Jane first got engaged, she wasn’t even sure if wanted to have a traditional wedding. She was talking about doing something really small and only inviting immediate family and close friends. It turns out that she actually is going to have a ceremony and reception in the fall. 

I awkwardly found out over dinner after pushing her for wedding details that she was planning on having bridesmaids, and I wasn’t one of them. She claimed it was because I live far away (not really, we live on different cities on the east coast and are about a train ride away) and she didn’t want to bother me because I’d be busy with my wedding and marriage. 

To make matters worse, the two girls I had a falling out with are of course in the wedding. 

It hurts so much since I assumed we’d all be together during our weddings. I’m hurt. Jane and I went through a lot together and I really wanted her to be a part of my wedding. I’m hurt that she doesn’t feel the same way. 

When I told my mom she was shocked and said how rude Jane was. My fiancé said it was okay to feel hurt and that it was a dick move, but that Jane also has a right to have whoever she wants in her wedding party.

Am I wrong for feeling like this? Should I confront her? I don’t even know if I want her in my wedding anymore. ",24,3,0,16,1,43,0.5581395348837209,0.5581395348837209,0.5-0.6
a4b23w,AITA for not wanting my film in an LGBTQ+ festival?,"A more accurate title would be: Am I The Homophobe. So here’s my situation; 

I’m an indie film Writer/Director, based in Australia. Myself and my crew have recently completed a short film, and have just launched our festival run. For this film, I was the Writer as well as Co-Director (important). It’s also worth note that our crew is full of very close friends, and there was no negativity or tension on-set.

For context, I’m a straight male. My Co-Director is female, and currently in a serious relationship with a woman. My Producer (male) is gay, and engaged to his partner. And my Assistant Director identifies as a lesbian. The four of us have the say on where the film is entered, festival wise.

Within the crew of roughly 20 people, I’d estimate that 6ish people openly identify as LGBTQ+. Like I said above, I’m the only person in one of the executive roles that is straight. 

There’s a particular festival that caught the other threes eyes when we were shortlisting. The festival is specifically for LGBTQ+ films or filmmakers. One of the entry rules is that your film must have some kind of LGBTQ+ themes/context OR you as a filmmaker must identify as LGBTQ+. Our film has absolutely nothing in it relating to the LGBTQ+ community, and this fact is something that all four of us agree on.

So the only way we’d be accepted, is if the key people identify as LGBTQ+. The problem is I don’t. Now the other three are fairly keen on the idea of entering the festival, but my concern would be that I’d either be assumed by the festival organisers/audience/media to be LGBTQ+ or that I’d be excluded from receiving awards, based on my sexuality. If my Co-Director were to win awards for OUR role in the film, and I wasn’t eligible, I feel like that’s somewhat discriminatory. Obviously this doesn’t sit well with me.

So AITA for opposing entering the festival? Should I support something that I can’t really be apart of?



",67,67,0,18,15,152,0.4407894736842105,0.5592105263157895,0.5-0.6
b2pmbs,AITA for making asian jokes to my asian friend. Just because she kept sayin the n-word.,"Let me start of by saying I am black, I still withhold this opinion that only black people can say the N word, and I been told her I don’t like her saying it. It’s not a debate, go on one r/unpopularopinion for that shit Blah Blah!

So she always said N-word too much and I’m pretty sure she knew I felt iffy about it. Until I started making Asian jokes like calling her Fa-Mulan, or this emote “-.-“ just basic petty shit, then she got mad like “yo stop with the asian jokes bro.” Bitch. I asked “how is that you can say the n word 100000times, but when I make a few asian jokes, you wanna get defensive? Make it make sense dawg.” She tells me “Stfu N word” bitch. See i haven’t talked to her since because of that, that was inappropriate. 

And then she said something else in a discord chat like “that was for the racist comments.” Like so you don’t think it’s not racist for you to say the N word. She tells me “it’s just a word.” Bro, like are you trying to fucking fight? So then I simply Called her a “KPOP knock off” and I’m not apologizing. 

So am I the asshole? ",2,29,35,0,2,66,0.5606060606060606,0.5606060606060606,0.5-0.6
b08nx8,AITA for telling my girlfriend to shut up during sex?,"So last week me (24M)and my girlfriend (22F) getting it on in the bedroom and it was great and all but... she would not just stop talking it really ruined the experience for me and eventually I asked her if she could be quiet and you know what happened? She literally got off top, put on her clothes and left. She texted me the next day saying that I should be willing to listen to her no matter what situation were in. I feel kind of bad and maybe I should of said something else or maybe even listened but idk what do you guys think AITA?",39,44,25,6,9,114,0.5614035087719298,0.5614035087719298,0.5-0.6
augb83,AITA for preferring my son does not grow up to be gay?,"Please first and foremost understand that I am not in the slightest homophobic or against gay rights or anything of the sort. My sister is lesbian and I had no problem accepting that. I have several gay friends and we treat each other no different than straight friends. 

Now today my sister and I somehow came across the discussion of what happens if my son (my wife is 20 weeks along her pregnancy with him!) turned out to be gay. Well I said to her I hope he isn’t, but if he were I would still accept him the way he is. My sister BLEW UP and accused me of bigotry and that I was “closet rejecting” her lesbianism this whole time. I tried my best to assure that is not the case and that I believe there is nothing wrong with simply hoping your child is not gay, I would just prefer if my son could have a biologic child with a wife, in the same way my wife and I are having him. The way I think about this is like if I owned a business and I hoped one day my son would take over it, now if he didn’t that’s fine I would love him all the same and he can choose any career he likes but there is nothing wrong in my eyes with having a preference for that to begin with, the same way someone can like chocolate over vanilla ice cream but no harm no foul if their son does not. AITA?",35,22,1,6,0,64,0.5625,0.5625,0.5-0.6
b0seps,AITA for turning down my girlfriend and masturbating afterwards?,"This all happened just now and I'm really confused.

Today we got both got off class a little earlier as usual, so we went home together. When we got inside she tried to initiate sex, but I wasn't in the mood so I said I wasn't feeling it. Don't get me wrong, she's beautiful and everything but I just wasn't up for it. We've been together for approximately 2 years now and we're both 21 if that matters.

Fast forward 2 hours. I got a little bit horny and I wanted to jerk off, so I got my laptop and I did. In the middle of the session my girlfriend walked into the room and looked at me like I shat in her shoes. She called me a dick and walked out saying some other stuff I couldn't hear. Since then she hasn't been talking to me outside of yes/no and she's visibly upset.

Am I in the wrong here though? I don't feel like I did something wrong, and I don't know why she's so pissed over this.

",26,24,2,12,0,64,0.4375,0.5625,0.5-0.6
arlwlx,AITA for being upset that my girlfriend lead me on to believe she's broke when she's really making six figures?,"A bit of background here.. we’re both in our mid 20’s and we’ve been together for nearly four years, lived together for the past three. In the beginning of our relationship, I’ve been working a stable, average office job for the past several years, while my gf was working random jobs to get by. She wanted to get into grad school, but she needed experience in the field so she ended up taking $10/hr jobs bathing and cleaning butts all day in a nursing home lol.

Fast forward a year later, she gets into grad school. She completely relies on her student loans, so she’s pretty broke. I don’t want her to take out anymore loans, so I let her stay in my place for free. I own the place, and she pays for groceries, gas, etc from time and time so it works out. She eventually graduates and finds a job she really likes. We decide then to split bills 50/50.

However, she still says she’s broke pretty much all the time. She tells me she has 100k in student loans and that she has to continue being frugal. She doesn’t buy any new clothes, clips coupons, eats beans and rice everyday, still drives her 10 year old car, etc. I feel bad for her because I live very comfortably, so I ended up paying for a majority of our date nights. I love to travel, and saw that my gf would work overtime a lot (which really stressed her out) to pay for her share of the trip, so I just offered to pay her portion. 

This continues on for a couple months until I came by her paycheck on the kitchen table. It was nearly double what I made!! I’m feeling pretty deceived, so I confront her and ask about it. She says she does make a good amount, but she has nearly a $1k student loan payment every month as well. She says she’s been making 3x the min payment to get rid of the student loans ASAP. At this point, I’m just thinking about all the expensive dinner dates I paid, all the trips I paid for, nice gifts, etc. It adds up to be a lot. She doesn’t see it from my point of view, saying she never asked for expensive dinners or trips.. but she would constantly say she was “broke,” which led me to think she was struggling.

And yes, I never asked about her salary because I thought she was going to be making an average amount like myself. She’s in the medical field, which I’m not familiar with and she has the word “assistant” in her job title. I didn’t think someone could go from making $20k/year to six figures, honestly.
",75,36,10,30,4,151,0.5629139072847682,0.5629139072847682,0.5-0.6
ac826z,AITA for telling a friend I dont care if he is gay?,"I was at the bar with a buddy of mine and he came out to me that he was gay. I knew he was gay or bisexual, I've heard he had a massive crush on this other guy I knew. I wanted to express that it doesn't matter if your gay or not.

I said ""I don't give a fuck if you're gay, hell I don't give a fuck who you like. I got a girlfriend and ever sense then I cant give a fuck who anyone but she likes.""

The got incredibly angry at me saying hes telling me something important to his heart and he wanted comfort in his friends. I always tried to present myself as a guy who doesn't care about other peoples skin colors, religions or sexual interests. I just didn't expect to be in the middle of a argument with a buddy of mine who then storms out. 

I will probably end up apologizing I just want to know if I am a asshole in this case. ",25,16,2,19,0,62,0.43548387096774194,0.564516129032258,0.5-0.6
aryask,"AITA for correcting my co-worker when he tells people his son is in ""Medical School""","My coworker's son is in Chiropractic college. With my biased against the profession in general aside, I am not dismissing that accomplishment at all, as it takes hard work and good grades to get in and graduate from the College of Chiropractics he is currently attending. That being the case I think that he and his parents should be extremely proud of that. 

However, in every social situation I am in with him and his wife they never say their son is in Chiropractic college, instead they say ""Medical School"". They also mislead further by saying he will be a ""Practicing Doctor at 23, one of the youngest in the country"". Everyone that doesn't know the family closely assumes, wrongly, that he is in an MD program. If I am in attendance in these situations I always work what kind of college he is really attending to the conversation. Normally to a glare or some side eye from his parents.  I feel that his parents should be proud of what he is actually doing and not their inflated version if his accomplishment. I feel they are not proud of him being in Chiropractic school as if they were they would not feel the need to leave that out of every conversation.

Am I the asshole?",26,36,22,1,2,85,0.5647058823529412,0.5647058823529412,0.5-0.6
axtkar,AITA for telling my girl she’s fat?,Gf has alway had a lot of confidence.  I liked it about her.  But sometimes she gets mean.  I have a chubby friend.  I think he’s sensitive about it.  He’s never outright said.  He’s male.  He made a joke about never getting girl.  My gf who knows he’s sensitive about his weight made a joke about his fat.  She’s no lightweight herself and I felt bad for my buddy so I made the same joke about her.  She’s furious at me. ,4,51,36,1,3,92,0.43478260869565216,0.5652173913043479,0.5-0.6
asz2dg,AITA: I (27M) have decided to rescind my sisters (24F) plus one to my wedding because we cannot stand her new boyfriend,"First time posting on this sub, but this has been a point of contention between my sister and I and need some advice. I am getting married early April and we are all traveling down to the Caribbean for the ceremony (destination wedding). We originally gave my sister a plus one because we enjoyed her old boyfriend. Once they broke up, we decided to wait and see who she would be bringing.

Lo and behold she meets a new guy who NOBODY in my immediate family enjoys. He is unemployed (at 31), seems to mooch off my sister, and does not stop talking! Seriously, you cannot get a word off without this guy barreling through the conversation.

Regardless, I have decided that I no longer want him at the wedding. I know that it’s last minute, but we were able to get my cousin to fill in for him so that no money would be lost. My sister is now threatening to no longer come to the wedding since she feels like he should be coming with her (they’ve been going out for roughly 6 months).

Am I in the wrong here? I truly believe that I should enjoy everyone that’s coming to my wedding, especially since we designed it to me an intimate setting with only our closest friends and family. 

TLDR: I rescinded the plus one I gave to my sister and no longer want her boyfriend going to my wedding. She is pushing back saying she won’t go if he’s not included, they’ve only been going out 6 months.",26,16,4,7,3,53,0.5660377358490566,0.5660377358490566,0.5-0.6
9x9eht,AITA- I have a non-binary “friend” who is extremely rude so I have stopped using the correct pronouns.,"I am an 18 year old freshman in college and I am an avid D&D player. I am currently in two campaigns at the moment and both of them involve my non-binary acquaintance, let’s just say her name is River, and I used to enjoy her company. However, recently River has become super annoying and rude to many of my good friends. Especially when we play D&D together. 

In one campaign River plays this huge and flamboyant firbolg and has taken every opportunity to remind everyone in the party that we have no idea what the fuck gender this monster is. It’s growing annoying and the way River has gone about correcting us when using the wrong pronouns is downright rude. Sometimes we slip up and say “she” when we’re in game and they immediately cut off the conversation and grunt “them.” repeatedly until we apologize and say “them” instead.

River is the DM of my other campaign with several of my good friends in it as well. When we play the game it’s fine but River makes unnecessary rule checks and hampers down on us having fun in the game and forces us (by benevolent forces in game) to go along the story path she wants to follow. The party has 6 people in it so inevitably there’s some side conversations going on throughout the game and River has said, on many occasions, that “side conversations are to be left outside so that my spotlight as DM shouldn’t be taken away.” She also gets upset when we miss little details of the story because she talks super fast. She even snapped at my elvish friend for wanting to read inscriptions on the wall instead of fighting with the group. 

Here’s a bit of backstory: when me and River first met, River must’ve heard my name wrong somewhere. But she refused to call me anything other than Anita (which is NOT my name) even after I showed her my license AND she found and friended me on Facebook. My roommate and I were pretty annoyed with it so I jokingly said “well then I won’t use your right pronouns until you use my right name” (which I personally think is fair, but it may not be) 

River’s rude behavior has caused us to grow apart, even though she’s really clingy and calls me and my roommate her best friends all the time. Though she’s a big part of my hobby, so I can’t just stop all contact like I’d prefer. 

Here’s my opinion: respect must be earned. So in order for me to use the right pronouns she has to be respectful, right? Or am I just an asshole and this is all an unnecessary petty thing for me to do? 

(Also, I’m posting this on mobile so sorry for any mistakes or typos) ",38,29,0,0,0,67,0.5671641791044776,0.5671641791044776,0.5-0.6
awhjgq,AITA for rejecting a girl because she is from Israel?,"1- Sorry for formatting , on mobile 
2- This is a throwaway 
3- Tl;Dr at the end 


Ok so I am a 17 years old male from Palestine (but I have the Jordanian nationality) 

I moved in to the USA when last year (school wise) ended. 

When this year started I didn't think that I'd meet anybody for the first few weeks but surprisingly. 
A guy asked me to come sit with him and his 4 other friends  4 males & 2 females,including me. 

I sat with them and we talked and it was pretty fun didn't expect my first day to go this way and it was pretty fun 

First Friday of school-year comes and they asked me if I wanted to hang out with them so I said sure.. I was a bit skeptical about being friends  with one of the girls because she was from Israel and  because I am a bit sensitive when it comes to Palestine and stuff but said I'll just hang out with the group and I'll give her a chance since she's the first person from Israel that I've met

The group & I hung out for months and the Israeli girl (let's call her Maya) was funny, outgoing and a person that you'd love hanging out and she's really pretty. Way out of my league. 

Before Valentine's she asked me if I'd like to be her Valentine but just as a joke,  because why not and she'd like to know more about me and just have a 1on1 conversation with me. I said sure and to be honest hanging out with her alone was more fun than being with the group because we did a lot of things since it only needed both of us agreeing to do this thing rather than 6. 

She told me she'd like to do it again and we just hugged and went home. 

We hung out a few times when she asked me if I was down to go on an actual date with her I told her I need to think about it and I'll let you know. 

Now the thing is when I date someone I'd like to make sure that there is a possibility of marriage. Like if we loved each other and everything went well nothing will stop us. Which is why I rejected her because everytime I tell somebody that I am hanging out with someone from Israel they'll look shocked and just say that they're really sad about me doing that and just 'selling' my country. 

Her parents hate me & my parents hate her just for the fact that we're from 'enemy' nations 

I told her that I can't because I don't think things will work because of our society and no one would accept the fact that A Palestinian man is married/dating an Israeli girl. 

Am I the asshole? 



TL;DR : Rejected a girl I went out with on a few ""fake"" dates because we're from nations that hate each other. 

",20,12,2,17,0,51,0.43137254901960786,0.5686274509803921,0.5-0.6
ax2z49,WIBTA for making my girlfriend pay more of a rent since she completely changed the way she cooked,"My girlfriend and I have been together for 3 years . We have been living together for a year and a half. I make almost double what she does and she was living with her parents before so when she moved in we made the agreement that I would pay $900 in rent and she would only pay $500 but that she would do all of the cooking since she enjoyed it. I do other chores in the house but she has done all the cooking- she makes breakfast, packs lunch and cooked dinner She never complained about it 

&#x200B;

However around 2 months ago she decided to go vegetarian for ethical/environmental/health reasons. She completely changed her cooking and stopped cooking meat entirely. I just find this so annoying since I enjoyed her cooking before and I'm a meat person. If I ask her to make something she used to make she'll say ""I can make it myself"" which is annoying because we had an agreement. I've talked to her about this but she thinks there's nothing wrong with what she's cooking and she makes sure it's tastes good. 

&#x200B;

I'm strongly considering asking her to pay $700 for her rent  since I kinda feel cheated out of the deal we've made but I'm debating whether this would be a dick move. ",55,42,7,5,6,109,0.5688073394495413,0.5688073394495413,0.5-0.6
agmtlj,AITA for blocking my brother's internet connection?,"I (18M) have to share a room with my little brother (9M) because there's no other room available. He plays fortnite with his friends all day and SCREAMS/POUND THE TABLE EVERYTIME HE DIES. So I downloaded a program that limit other user's internet from a wi-fi and completely shutdown his connection when he starts to become noisy. He don't even suspect me. Yes, I've tried to tell my parents but hey it is somehow normal for them. AITA?


",17,17,7,1,1,42,0.5714285714285714,0.5714285714285714,0.5-0.6
al7ftg,AITA for refusing to see my brother's baby?,"My brother has been dating Amber for close to five years. During one point of their relationship, she cheated on him with his best friend Jessie. They split for a few months and she continued to sleep with Jessie. It was messy as fuck and tore our friend group apart. My family told him to dump her. She comes back crying a few months later and pleading it was a mistake. He ends up forgiving her and low and behold she's pregnant. Everyone in my family says he needs to get a DNA test but he refuses. He says he's not worried about it because it has to be his due to timing. I don't believe this.

Baby is born in November and I keep getting pressured to see it because I'm the aunt. My mom continously is texting me ""when will the aunt see the baby?"" I say I will visit when they get a DNA test proving it belongs to my brother. I confronted my brother abour this. He has the audacity to lie to me and say they did the DNA test ""when the baby was born in the hospital"". Yeah okay bullshit. I tell him this is bullshit and not some routine test done. He doesn't press further.

At this point my family is calling me heartless because I have refused to see his kid. My sister says he refuses the DNA test. Everyone in my family has tried to get him to agree but he says he's not worried about it because he loves the baby. My family says I need to love him because he's my brother. I disagree. I'm not being an aunt unless I know this kid belongs to my goddamn brother. I feel my brother is being willfully ignorant in this and therefore if I agree this, I am agreeing to him never finding out if the kid is truly his and blindly throwing his life away.

Am I crazy? Am I an asshole?",35,27,5,3,1,70,0.5714285714285714,0.5714285714285714,0.5-0.6
as4sl4,AITA for telling her it's embarrassing that her mom doesn't speak English?,"So I was talking with a few people at this club meeting at college (it's a club related to our culture) and this one girl started bragging about how her mom didn't speak English despite living in America for 20 years. She was like ""I'm so glad she chose not to assimilate and keep the culture alive at home"". I told her that that's not something to be bragging about, that's actually embarrassing and she shouldn't be proud of her mom having to be dependent on a translator for everything. She then went off on me, called me ""white-washed"" and said that there's nothing wrong with her mom not knowing English.

Yea maybe I went a little too far with insulting her mom, but I don't get how you're proud of something like that. It's like bragging that your mom is illiterate. AITA?",21,17,3,1,0,42,0.5714285714285714,0.5714285714285714,0.5-0.6
avf8fv,AITA for clipping my nails at work?,"Ok, straight up, this is a friend's story, told last night at dinner. And there were some conflicting feelings about whether or not she was the asshole.

&#x200B;

Yesterday, my friend remarked to a coworker that she had a hanging nail and was glad she had her nail clippers to take care of it. Coworker B was walking by and overheard. Coworker B walked into friend's cubicle and demand she NOT clip her nails at work because that was disgusting. Coworker B then retreats back to her cubicle on the other side of the floor.

&#x200B;

My friend then clips her hanging nail in her own cubicle. And then clipped two more to ""even things out"".  She then receives a text message from Coworker B that she could hear her clipping her nails from over 100 feet away. And it was absolutely disgusting. And why would anyone do something so gross in a public place.

&#x200B;

My friend responded, ""chill out"".

&#x200B;

So... Is clipping your fingernails at work as asshole thing to do? This is where the debate started last night- is it super gross as coworker B feels, or is it fine?  Is my friend the asshole?",26,18,2,3,1,49,0.5714285714285714,0.5714285714285714,0.5-0.6
aycqth,WIBTA if I don't change my wedding procession order? Meaning my best friend will have to walk with her ex.,"Background. I'm getting married in May. We have a 6 person wedding party. My sister=MOH, husbands bro=BM. best friend and her ex are #2. My cousin and her husband= #3

Last year, my best friend and her ex were engaged but she thought he was cheating. She went off the deep end, went through his phone, computer and mail, she hired private investigator to follow him, she followed him, Etc... It turns out he wasn't cheating but her actions caused a lot of hurt feelings and now they despise each other. Her ex is willing to get over his feelings for our wedding, she's throwing a major tantrum over it.

We've been beef friends since middle school and I'd be heartbroken if she wasn't in my wedding. Her ex is my husbands best friend and he can't not be in the wedding either. We can't uninvite the best man and MOH because that would cause hurt feelings. And my cousin is insisting she walk with her husband who is also one of my Fiance's beef friends (and how we met). 

I feel so bad for BFF but part of me feels like this is my day and she should just be cool for the maybe hour she has to be with him and then she never has to speak to him again. I don't know, I feel trapped by this situation.

Would I be the asshole if I don't change the order?",37,36,15,3,5,91,0.5714285714285714,0.5714285714285714,0.5-0.6
ajo7yu,AITA for forgetting my best friend's wife's birthday?,"Last week I got an angry text from my best friend because it was his wife's birthday and I forgot to text her a happy birthday message. She's a close friend of mine and I should've remembered but I think that they blew it out of proportion. My friend said that his wife spent all day in bed crying because no one reached out to her to say happy birthday. She had a falling out with her family which is understandable because they're abusive assholes. And her in-laws aren't that great either. 

But I feel like they think I was single handedly responsible for ruining her birthday. I mean she's 30, not 5 years old. Birthdays shouldn't be this big of a deal to full grown adults, right? I texted her happy birthday after my friend yelled at me but she never replied to me. My friend is giving me the silent treatment. I think this is ridiculous and I don't see why I should apologize. She always remembers my birthday and she sends me gifts but I'm not the type of person to make a big deal out of birthdays... I think she should be mad at HER family and her in-laws, not me. AITA though? I will apologize to her if you find me guilty of being an asshole.",18,16,5,1,1,40,0.575,0.575,0.5-0.6
abvcws,"AITA for requesting to be seated away from a family with children including one with special needs child do to their noise level, causing them to leave the restaurant?","So, last night to celebrate new years me and my wife decided to go to a fairly fancy restaurant nearby. The place was packed and you needed to make reservations to just get in. When we got in we were seated and things were going well, until another family was sat next to us. It was a mother, father, and 3 children. Immediately we both knew there was going to be an issue. While the restaurant was busy and a little noisy it was nowhere near the level the three children were at. 

One of the children was obviously special needs and was having outburst every few minutes while the other two were making quite a bit of noise. At first I decided to put up with it, but eventually I lost my cool when the special needs child started to scream and threw crayons they brought with them around (one of them landed on our table). 

I got up and asked (I though I asked kindly, but my wife says I came off a bit harsh) for them to get control of their children and to conciser the people around them. They apologized for everything and began trying to get everything under control. 

This is where the second problem comes in, to keep their children entertained they pulled out a tablet and began playing videos on it, at full volume with no headphones. I got up again and told them to ""turn the damn thing off"" or get them headphones. I could tell they were both embarrassed and they apologized again but said that they could not get headphones due to their special needs son (they specifically called him this so I know I was not just guessing) being uncomfortable with it but said they wouldn't be able to turn it off.

At this point I stormed off to get the manager. When I got there I demanded a new table away from the other family. The restaurant was packed so this wasn't an option so the manager brought me with him and asked the other family to leave. The mother looked like she was about to cry and the father grabbed his kids and stormed off. 

My wife would not talk to me the rest of the night and at home told me that I was wrong for how I acted. Honestly though I don't feel bad at all. The restaurant is pretty expensive and we only go there once or twice a year so I believe that I was within my right to want to enjoy a meal I play for without hearing kids screaming or a tabled blaring. Am I wrong?",117,117,45,2,2,281,0.5765124555160143,0.5765124555160143,0.5-0.6
ameiii,AITA for not reciprocating oral sex to girl during a one night stand,"I recently had a one night stand with this girl and I was wondering if I was asshole in this situation.

She started off by giving me a blow job (with condom on), I think she just meant it as foreplay rather me ejaculating. But after 15 minutes I did. Afterwards she asked me to give her oral in return, I said I can’t because I have no protection. She said it unfair because I had an orgasm and she didn’t. I offered to do hand stuff to her or if she was willing to wait 30minutes we can have sex. She got angry with me and started calling me derogatory terms and threated to tell all her friends that I am pussy and is bad at bed \[we didn’t have sex\]. I felt a little uncomfortable and left. 

I know I was selfish in not reciprocating oral sex, but I personally feel that her reaction was a bit too much.",29,59,15,1,1,104,0.4230769230769231,0.5769230769230769,0.5-0.6
b257h8,AITA for asking strangers in a restaurant to change the subject of their dinner conversation?,"My husband and I went our for dinner last night at a trendy restaurant where the tables are so close we’re all practically eating at the same table. The place was really noisy so everyone had to speak loudly to have a conversation.

The couple beside us was on a first date, and at some point one half of the couple starts telling the most disgusting story about a vacation with friends where they all got food poisoning and there was one bathroom. And he was going into a he most graphic of detail as our food arrived. 

I hoped the conversation would just move on, but it seemed to trigger more stories on the topic and when he was done his dining companion jumped in with his own detailed vomit story. I tried to focus on the conversation with my husband but they were speaking loudly and the details were turning my stomach so I interrupted them and asked if they could change the topic of their conversation since we were eating. 

They did change the subject - but awkwardly it became about how I was eavesdropping on them and how they felt they couldn’t talk freely since they were being watched. It was an uncomfortable meal and my husband was annoyed that I said something and made things awkward. He said I should have just excused myself for a few minutes if it was bothering me and the conversation would have changed (though our food had just arrived - I wouldn’t have wanted to let it get cold and had no idea when this topic would have exhausted itself!)

AITA for asking strangers to change the subject of their conversation?",43,90,28,9,1,170,0.4176470588235294,0.5823529411764705,0.5-0.6
b46lzu,AITA for wanting my wife to eat my vegetarian cooking?,"A couple months ago I decided to become vegetarian, but my wife still eats meat and thats fine to me. I do most of the cooking and so I always cook vegetarian meals. My wife likes the vegetarian food but wants me to cook some non vegetarian food for her aswell sometimes. For example when I cook meat free sausages she wants me to cook normal sausages for her aswell. This would be fine but I already don't like cooking and this just makes it more complicated and time consuming. Also if she wants meat she could just eat it when I'm not cooking or do more cooking herself.

AITA for wanting her to eat my vegetarian food?",38,34,2,22,9,96,0.4166666666666667,0.5833333333333333,0.5-0.6
b6i6nc,AITA for telling my friend to stop calling herself trans?,"I have a friend who is a trangender girl (assigned male at birth) who came out several years ago. She is happy with her decision, and everyone who knows her agrees shes been much happier since. 

However, she has dealt with disphoria throughout the whole thing, and has spoken to me more than once about how she doesnt ""feel enough like a girl.""

For the longest time this conversation bugged me because of one thing: she insisted on including ""trans"" in every thing. ""Im a trans girl"" or other such statements instead of just ""im a girl."" Maybe as a cis person i dont understand the importance of labels, but it feels to me like that might be a source of her problems. 

Well the last time we spoke i brought this up to her and she went off. ""I cant believe you would say that, i thought you were my friend"" which i really really didnt understand. I said ""well if you're a girl why do you need to specify trans?"" And she said ""its not that simple a-hole.""

Im confused Reddit am I a turd here?",26,11,2,9,3,48,0.5833333333333334,0.5833333333333334,0.5-0.6
b9ajjf,AITA for expecting more than half the pizza?,"I'm going to order a pizza tomorrow. My wife doesn't really like me getting pizza because it's unhealthy, and it's expensive here in Japan. I get that, but it's a taste of my home country that I love, as she knows. I found a coupon and she gave me permission to buy it and bring it back for our dinner tomorrow. I'm going to order a large not because it's a good value but because I like eating a lot of pizza.

&#x200B;

Sounds great, right? But she says half of the pizza is mine, half is hers. I do not agree to this, but she expects it. I am taller and bigger than her. I eat more than her. I think 60% mine, 40% hers is a fair ratio given our respective bodies. I've brought this up before, but she has repeatedly demanded that she deserves half the pie, as we are supposed to be equals.

&#x200B;

I order pizza about 4 times a year. I also take her to a nice sushi place 4 times a year, because I know that she really likes it. I order cheap plates off the kid's menu, because that's my taste in sushi. I encourage her to order the expensive plates with nice fish because I know she'll appreciate it.

&#x200B;

She still insists on half the pizza being hers. My plan as always is to let her eat her fill, which will surely be less than half of the pizza, then eat the remainder of her self-declared half until I myself am full and satisfied. She will have to eat natto for breakfast the next day instead of leftover pizza, and I don't plan to feel bad about it.

&#x200B;

Am I the asshole here?",15,17,13,3,3,48,0.5833333333333334,0.5833333333333334,0.5-0.6
apc2b5,"AITA for calling my brothers girlfriend ""miss piggy"" for eating our food after we told her not too?","So last year my brother moved in with me and my roommate. When he moved in his girlfriend started spending a lot of time at our place. This isn't a problem as my roommates girl friend comes over too. Here's the thing though. My brothers gf pretty much eats all our food. No matter who's it it she will eat it. Me and roommate have told her multiple times to stop eating the food we buy and only eat the food brother buys but she ignores us and eats our food anyway.

&#x200B;

We have confronted her and my brother multiple times and told them she needs to stop but she just says ""tee hee, sorry but it's so good"" and he refuses to say anything about it. We both have tried to talk him into going to her house insted of bringing her over but he doesn't want too. It's gotten to the point where both of us are considering getting a second fridge to put a lock on. 

&#x200B;

Well, we're both sick of it. Brothers gf is a heavy girl and weight is a very touchy issue with her. Well, recently both of us have taken to calling her miss piggy when she eats our food. If we ever see her eating our food or after she has we confront her and call her it. She hates it and has freaks out each time she hears us refer to her as it. Honestly though, she still eats our food and so we kept doing it. 

&#x200B;

Well, today when I got home from work his gf was there eating leftovers I had cooked last night. I told her ""Wow, I love to come home to see miss piggy eating my leftovers that I was looking forward too."" before I started oinking at her. She broke down crying and ran out.  She's been calling my brother furiously since and is refusing to come here anymore because i'm an ""asshole"".

&#x200B;

Am i? Like, we asked her so much to stop and she didn't that i honestly just lost it. We all buy our own food and we have a rule never to touch each others stuff. She knows this and she still did it so I think she deserved it.",96,563,303,1,2,963,0.4143302180685358,0.5856697819314642,0.5-0.6
b1s43i,AITA for asking a fat lady to give up her seat to a late pregnant mother and her SO,"So I was on the bus yesterday and it was packed. But this lady was so big that none was able to sit next to her. Now I had a seat on the bus for a while but as a student I give up my seat to other people as thats my schools expectation. But the entire time i had been on the bus this lady had been sitting in a 2 person seat by herself. Now when I get on its already full with many people normally standing and it really got on my nerves that this lady had the audacity to take up 2 seats. But when a lady who was deep into her pregnancy and her SO got on the bus it really annoyed me. after 2 or o minutes and no one had offered them or her alone i worked up the strength to ask her if she would get up and give her seat to the couple. 

&#x200B;

Thats where i stuffed up. So i asked her politely if she would give up her seat so the lady didn't have to suffer with the pregnancy as badly. (Something along the lines of ""Excuse me ma'm would you mind giving up your seat so the lady over there could sit down so its a less unpleasant experience for her, if you could i'm sure they would greatly appreciate it) 

&#x200B;

Apparently this was super rude and she got really offended and started shouting that i was 'fatphobic' and rude and that she would report this slight to my schools headmaster and get me suspended or expelled. 

&#x200B;

So reddit AITA.",114,86,16,5,2,221,0.5882352941176471,0.5882352941176471,0.5-0.6
b371tg,AITA for blowing up at neighbor for not preventing our child from going missing?,"Yesterday our 3 year old went on a little adventure. My husband came home from doing some errands, we chatted for a bit in our kitchen, leaving our son to play on his own like we always do in an adjacent-but-not-in-eyesight room. He usually watches TV for a bit after his snack, it's been the routine for a year now. Color us surprised when he managed to unlock the front wooden door, open it, unlock the front glass door, and open it, get down our porch all without us noticing. We noticed after about 10min and we freaked out. 911 and 3hr later, he's brought home from a few blocks away: full of mud but otherwise O.K.

I'm not asking if we were the assholes for not paying attention, because I know we full well were. I do want to ask about our neighbor though and if me blowing up at her was justifiably assholish. After we had our baby back, she piped in to the police officers with us in earshot ""oh I saw him running across the street, I thought he was playing so didn't do anything"". She detailed she knew our kid got out unattended (and did nothing), what direction he went in (and told no one), and previously said she had no idea about anything (lying to cops and us).

I don't get along with my neighbor. She somehow has four cars to their household and frequently parks in our driveway. We don't have a car ourselves. It's been a constant battle over the last five years to get her to stop. She's retaliated, too, but I think this time goes too far. I exploded at her and would have got physical were the police not there.

While I know we should have been more attentive, what my neighbor did was outright malicious. AITA for exploding at her? Is she TA?",27,27,12,0,0,66,0.5909090909090909,0.5909090909090909,0.5-0.6
a0jkpl,AITA for being upset at the prospect of a half sibling?,"At our thanksgiving get-together, my stepmom (who has only been with my dad a total of two years) announced she was pregnant. I was not happy and instead was shocked, so I didn't congratulate anyone or say anything nice. Instead I shut up and spent the rest of the night alone with my bio sister. 

The stepmom already has 6 bio children, one of which I've never even met. (Now, her and my dad will have 9 kids to their name.)

By the time the child is born, I will be a late teen, and step moms oldest would be about 33. I feel like this child will not have the life it deserves, with almost all it's half siblings grown up, moved away, and working on their own lives. 

I also cannot imagine my dad parenting again, as he has not had a good relationship with my sister and I for a few years. Further, he refuses to discuss anything important with us. When he remarried, we were told jack, and he is not willing to have a heart to heart or even a short discussion with us about what he's doing.  With the new child, he is doing the same. My sister and I feel abandoned and pushed to the side. 

Are we being selfish? Or do we just make do/ ignore it and live our lives? 

",125,176,12,22,1,335,0.408955223880597,0.591044776119403,0.5-0.6
a5vc2q,"AITA? Husband says I gave his ""dream present"" to my sister instead","My husband took me to an auction where people were bidding on various items.  We wandered around before the bidding, looking at what would be sold.  Through my husband's job he had $300 worth of credit that had to be spent before the end of the year, otherwise he would lose it. It had to be spent at this auction since there are no more til January.

So we had $300 to blow. The auction stuff was mostly artsy crap. But Hubs spotted a 3D printer, unopened, and said ""I've seen this on Amazon for around $300 so it will probably go for less than that.  It looks kinda cool, I'm going to bid on it.""

While we were waiting for the printer to go up for bid, Hubs was on his phone. He Googled a bunch of different projects you could make with it and kept poking me to show me. He said he couldn't wait to get it home.

Well the printer came up for bid and some asshole immediately bid $400 on it, not knowing it's cheaper on Amazon I guess. I was surprised that Hubs still bid on it - he kept going til $500, but we are on a budget and can't spend $200 on a toy, so he let it go.  He bought a painting instead.  He said he was OK with not getting the printer but he was apparently lying.

So a week after this, my mom gave me a $200 Amazon gift card for Xmas.  I was looking for a gift for my sister. First thing that popped up on Amazon was a 3D printer for $170.

I had already bought Hubs his present (a TV for his man cave in the garage, bought Black Friday so no returns).  But I still needed a gift for my sister and this would serve as a gift for her entire family too so I shipped it to her.   I figured we could go visit her and use it sometimes - she lives about 70 minutes away.  I told her not to open til Xmas but she can never wait so she opened it.

My sister was thrilled.  She posted all this stuff on Facebook that she made with it.  She also thanked me for it on the posts.  Hubs was LIVID and still is pouting.  I want to point out that until the auction on December 1st, he had never said anything about wanting a 3d printer.  Admittedly he and my sister do not get along but I thought they could bond over this gift?  I thought it was a good idea. Am I the asshole? Or is he being a drama queen like I think?",30,21,2,1,0,54,0.5925925925925926,0.5925925925925926,0.5-0.6
aph0j3,"AITA for logging into my gfs Snapchat because I was suspicious that she was cheating, and I was right?","My girlfriend and I were going through some troubles recently and I noticed one of my close friends (her ex) starting to talk to her more, I noticed that more text notifications popping on her phone when never she used it in front of me. Due to this, after a big argument on a Friday, we weren’t texting as much over the weekend, and yesterday I wanted to see if my suspicions were correct. I logged into her Snapchat and saw that she and one of my closest friends were texting
 things such as “I love you” and “I want to kiss you rn” I confronted them via text about this and she got mad that I logged into her Snapchat in the first place. Am I the asshole?

SIDE NOTE: I have her login only due to one time where she needed me to do her streaks 

SIDE NOTE  #2: If the formatting is bad, it’s due to me being on mobile
",12,26,26,0,1,64,0.59375,0.59375,0.5-0.6
b2yamg,AITA for breaking off my engagement over his father's racist remarks?,"Hello everyone,

I have been with my (now ex) fiance for just about four years and recently broke off our engagement due to his parent's racist remarks at a restaurant.  We were to be married in June of this year.

To make a long story short, we met at a work conference in 2015 and maintained a long distance relationship (he lived in CA, I lived in N.C.) and made it work.  We got together for about a week every two months or so, and during this time, I met his family and he subsequently met mine when we were in each other's towns.  There were no red flags, not even a hint of how racist his parents really are - I ultimately found this out a few weeks ago.

We (me, him, and his parents) were out to dinner a few weeks ago and this little boy, must have been six years old or so, accidentally tripped our waitress resulting in dropped plates and food getting all over his mother and father. 

I had never seen such a dramatic shift in mood, but my future father-in-law stood up and started spewing A LOT of hateful remarks about people of other races -- I'll spare you all the details, but it was extremely vile and disgusting stuff.  People started recording on their phones.  It was a HUGE scene that left me VERY embarrassed and ashamed to be there - what makes matters even worse was that my mother-in-law did not disagree with him; she sat there nodding her head in agreement  My fiance didn't say anything,he just sat there. He didn't acknowledge what his father said, but the fact that he just let it go and didn't stand up to him was very telling.

The day after this incident I drove over to his house and broke off our engagement.  Understandably, he was very upset and naturally we had a big argument which I'm sure the neighbors heard.  I know he didn't say anything at dinner and I asked him point blank ""Are you a racist?"" - he did not answer, only turned away.  I'm not sure what that meant.

I had absolutely no idea his family was like this and a big life lesson I have learned is to spend more time with a partner's family before making any decisions.  I simply can not be with someone whose family harbors so much hate - the apple doesn't drop far from the tree.

What conflicts me is that his family paid for the entire wedding - everything from the venue, to the dresses, to the food, to the decorations.  Me personally, I don't come from a lot of money and would have been happy with a nice backyard wedding.  But I know they spent a lot which makes me feel terrible.

Does this make me an asshole?",126,99,25,4,14,254,0.594488188976378,0.594488188976378,0.5-0.6
9x74cz,AITA for kicking my roommates friend out of my car because she called me an Uber?,"My roommates friend doesn’t drive and neither does my roommate. I do however, and my roommates friend asked me for a ride to the airport at 2:30 in the morning. I had work at 8 AM that same day, but she begged me for a ride so I said sure. I’ve given her rides all the time, because she tells me she can’t drive because of a medical condition.


I get up out of my sleep, and drive her and my roommate to the airport. On the way there, she says verbatim: “You’re my little Uber. Anywhere I need you to take me you do. You’re so convenient”. I slam my brakes and pull over, and tell her since I’m her little Uber, she can pay me or get the fuck out of my car. She starts laughing thinking I’m joking but I drive up to a restaurant and tell her she needs to get out. She realizes I’m serious and tries to apologize but I’m pissed so I open my trunk and take her bags out, and when she comes out I go back into my car and lock my doors. My roommate gets out too and they’re pleading with me but I drive away. Was I in the wrong? This happened this morning, and I don’t know how I should feel. ",28,18,0,1,0,47,0.5957446808510638,0.5957446808510638,0.5-0.6
b01q3a,AITA for telling my husband I'd leave him if he ever lost his temper with my cat again?,"Just happened thirty minutes ago. I was putting dishes away from dinner and my son was pestering my cat. She gets mad and nips him. 

We've been trying to teach my son to be nicer to her but he constantly antagonizes her. And she always walks back to him to give him more chances. 

Anyways, my son pushed it to far and she nipped him. I grabbed my cat by the cuff and held her there for a second while telling her no. Before anything else, my husband's hand is on mine and my cat and he's pushing down, hard.
He stayed there for five seconds without saying anything for like five seconds before I forced him off. 

Later I told him if he ever does anything like that again and doesn't control his temper, then I would leave him.

I don't know if I'm overreacting here, but as an animal lover, I hate seeing animals in distress and pain. I understand she but my son, but since I was about to handle it, I personally think it was out of bounds for him to do that. ",42,65,57,2,14,166,0.5963855421686747,0.5963855421686747,0.5-0.6
av1ugy,WIBTA if I lied to get out of a coffee date with a guy after finding out he’s not as tall as I’d like?,"Hypothetically speaking: I met a guy on Bumble. We had a few sexy flirts by text and his pics look really great in his profile. We set up a coffee meet and greet this Thursday afternoon, with the understanding that I’m looking for an FWB. I found out his name so I did a little social media investigation. Looking through his insta I saw links to the crossfit studio where he works out. And his studio has a group picture of some of the members and trainers. That’s where I saw him standing in a group, not as tall as I thought from his Bumble pics.

So if I tell a little lie to get us out of this date so we don’t waste each other’s time, is it really that bad? I’ll probably say something like “hey I actually met someone really cool and he wants to try being exclusive. I’m sure you are awesome and the next girl that snatches you up will be so lucky!”

Pro: lets him off the hook with dignity, spares his feelings, no waste of time

Con: a lie

Counter-con: sometimes you have to lie a little to spare people’s feelings",16,12,0,12,1,40,0.4,0.6,0.5-0.6
b1n24p,AITA for moving on 'quickly' from my ex-boyfriend who passed 3 weeks ago?,"My boyfriend of a year passed away 3 weeks ago after a car accident. I was really close with him and his family, and he was close with mine. We were going to live together in the fall next semester. We shared a friend group as he was friends with all of my current friends before me, so they all like him too. 

When I was 16 my best friend passed away due to leukemia and I was really depressed and down for a while and my mom used to constantly tell me to get over it and what's done is done so I'm kind of desensitized to loss and tend to get over it quickly. 


Anyway, after my bf died once of my close friends who I used to like was talking to me and said he was there for me, and I didnt' really need emotional support but we started talking and seeing each other 2 weeks ago. I told my friend about it today and she flipped and two of my other close friends texted me and said what I was doing was fucked up and it's too soon. And now I got a message from my ex-bf's sister telling me to never talk to her or family again and some other mean things (idk how she even found out).

I don't know what I really did wrong, I never cheated on my ex, I did pay my respects after he passed, but it's like I'm supposed to wait some arbitrary amount of time until I'm allowed to go out with people again?
",237,127,7,35,5,406,0.6009852216748769,0.6009852216748769,0.6-0.7
an34la,AITA I said my girlfriends grandma should just do the world a favor and die.,"So, it sounds really horrible and it is.

Me and my girlfriend planned to visit her grandmother and stay for the weekend. My girlfriend said she had found a stray labrador a few weeks ago and was taking care of it. I was super excited because labs are my favorite and I have had nothing but them since I was a kid. It seemed like a good weekend.

When we get there the grandma immediately yells at my girlfriend because we are a little late due to an unexpected flat. But, she calms down and my girlfriend says she is just grumpy cause we didn't call. Fair enough. I ask to see the dog and this is where it gets bad. The poor thing is locked in the root cellar chained to the wall. Piss and shit is everywhere because it hasn't been out for weeks. She has just been tossing it chunks of meat. I immediately get pissed off because this is neglect. My girlfriend tries to calm me saying she is old and from a different time. I am just like ""whatever I am getting it out now""

Poor thing is so excited to have human contact it just can't sit still. I rush it up to the bathroom to wash it off and grandma is just yelling about how it got everything covered in shit and piss. She keeps screaming at us to get it out of the bathroom because it is dirty. I really want to go slap her but my girlfriend keeps excusing her and I have a dig to clean.

I keep it in our guest room and it is just the sweetest thing. Super friendly and amicable. So we leave it in the room because we have nothing for and we run to the store to buy food, collar, leash, bedding, etc. We get a call from grandma screaming that it has torn up everything. I just say I will pay for any damage just leave it.

We get back and dog is gone. The only sign of damage is a pair of my girlfriends jeans being slightly chewed. We go back in the cellar to find the dog again. Back in the shit and piss crying for help. She won't let it stay in the rest of her house anymore with how dirty and destructive it is. I say fine and leave with the dog.

My girlfriend is trying to calm me as I rage away with the dog and says she has just always been like that and not to judge her. And I am just so angry that I yell, ""The world will be better when she dies. It is a crime to treat an animal like this.""

My girlfriend is in tears because she loves her grandma despite how abusive she is to her and animals. And I just honestly can't change my opinion. That was horrible animal abuse and I am disgusted by her. But, my girlfriend is just trying to keep peace and doesn't want me to hate her family. She keeps saying all this stuff to make things better but I just won't hear it. Too enraged.

TLDR grandma keeps dog in cellar for weeks, I lose my shit and say her death is the worlds gain. AITA?",15,90,44,0,4,149,0.3959731543624161,0.6040268456375839,0.6-0.7
9ueve1,AITA for being turned off by my straight boyfriend liking anal sex?,"My boyfriend of 1.5 years  just told me about a week ago that he has received anal from women in past relationships. I told him it’s not that odd and that  think it’s fine that he has done that. However, i feel like this is a huge turnoff to me. We are a straight couple and this makes me second guess our whole sexual relationship. I feel bad for even thinking that he could be gay for doing this, because I know that having sex with a women is heterosexual, no matter who puts what where.  

I feel like an asshole for being so turned off by this aspect of his sexual history. I’m sure it will pass. But I look at him differently now. Like he isn’t as manly as I thought he was. And I feel that since I want no part in this sexual act, it makes me an asshole. 

So please, do you think I am being an asshole?",17,25,0,1,0,43,0.3953488372093023,0.6046511627906976,0.6-0.7
b65tea,AITA for being pissed that my wife gave $200 away to homeless people?,"We’ve been married for 3 years and together for 2 before that. We live in Chicago and there’s homeless people on every corner. I (24M) give as many of them whatever I can afford. If I have a lot of change left or loose singles then I’ll give it to one of them. Or I’ll buy them some food when I get some. It all depends. My wife (22F) has always admired that I share with them and has started to do it herself. She’ll sometimes give them her whole lunch or like a ten dollar bill. 

Anyways, we collectively make about 60k a year. Next year I’ll be making $100k alone. We pay $1200 in rent and $500 in other bills. We both pay off student loans as well. At the end of month we only have a couple hundred that goes towards food, necessities, and spending money. 

A few days ago I had an extra $20. I saw a family that had some kids so I gave it to them. My wife kept telling me how amazing I was for it. I thought it was kind of weird how she kept bringing it up but I still appreciated her comments. Btw we have a car but we prefer to walk to work because of how busy the streets are here. 

Last night she told me how she helped a lot of homeless people on her way home from work. I told her it was great. While I was making dinner she started asking me how much money do I usually give away. I told her about $125 a month maybe. She continued to bring up how she helped a lot of people. 

While we were eating she brought it up again. She said “you said you give about $125 a month right babe?” I nodded because I was chewing still. Next she says “I outran you this week!” I didn’t know wtf she was talking about and I guess she could tell by the look on my face. 

Long story short, she said she gave every homeless person she saw some money. When I asked how much she said all of the money in her wallet. I asked how much again. She told me about $200 like it was nothing.

I instantly said what the fuck? She was surprised at my reaction like I would be happy about it. We argued about it. $200 is a lot of money for us. We already payed our rent and utilities but now we only have $100 until April 15th. I told her that she acted senselessly. 

She’s been ignoring me ever since and locked me out of our bedroom last night. I slept on the couch. 

Now I’m wondering if I was the asshole for being mad. After all, those people do need it more than us. But I still feel like she shouldn’t have given away that much when we can barely afford it. ",3,32,25,11,1,71,0.39436619718309857,0.6056338028169015,0.6-0.7
ayfg76,AITA for telling a stranger we don't need input for our wedding?,"So my fiance and I are getting married in December. I absolutely *hate* Facebook, but I brought it back to look for wedding vendors, etc. Everything major has already been booked (DJ, wedding and reception venue, photographer, hair and makeup, etc). My mom is paying for everything minus the rehearsal dinner, which is fine. My mom asked me to look into videographers, so I did. (My fiance and I don't really care about having one, but I decided to look into it anyway, for my mom's sake.)

A family friend of my fiance's suggested her nephew, but he is waaaayyyy too expensive. She posted his page on my personal FB. So I politely told her that he is out of our budget...NBD. SO her some random lady (complete stranger) chimes in on the post and says ""Quality is the most important. Flowers die, cake is eaten, your photos live forever to tell your story and family."" Okay....and? I don't know you, why are you pushing this on me? Come to find out, it's the videographer's mom. 

I commented back, ""He is still out of our budget. The most important thing is that it is OUR day. We will be together, as one. I don't need a random stranger telling me how to run OUR wedding. But thanks.""

I took it as ""So if you choose someone else, your wedding will be shit. Who gives a fuck about flowers, cake, etc.""

I am BEYOND tired of people I don't know (strangers, not family or close friends) putting their two cents in for our wedding. AITA for what I said? ",17,32,6,4,0,59,0.3898305084745763,0.6101694915254237,0.6-0.7
atcfwx,AITA for asking my sister to dye her hair a “normal” color?,"I’m getting married, beautiful white dress and venue. Expensive photos. Everything I wish for, but...My sister (who is in my bridal party) has BRIGHT blue hair. I don’t want that to be where people’s eyes go when they are at my ceremony nor in all of my photos. I’m spending so much time and money on a beautiful neutral colored ceremony, she would stick out like a rose in a desert. Thanks for your thoughts. ",45,11,2,19,3,77,0.6103896103896104,0.6103896103896104,0.6-0.7
afhfpv,AITA for losing my passport and ruining my girlfriend's birthday?,"My GF wanted to go to Japan for her birthday. I've always wanted to go there too. I booked the flights to Tokyo with a stop in New Delhi.

After we landed in New Delhi, I realized I couldn't find my passport. They would not let me board the Tokyo plane without it. She couldn't go without me because the hotel reservations were in my name. Neither of us could exit the airport because we had no Indian visas. We told the police about the situation and, long story short, they got us on a flight back to our home country.

So that is how I ruined my girlfriend's birthday. We have nothing to do for the next two weeks.

Now she is angry at me. In my defence:

* I did not lose the passport on purpose.
* I have done everything I can to make the situation better. I even offered to book a last-minute trip somewhere closer where I could go with my ID card. Switzerland? Italy? Turkey? Nope, she's ""too depressed now"" to enjoy those places after what happened. (Not trying to disrespect her feelings with that. It's just what she said.)
* I paid for the flights and the hotels. While she is going to have a disappointing birthday, I've also said goodbye to 3000 €. Yeah it sucks for both of us but don't be mad at me.

Still, I feel like I fucked up. I think losing it was ultimately my fault. If I wasn't so careless, she would be having the best birthday of her life right now.

Am I the asshole? And if I am, then what can I do now to not be the asshole?

TL;DR I promised GF a trip for her birthday, I lost my passport on the plane, and we got sent back. She's upset. I'm trying to make the situation better but it was probably my fault.",35,41,2,17,3,95,0.3894736842105263,0.6105263157894737,0.6-0.7
b9gfyp,AITA for telling a customer I was on break instead of answering her (supposedly) simple question?,"I'm pretty freaking bummed about this because I have a good job that's easy, walking distance of my apartment and has a union. I am on a probationary period and because I got written up I could get fired. I guess I need some input if I was in the wrong or not. 

I am a cashier at a grocery store. This morning another cashier ended up calling in sick so I handled the morning rush by myself. It wasn't brutal but I didn't get a chance to go to the bathroom the entire time. My manager was also late relieving me so I finally flagged him down, we had a quick conversation and he said he was sorry but please take a 15 minute break and come back. I was like cool. 

As I was walking through the store, a woman (I won't describe her because that sub was banned a few years ago) stopped me and asked me if I knew where the Cadbury Cream eggs were? I found this crazy because literally right behind me it looked like an easter rabbit had vomited pastel all over that corner of the store so I got the impression that she wasn't really even looking. I told her I was sorry I was on break and walked away. 

Before people jump to YTA I need to explain something about the last appx 30 days I've worked at this store. I've found that a simple question, especially when confronted on the floor like that, is never one question nor is it simple. I had to pee so bad that I didn't want to get into a long drawn out conversation that I've gotten into in the past. 

Not five minutes later my manager came flying into the breakroom and told me I was being written up for being rude to customers. I explained I was on break and hadn't had one since 5:30AM (it was about 9:45) he told me it didn't matter and the ""customer is always"" right. I told him I really had to go to the bathroom. Then he wrote me up for arguing with him. I told him I wasn't arguing I was explaining. He told me I was a toenail away from getting a third write up which would have me fired immediately and that my choices weren't boding well for my future at the company. I really, really need this job. 

Am I the asshole here?


",23,19,7,0,1,49,0.6122448979591837,0.6122448979591837,0.6-0.7
b1266d,WIBTA if I get rid of my wife’s dog?,"My wife’s dog is old.  Around 10.  He’s always been a grouchy little bastard with me.  My wife always thought it was funny that I was so cautious around him, but the fucker is mean.  He will snarl if you sit too close to him on the couch.  He growls when you get close to his food.   He can’t be around other animals which has always bummed me out as I’ve wanted more pets. 

My wife refuses to train him or even let me try to train him.  She has always told me to just leave him alone and let him be.  I wasn’t happy about it, but he was her dog so I respected it. 

The problem is now we have a 2 year old son.  He’s curious and always tries to go play with the dog.  Wife and I have to keep them mostly separated, it’s a pain in the ass to be honest. 

Last night wife was going to take the dog out to do his business and my son was in the kitchen.  My son got away from me for a second and got to close to the dog and got bit.  It didn’t break the skin and might not have even been that hard, but he was bawling.  

I’ve had enough of this dog.  I want to get rid of it.  My wife is not even considering it.  Keeps shutting down the discussion completely.  She thinks I’m overreacting.  I can’t believe how ok she is with this dog biting our son.  It’s become a safety issue.  What happens the next time if the dog really decides to go all in?   

I know it’ll cause hell between her and I, but I just want to load him up and go to an SPCA a few towns away and surrender him.  ",23,76,25,0,5,124,0.3870967741935484,0.6129032258064516,0.6-0.7
b7s9of,AITA for trying to stretch out my legs on an airplane?,"I was on a 14 hour flight recently sitting in coach. I am a tall guy and my legs are long and generally flying on airplanes is an overall extremely uncomfortable experience. I try to book seats with extra leg room on long flights to such as exit seats or front row seats but there were none available when I was booking the flight. I used to only book aisle seats so I could intermittently stretch my legs out into the row but have had my knee smashed into by a cart and no longer take that approach. I would have even considered splurging on business class for such a long flight but those were all booked too. 

I'm sitting in my window seat and around two hours into the flight, the lady in front of me reclines her seat back around half way. This made me moderately more uncomfortable but I was OK with this as she paid for her ticket too and should be able to recline if she wants to. About 10 minutes later, she reclines her seat all of the way back essentially pinning my legs underneath her to the point where it was impossible to move them without hitting the back of her seat. Reclining my own seat back would not give me extra leg room based on how these seats were designed. I first attempt to readjust and slip my leg underneath to the space beneath her seat but this plane's seat configuration was so cramped that I was unable to do that. Now, the readjusting of my legs to try and find a comfortable position was hitting the back of her chair. She turns around to me and says ""Can you stop that?"" and before I have a chance to answer lies back down, puts on her headphones and eyemask and turns around to go back to sleep. 

Well, I didn't stop trying to adjust my leg as I wasn't going to be able to tolerate being in significant pain and losing leg circulation for 12 hours. After a few more minutes of this, she gets up again, turns to me and says ""what are you doing? you need to stop kicking my chair"". I respond to her that the seat of her back is crushing my legs and I'm trying to adjust them into a comfortable position. She literally scoffs at me, then attempts to recline her back FURTHER despite it being at max recline, and goes back to sleep. 

This significantly pissed me off so I began to move my leg more vigorously and this started to really rock the back of her chair. After about five minutes of this, she reclined her seat back up and went back to sleep. She did not recline it back for the rest of the flight. 

AITA? 

&#x200B;

 

&#x200B;",18,53,17,3,0,91,0.38461538461538464,0.6153846153846154,0.6-0.7
axm7a6,AITA for not paying my friend to be in my short films?,"Ever since I was in middle school, I've made short films because I have a passion for film-making and I've asked some of my friends to help act in them. We always had a fun time doing it, no matter how bad the movie ended up being. One friend in particular, Zack, has been one of my go-to actors and we've never had any issues making these movies.

We're in college now and we still make short films, but the past couple of months have been pretty tense and difficult. There was the first incident when I noticed that Zack didn't seem to be giving his all in one of his performances. I asked him what's wrong and he didn't say anything. That went on for a few days and then I decided to just ask again. He then tells me that he wants me to start paying him for starring in my movies. I thought that was a bit of an odd request. I don't pay any other actors and while I do make these recent movies more seriously since I'm older, there's still an element to them that's just for fun. I'm a college student. I can't afford paying someone a salary that he was asking. He was asking for $100 for every scene he was in and I told him that I can't do that.

After that, we went inside my house and my mom popped in and asked how things were going. Zack responds by flipping her off. He got kicked out, but he came back the next day and offered an apology, which my mom accepted, but things between them are still tense. And after that, Zack just stopped caring about my movies. He told me that he wanted out, but we were halfway through the shooting of this film and it would be detrimental to recast and start over again. But I promised that once this movie was done, he wouldn't have to be in any films. 

But a few weeks ago, when production was done, I told him and my other actors that we'd be screening the short film at a film festival in New York. I got all of my actors together and told them that I'd be flying them out to NYC on an all expenses paid trip. This is what I'd been saving my money for and everyone except Zack was excited. Zack's response was ""That's it?"" and he starts complaining about not being paid and having to be flown out to a ""dump"". Then he leaves and he starts saying under his breath ""Fucking waste of time."" Now it's just a few more days until we got to New York and Zack has told me that he's not going. He says that I don't deserve him since I refused to pay him. He says that he needs money and he needs career security, but I told him that he knew from day one in middle school that this was just for fun and that he's dumb to expect ""career security"" from me. I told him to just start applying for jobs, but he claims that I owe him.

Who's the asshole here? A few years ago, I actually caught Zack fucking one of my old girlfriends in my own bed and I was dumb enough to forgive him for that and now it would seem that he feels like he can get away with anything after that. But with this whole movie-making thing, I want to know who's in the wrong.",8,28,10,1,3,47,0.3829787234042553,0.6170212765957447,0.6-0.7
ap6i55,"AITA for telling my sister I don’t want to hang out, AFTER she walked almost 6 miles in the cold to get here and she brought me a donut?","So. Everyone in my family knows that I’m a night owl. I’ll wake up around 7am on weekdays to say bye to my husband before he leaves for work, and then usually go back to sleep until 12-1 (I’m disabled and so do not work). On weekends, my husband wakes me up with a quick breakfast so I can take my meds, and then I go back to sleep. This is known to all of my family.

Well this morning when my husband woke me up saying my sister was here. I was super confused because she doesn’t drive and our parents had church so I knew they couldn’t have brought her, and the busses aren’t running and she’s too broke for an Uber or lyft. I checked my phone and had 7 messages from my younger sister. 

“Hey.. you awake?”

“I’m bored as fuck and don’t want to work on homework.. wanna chill? Feels like forever since we’ve really hung out.”

“Okay don’t hate me but I’m going ahead and walking over. I know it’s far but I feel antsy and the walk should help me mellow put before I’m there”.

“So I’m at Safeway. I got a free coupon on the monopoly thing and won two free donuts. What kind do you want?”

“Okay I grabbed a maple bar and a buttermilk bar, and I grabbed a crueler for [my husband]. Be there soon-ish!”

“Damn people are driving crazy out here. Some guy almost ran me over while I was trying to cross the street! Oh btw my eta is about 35 minutes”.

“I’m outside..”.

She came in my room, said surprise, and handed me the bag of donuts. “Pick one!” Barely awake, I just stared at her and was like “dude WTF did you walk all the way here? I would have went and picked you up”.

“I tried messaging you but you never responded and I felt the urge to just get out and come over. Are you mad?”

“..... not really, but I kind of didn’t want to hang out today.. wish you would have waited for me to see the messages so I could save you the trouble”.

“..... oh. Um. Okay. Well I guess I’ll just head home then. Sorry I didn’t wait. I didn’t think you’d have a problem with it.”

I felt like a complete and total asshole and said “dude come on I’m not letting you walk all that way here and not hang out. I just wish you would have waited so you didn’t walk all this way.”

She started shaking her head and put the bag of donuts on my bed. “No, it’s okay, I should have waited and I’m sorry. You can have the donuts, they’re too sweet for me anyways. I’ll just go ahead and go home, I don’t want you to feel obligated to hang out if you aren’t feeling up to it.”

I said “come on [sister], I’ll hang out, even if just until mom and sad get out of church and they can come pick you up.”

“Nah, I don’t feel comfortable hanging out when I know you don’t want to. It’s okay, really.”

Me: “ugh okay well at least have [my husband] give you a ride back home. I’m not letting you walk all that way back.”

Her: “dude no it’s okay, if I can walk here I can walk all the way back home.”

I got mad and said “[sister] don’t be stupid. Just have him take you home. It’s freezing outside”.

Instead she just left shaking her head and walked out. I asked my husband to go pick her up and drive her home, but he said no. I want to go pick her up myself, but I’m terrified of driving on ice/snow in my truck after a horrible accident I had awhile ago. I’ve been texting and calling trying to get her to come back over, but she’s not answering.

This has ruined my day and made me feel like a major asshole. Am I?

tl;dr: sister showed up unannounced (since I hadn’t read my texts as I was asleep) with donuts after walking 6+ miles in the freezing cold, expecting to hang out. I told her I don’t feel like hanging out and wish she’d waited to actually ask me instead of walking all this way. She got upset and insisted on walking all the way back home despite my husband being able to give her a ride back. AITA?






",72,34,12,18,2,136,0.6176470588235294,0.6176470588235294,0.6-0.7
asxvj8,AITA for resenting that my children see their mom as a hero?,"My ex wife is a perennial fuck up. She’s been to jail on numerous occasions, had several affairs, lost more jobs than I’ve ever had, and currently lives with her mother. I was a single dad for three years to three children, years where I learned to braid hair so I could care for my daughter. I’ve remarried, and my wife and I provide the children with everything. We pay for their healthcare. We help them with their school work. We sign them up for activities they are interested in and take them to those activities. We pay for those activities. We help them with their school projects. My son is almost 16, and we will buy his car. My eight year old daughter needs braces, and we will pay for them. I ask their mother for no child support because she can’t even support herself. I don’t wish to hurt her. In fact, I’ve forgiven her for who she is and what she’s done. 
Fast forward to tonight: my daughter is entering a pageant. We’ve paid for the dress. We’ve paid the entrance fee. She gets me ask her questions she might be asked at the pageant. One was, “Who is your hero and why?” 
My daughter says, “Do you think I should say, ‘my mom?’”
I said, “ You realize you have family here? We provide for you. We registered you for this pageant. We attended the meeting. You live here full time. We care for you and love you. I know that you get to go to your mom’s every other weekend, and you have no chores there. You eat whatever you like (mom has food stamps), but it’s easy to be a parent two weekends a month. It’s harder to be a parent all the time.” 

I’ve never derogated their mother. I don’t want to cripple their image of her, but it’s frustrating as hell that they see her as this angel and don’t appreciate everything their stepmother and I do for them. ",34,32,0,23,3,89,0.38202247191011235,0.6179775280898876,0.6-0.7
ae2yo9,AITA for stranding my crying gf at a club because some guy hit on her?,"This happened a week ago. All my friends and her friends are calling me a massive asshole, so looking for confirmation here. 

Last weekend we went out with some friends, ended up at a club. For some background, my gf has a really thorny family history with her sister, who’s like some professional runway model even though I think my gf is a lot prettier. Regardless, it gave my gf a huge complex and constantly puts herself down appearance wise. 

So we’re at the club having fun when I go off to get some drinks for everyone. When I come back I see my gf and her friend whisper talking and some other guy turning away and walking off. They tell me this guy just walked up to my gf to try to chat her up and ask for her number. I’m like whatever and didn’t think it was a huge deal. 

Well as the night went on my gf started acting REALLY weird, like she was simultaneously quiet and really snappy at me. It got to the point where she was acting like she’s going to cry, putting her hands over her eyes, so I brought her outside and we just sat on a curb for a bit. Honestly I had thought something really bad had happened to her, like someone had groped her or something. 

So she’s huffing and puffing and acting distressed and I’m begging her to tell me what’s wrong. She asks me not to judge her and I said of course, and she says that she feels horrible because that guy from like an hour ago had hit on HER and not the girl she was with. I was like..and that’s bad why? And then the floodgates opened.

She was cursing and crying basically, calling that guy all sorts of names but all it boiled down to was the fact that he was quite unattractive apparently and very short/overweight even tho he seemed like just some normal dude to me. Honestly I was a bit taken aback. I told her he probably just thought she was pretty and wanted to talk to her, but my gf was convinced it’s because he thought she’s more in his “league” than the girl that was with her. So I’m trying to comfort her while losing my patience now but I really lost it when she started calling him “Apu” (like from the Simpsons, he looked Indian but not sure if he was). I was like ok nope nope nope it’s too late to deal with this crap anymore and I got up and basically just hailed a cab home. 

The next morning my phone blew up from my gf because she couldn’t believe I left without telling her and stranding her at the club. She said she had to get a ride off of a friend and cried the whole time. I told her that I’ve been very supportive of all her self esteem issues but I have a limit too. After another day she calls me EXTREMELY apologetic saying that she was just upset in the moment but she doesn’t want to break up over this. 

We’ve been in limbo since this and everyone is telling me that I’m overreacting. I don’t know. The stuff she was saying when she was upset was EXTREMELY vile. From the racist comment to everything else. My sympathy just plunged to the ground. But now everyone is telling me I fucked up and that I owe it to her to hear her out and that everyone makes mistakes when they’re at their most vulnerable. I’m really second guessing what I did and I do feel guilty for just leaving without telling her. 

So, AITA?",35,144,57,5,2,241,0.3817427385892116,0.6182572614107884,0.6-0.7
az4ayv,AITA for reclining my plane seat without asking the person behind me first?,"Just yesterday, I was called rude for not asking the people behind me if I could recline my seat on a 3 hour flight. I fell asleep early in the flight and about halfway through, I groggily reclined my seat a bit in attempt to get more comfortable and the person behind me proceeded to push my chair over and over while the lady next to him encouraged him to keep doing so because apparently his legs are too long. At the end of the flight, I confronted them about it and said they could have asked me nicely to put my chair up. The guy tried to excuse himself by saying he was just trying to get comfortable. After I already turned around and sat back down, his travel companion tapped my shoulder to tell me that I was the rude one for not asking before reclining my seat because the guy is six feet tall. (How would I have known that?) I tried to say that it was still rude of them to push my chair like that, and after some back and forth, she finally settled on her judgement that ""we were both in the wrong."" I still feel wrongly accused since I have never heard of asking for permission to recline a seat. However, I guess that would be a polite thing to do, so does it make me an asshole for not asking?",9,29,10,2,0,50,0.38,0.62,0.6-0.7
ak5bgz,AITA For Bailing on A Date Mid way through it because she was fat?,"Met this girl on tinder and she looked really hot, all face pics though which was suspect and they had a good amount of filters on the pics from what I could tell. I didn't care too much because basically every girl uses filters on pics and she was funny and had a nice face. We met up last night at this resto/bar place and right when I saw her I was like WTF this girl is huge. Like 250 lbs probably, I'm 6'1 and she def weighed more than me, I gave her a hug and we went into the place. I was pretty bummed out about this but she was really happy to see me and had an outgoing personality from what I could see so I just thought I'd stick it out. But just staring at her more as we were talking and I knew I couldn't do this anymore and didn't want to waste any more time here with her as I'm not attracted to fat women. She went to the washroom and I texted my buddy to call me in 10 mins pretending our other friend had a medical emergency and is in the hospital and I need to get there. So he calls and I play the part on the phone, apologize to her profusely and quickly pay the whole bill and run off into the night. 

&#x200B;

I went straight over to my buddy's place (same one who called) to have some brews and catch the end of the Raps game and I told him what happened and he's like bro that's a dick move, you're an ass but was kinda joking when saying it. But it got me thinking am I an asswipe for this? Also she texted me this morning saying she had a good time and asked how my buddy is doing. ",63,49,17,0,0,129,0.6201550387596899,0.6201550387596899,0.6-0.7
avge8m,AITA for believing that I should be able to say the N word if I'm reading it from a school-issued book?,"To preface this, I'm white. White as hell, I come from German ancestors and friends could probably lose me in the snow. I go to a very culturally diverse school with tons of different races and ethnicities.

Anyway, today I was in my junior year Literature class, and we were discussing a book (I don't remember which one) that had the N word in the first chapter we read. Our teacher skipped over it (even though she was reading off things like shit and fuck) and as expected me and a few friends cracked some jokes about it. I then casually mentioned that I think it shouldn't be a big deal to say it if you're just reading it aloud straight from the text. I was met with disagreement, and not wanting to back down I kept arguing my point. I was trying to be respectful, but people kept interrupting me by pointing out that there's a history behind the word, just saying it is racist, while I was trying to say that there's nothing inherently wrong with the word so long as you're not trying to use it in a derogotory sense, and that just reading it from a book that was assigned for class wouldn't be a big deal since it's literally in the book, why would a word be in a book if you weren't meant to read it? Things escalated to the point where one student was yelling over me every time I tried to talk, everyone was calling me a racist, and that same student was willing to fight me over the issue.

AITA?",44,21,2,7,1,74,0.6216216216216216,0.6216216216216216,0.6-0.7
ba5btk,"AITA for telling my dad I don't want him to bring ""my sister"" to my house ever again","I'm on mobile so excuse the format
 
Short back story. Around 20 years ago we found out that my dad had a daughter from previous relationship. Cool what ever I always wanted a sibling since I was an only child at the time. ""My sister"" I'll call her ""E"" totally flipped her shit at the thought she was my dad's daughter and bad mouthed him all the way until she was around 20 something and was married to an abusive drunk guy. She started to call my dad asking for financial help. My dad tried to be a part of her life ever since he found out, at the time E was probably around 9 years old, but she didn't want anything to do with my dad back then. 
So fast forward 10+ years and she is suddenly calling him dad and saying she loves him. Things got so out of hand that my dad was basically giving her about $2k a month for her to survive while her husband didn't work and basically lived off my dad. My mom and I convinced my dad to get a DNA test just to make sure she was his since there where alot of rumors about E's mom being the friendly girl in town. So turns out E isn't my dad's daughter. Ok cool we have no responsibility to help her. She eventually left the dude and found some one way better. 
 My dad still keeps in regular contact with her and the other day she asked my dad if they could come over to my farm and look at the animals and ride some horses. My dad didn't even bother to ask me. So the pulled up to my house this past weekend. She gets out the car and is calling me ""brother"" I told her I wasn't her brother.
As we are at the barn she tells one of her kids to ask his ""grandpa"" if he can ride a horse. So I called her out and told her to stop calling my dad her dad. That she never saw him as a dad and only reason she ever called him was because she needed his money and nothing else. She didn't even invite him to her second wedding. Words got exchanged and I told her she needed to leave my house and never come back. 
My dad is now mad at me and is demanding I call her and apologize to her. I told him no I'm not apologizing to her and I don't want him to bring her to my house again.
So am I the asshole for calling her out on her b.s?",19,48,12,3,2,82,0.3780487804878049,0.6219512195121951,0.6-0.7
aotn66,AITA for telling my sister in law to fuck off?,"It was my brother's birthday yesterday and I was asked by my brother if I wanted to join a birthday dinner between him and his wife. I kindly declined because I had came home from work and did not want to go out, because of how tired I was. I was planning on be attending his birthday party the day after which is tonight and they both knew that. 

Half an hour later I check my phone and I see that I received a text from my sister in law which said the following: ""It's your brother's 30th birthday. Get your ass up. Get dressed and we will pick you up in 30 minutes. I dont even want to hear it. Dont be rude. Have some respect for your brother.""

Am I the asshole that my blood boiled so hard after reading this text message that I texted back to her ""Fuck off."" to which she replied: ""Excuse me? Have you lost your mind? How dare you even speak to me this way?"" 

She is 1 month pregnant and my brother flipped off on me and told me that I am wrong and she is pregnant. I'm not a female but being pregnant does not mean you have a right to be a fucking cunt and talk to me like a child. Just a quick backstory - She has insulted my mother on my mothers birthday before and straight up talked shit about my parents onf facebook. I'm just so irritated by this event and nobody is on my side. 

Tl:dr - I said no to coming to my brother's birthday dinner because I was tired after work but I was going to the party the day after. I get a text from my sister-in-law talking down to me like I am a child to which I replied ""fuck off"" ",17,105,49,4,3,175,0.37714285714285717,0.6228571428571428,0.6-0.7
ba8jpv,AITA for calling my stepfather 'daddy' instead of 'dad' to purposefully make him uncomfortable?," I'm 16 and loathe my stepfather, he literally lays on the couch all day and mooches of my mother. At first we were content with pretending the other doesn't exist, we just interacted with my mother really. But then something clicked in his head and he wants to be an active part of my life and wants me to call him 'dad'. I thought he was joking because we literally never talk in the first place but he was serious. My mother, like every time a conflict between him and I happens, refuses to choose a side. He wouldn't let up and kept referring to me as ""young lady"" so I decided to double down and start calling him daddy.

&#x200B;

 A) I'm 16 not a baby, I realize that, the point is to make him uncomfortable.

B) I'm not stupid I know it carries a sexual meaning too, which makes this even worse (better for me?)

&#x200B;

 Honestly my goal here is to make him uncomfortable to the point where he'll drop it. So far he's disgruntled. AITA?",19,31,39,4,2,93,0.6236559139784946,0.6236559139784946,0.6-0.7
axrre8,"AITA for not ""letting"" my brother get married before me?","This happened a couple years ago but it's something that keeps coming up & causing me anxiety/discomfort.

When my husband & I got engaged (it was like April), we had been dating for about 8 years & it was not a surprise to anyone that we were going to get married. We do the whole tell the parents thing & they are all excited, later that day I realize that we hadn't told my older brother so we call him up & share the good news. At first he's excited & then asks when we are thinking about getting married. Since we had only been engaged for about a week we hadn't really set a date & I mentioned a date that was about two years in the future but clearly stated that we didn't really know since we hadn't been engaged long & had to plan.

My brother then says ""oh well it looks like I may beat you guys down the aisle."" I laughed but when he didn't laugh as well I stopped & said ""wait, you're seeing someone?"" He apparently was, they had their first date on Valentine's day (February) I kinda brushed off his comment about getting married before me & told him that I'd love to meet & get to know her. Especially since she was the first girl he ever dated & ""brought home.""

Couple months (~July) Husband/I set a wedding date that's ~9 months in the future. We also meet the GF, I think a good fit for OB. In August, we get a call from OB saying that he & GF are engaged. Wow, congrats! Ask about the story & all that, but I never really thought to ask about a date (I was admittedly too wrapped up in planning to be considerate).

2 weeks later OB calls me & asks if I'd be ok with him getting married before me. I was (stupidly) shocked & said I'd have to talk to Husband about it since I was unable to process it at the time. That day I went over to visit my husband & asked him what he thought & shared how I thought it was crazy that OB&GF wanted to get married so quickly after beginning to date. Husband wasn't ok with them getting married before us & agreed w/me that it seemed fast. I also spoke to our mom/older sister they both agreed that I was within my rights to say no if I was uncomfortable about it since he asked.

2 days later I called OB up & told him that it did make me uncomfortable but if they really wanted to get married before us then I couldn't stop them.

They ended up setting a date for 2 weeks after my wedding.

Ever since OB/his wife have made comments often about how they ""really wanted to get married in February"" (I didn't realize that they wanted to get married on their 1 year anniversary, which I do feel bad about) & have heard them bemoan the fact that they couldn't have the flowers they wanted for something like that.

Am I an asshole for letting my feelings known or should I have swallowed them? If YTA, what (if anything) can I do to make it up to them? Thanks for your thoughts & harsh judgments.",51,34,17,7,3,109,0.6238532110091743,0.6238532110091743,0.6-0.7
b2k686,"AITA for not locking up my edibles, resulting in my niece getting high AF?","I live in Colorado, a legal state. I am a 35 year old woman. For many women, unwinding means a bottle of wine. For me, I prefer to pop an edible or two and relax in front of a paint canvas, my sewing machine, etc.

My sister's husband had an emergency that resulted in her needing to quickly find a sitter for her 9 year old. I like my niece and obviously wanted to help out my sister, but warned her that she'd probably be bored at my place, since we don't have a lot of kid-friendly stuff.  At one point after she dropped her off with some books, I got up to take a shower. I'm pretty sure this is when it happened.

About an hour or so later, I notice niece hadn't said anything for a while. I went over to the couch to see what was up, and she's just staring at the ceiling with one of her books on her stomach. I ask her if she's okay, and I immediately knew something was up. She said ""I ate some of your candy and it made me feel funny.""

She had, in fact, eaten several of the sour gummies I had on my dresser. That I hadn't thought to lock up or anything like that because I'm a 35 year old woman who doesn't need to think about those things. Like ever.

I panicked, she seemed fine, I called poison control and called her mom and panicked a lot more. I felt awful. It hadn't even occurred to me that this is a thing that would happen. Honestly, I did not foresee this happening. At all. Niece is completely fine, she ended up falling asleep after asking me for a grilled cheese sandwich with cut up hot dogs in it and asking if we could watch a movie. I stayed with her, kept her hydrated, etc, and apologized at least six million times to my sister, who was horrified and actually screamed at me. Once again, my niece is *fine.*

Even my parents are in on it, blaming me and telling me I should have those things in a safe where no one could get to them, how could I possibly thing it was okay to have them around a child, no one should ever let their kids around me because next time I might give them a beer, etc etc. And I've been uninvited from anywhere that my niece will be, because they think somehow I planned for this to happen.

I feel awful, like I've said a million times, but I really don't think I'm an asshole for this happening. I didn't do this on purpose. I have never needed to lock up my edibles before for the same reason I would never lock up a bottle of wine. When my sister called me in a panic, it wasn't like I thought ""Oh my god, I need to immediately childproof my home!""

But am I the asshole here? Do I really deserve what's happening now?",80,169,47,42,2,338,0.3757396449704142,0.6242603550295858,0.6-0.7
b0o5g9,AITA for making my husband take down his wall mounted guns?,"My husband is a veteran, who enjoys everything that has to do with guns. During the week he goes to the range with his friends around 1-3 times. On the weekends he’ll usually be hunting or participating in his rifle association. He also suffers from PTSD, insomnia, and depression so I try to let him do the things he enjoys to help him with his hardships.

Fast forward to the present, I have never hosted a event for my family as I have always been super busy with work. My nephew, who I love very dearly was about to turn 2, so I decided to offer to host the party for my sister since I know her house is extremely messy since she has to take care of a infant.

Once I started cleaning I realized how unsuitable our home might appear to guests, we have many flags, medals, and guns mounted everywhere around the house. I decided that the biggest thing that needed to be addressed were the weapons, so I asked if we could temporarily take them down.

He agreed to take them all down except for one, which is located right above our fireplace. His reason being that his very close friend died literally by his side in battle, and something he had always promised was to keep and honor all of his memorabilia, as he doesn’t have a wife or children. 

He believes removing his weapon from the mantle would be a dishonor to his friend, and thinks that he is already being accommodating enough by removing the rest of the weapons. 

I’m not that satisfied on one hand I do empathize for my husband, on the other I don’t want parents to be uncomfortable with a weapon in their view, especially with kids around.

Any advice is appreciated, if you have any questions feel free to ask. I’m getting ready for work currently so I might not be able to reply quickly but I will definitely get around to it.

Am I the asshole here?",197,34,1,85,5,317,0.6246056782334385,0.6246056782334385,0.6-0.7
alzkzx,AITA keeping pictures of my naked wife on my phone?,"I like naked women, and I like my wife, so obviously I like my naked wife. She sends me nudes or I take pictures of her nude so that when im out of town for work and we're sexting I have something to look at.

Been doing this since we were dating, been together for three years, married for two.

Anyway, at a birthday party with a lot of nieces and nephews. Im changing into swimming gear to get in my sister in laws pool,  so i leave my phone on the patio.

I have a nice phone, and my sister in law asks if my eight year old nephew could play on it. I wanted to say no but i would come off as a dick. I also keep my nude photos hidden under like two albums in my gallery.

Welp, maybe half an hour later my mother in law yells ""Oh my god!"" and takes my phone away from my nephew. He responds ""It just popped up!"".

Which is impossible. But everybody gets quiet and I exit the pool. My sister in law and mother in law take me and my wife aside and ask why we have ""homemade porn"" on our phones and that my nephew shouldnt see that stuff.

Wife is embarrassed, im embarrassed but i did say the pictures didnt just ""pop up"" at which point she says her kid wouldnt lie. We apologize but leave the party early.

My wife is mad at me because I didnt hide the nudes well enough and calling my nephew a liar. Even though i hid it and he must have been going through my photos.",14,32,7,3,1,56,0.375,0.625,0.6-0.7
av03u0,AITA: Wife wants to go on vacation without me,"My wife is a nurse and works weekends from time to time. I work M-F. Because she is working on the weekends, sometimes I take our son to the local zoo or out four-wheeling in my Jeep, or to the beach. She feels that she doesn't get the one on one time with him like I do. Bear in mind, she works 3-12 hour shifts and has 4 days a week off. 

Occasionally, I will go out of town on a Jeep trip (I've gone twice in the past year). I would prefer it if she came with me, but she doesn't really care to ""sit in a car"". I wish she enjoyed the hobby as much as I do, but I understand we don't have to have all the same interests. Sometimes she would want to go, but because we have young kids, it may not be conducive so she stays home with them. 

She has a friend with a kid that is near the same age as our own. Every time this friend wants to get together with my wife, she never wants the family to be included. It's always dinner and drinks with the girls, beach trip with only the kids-no husbands allowed and now, she wants to my wife to bring our son to Legoland for the weekend and I am not permitted to go.

My wife is saying that I get one on one time with our son and this is an opportunity for her to do the same. I think it is a good idea for her to bond with our kids one on one too.

We are currently fighting because I think it is unfair/my feelings are hurt because she is taking our son on his first trip to an amusement park and I wont be apart of that memory. My feelings are that if she wanted to bond with him one on one, she could do the same type of things that I do like taking him to the zoo, the local water park, the beach or whatever, just the two of them and then we could do an amusement park as a family.

I told her I wouldn't care at all that she was going if she wasn't taking our son, but again, I am bummed that I won't be apart of the memory. When she was telling our son last night about the trip, he asked, ""why isn't daddy going."" I wanted to say ""because mommy said I can't,"" but instead I just told him that it was a trip for just him and mommy.

I slept on the couch because she thinks I am being selfish and manipulative. There really isn't a point to fighting because I wouldn't go on the trip at this point, even if she begged me. I asked her if she could name a single one of my friends that makes her feel excluded and unwelcome and she can't. She recognizes that her friend always wants it to be a girls only or no husbands type of deal but justifies it as ""I don't have very many friends I want to hang out with."" I feel like she is putting her relationship with her friend before ours.

Honestly, if she just said, ""I can understand why you are disappointed you are missing out and I'm sorry,"" it would go really far but to blame me for how I feel is really getting under my skin and escalating the fight much more than it has to be.",22,38,5,7,2,72,0.375,0.625,0.6-0.7
avqd6y,AITA For serectly testing a girl that i was seeing.,"I was seeing this girl that had a history of running her mouth. She even told me about all her ex boyfriend's fetishes (like being into feet and other dudes etc) and that he was jealous that the two of us were hanging out. This worried me, and I told her that I wouldn't be comfortable with her airing out my dirty laundry under any circumstance, and specifically asked her to never do that. She obliged, but I still wasn't sure if I could trust her. So I made up a social test.

I lied and told her I was into furries  (I'm not though there's nothing wrong with people that are you do you) and I asked a friend of here's if she could help me test her by asking what my fetish is. She agreed, then went on to ask her when I wasn't around. I got a call back from her saying that the girl that I was seeing said I might be into furry creatures and stuff, and that she basically told her right away. So she failed. 

I did end up telling her that it was a test, but then she got furious with me. She thought it was unbelievable that I could betray her trust like that. She still wanted to see me but I needed a break. AITA?",18,46,62,2,4,128,0.625,0.625,0.6-0.7
b2r7fy,AITA the asshole for refusing to do a list a chores my gf left for me?,"Gf and I have lived together since October.  We share in the housework on weekends.   We usually spend Sunday doing a deep cleaning and doing any other errands that need to be done.   It’s worked out well for us.  

This week I’m on vacation from work.  When I woke up this morning I found a list of things my gf wanted me to do today.  I’m really bothered by it.  I’m not her child.  It’s so insulting.  Honestly had she asked me nicely the night before if I minded doing some of these things I wouldn’t have had a problem, but to leave me a list of chores is just rubbing me the wrong way.  

I crumpled the list up and did my own thing today.  When gf came home she was annoyed that nothing got done.  She doesn’t see the difference between asking me with a shred of respect to do some things and leaving me a list like she’s my mother.   She’s been grumbling and moody all night, but I’m not going to apologize.  I think my feelings are justified. ",14,13,13,3,2,43,0.627906976744186,0.627906976744186,0.6-0.7
ai9yw5,AITA for wanting my husband to fire his secretary,"Note: this is not my story but my friends, who asked me to post this here for her to see what you guys think of this as she didn't want to make an account for this one post. I'll do my best to answer questions for her as I know much about the situation but anything directly to her may take a bit longer for a response as I'll have to contact her to ask. 
-----
My husband owns a private practice with his friend. The only employees there are him, his friend/partner, and their secretary. She's been working there a couple of years and she always gives me hell for wanting to see my husband or leave a message. 

Now once a week or two I'll bring him lunch so we can eat together on his lunch break because I'm a good wife who likes to actually spend time with the man she married and make his life a bit easier. However, ever since she started working there she tries to make it hard for me to bring it to him. This ranges from trying to make me schedule a lunch appointment through her or even not letting him know that I called to tell him I'll be bringing his lunch ( so he won't go out to eat). 

This is very frustrating and I've expressed to my husband that I don't like it and don't it's very professional for him to keep employeeing someone who doesn't give him his messages and acts like a gatekeeper for his wife. He's acknowledged it and said she does her job well and that me and her are probably just having mixed signals or miscommunicating. He also says he's too busy to hire a new one at the moment, and refuses when I offer to help him look for a new one. 

Now before anyone says it, I do not think my husband is having an affair with her ( it's been insinuated before), but I do think she's trying to steal my husband ( though unsuccessfully).  Aside from trying to make it so I can't see my husband, she seems to act very flirty with him in my opinion, which he doesn't seem to see. ( I love him but to be honest he's a bit... Dumb when it comes to girls hitting on him). 

So, am I the asshole for wanting him to fire her and find a new secretary or am I reading too much into this situation ?

",10,27,7,2,2,46,0.3695652173913043,0.6304347826086957,0.6-0.7
ayeatv,AITA for walking away from a flight attendant as she was lecturing me for using the first class bathroom?,"I fly frequently - three or more times per month - with an airline not always know for the friendliest customer service. I have premier status with the airline, so I generally get to choose my seat and get the row directly behind first class if I’m not upgraded.

Last night I was in the row right behind first class, and had a flight attendant who had been acting particularly bizarrely to my fellow passengers (super stringent with rules, reprimanding people for little stuff, and making extra announcements outside the norm for flights like this).

So before landing, the FA makes this announcement about how if you need to stow your carry-one or use the bathroom, you should do it now. I wouldn’t say this is a common announcement, particularly given how casually but still urgently she worded it.

This announcement created a massive rush for the back bathrooms, and the line was at least four people deep. That said, there was no line for the first class bathroom, which was *only three rows ahead of my seat*. 

I needed to use the bathroom, so I went ahead and used the bathroom up front in first class.

When I exited the bathroom, the flight attendant was directly outside the bathroom door, so close I almost hit her with it (she had obviously been waiting for me).

She proceeded to angrily tell me that I had used the wrong bathroom, etc. Franky, I’d had a long and difficult work day and didn’t feel like listening to her lecture. So I said interrupted to say “thank you for telling me” and walked away.

She proceeded to follow me to my seat and in a voice loud enough for many to hear said “it’s extremely rude to walk away from people when they’re talking to you, don’t you think?”

At this point I just ignored her and she stalked away. 

AITA here? I get that there are safety regulations and stuff, but I’ve used the front bathroom before and no FA has said anything. I also know FAs have really hard jobs, but I don’t feel like I did anything to purposefully make her job harder. Frankly, her lecture felt like a bombardment and totally unnecessary.

TL;DR: Used the “wrong bathroom,” got yelled at, walked away, got followed and called rude by the flight attendant,",24,72,22,7,0,125,0.368,0.632,0.6-0.7
ao2l9r,AITA for telling a lying suicidal friend to fuck off?,"(Sorry if this is long, I just really need to get this off of my chest)

So, to give some context, I met this guy around 2014 in one of my favorite online games, and we've been close friends ever since. At first we've just had a normal ""get together and play together"" relationship, but somewhere around early 2015 he started coming to me to talk about his personal issues outside of the game.

He'd often talk about being abused by his family members, especially by his sister, how he often gets betrayed by his closest friends, how he only finds solace in eating, how tired he always feels, and other issues which I won't spend too much time dwelling into. Since he was a person I deeply cared about, so I tried giving him advice on what I think he should do, and I'd usually tell him that he should see a psychologist to get professional help, since there's only so much I (an internet friend) could do for him. He promised me he would do as I told him to do.

This went on for a long while. As I've said before, he started talking about these issues in 2015, and he would continue to come to me for advice until 2018, where this incident takes place.

So one day, I was just casually chatting with friends over Discord, and I suddenly noticed a notification for a group called ""My last goodbye"". I curiously opened it and I found my best friend had made a group to say goodbye to all his closest friends before he killed himself. Now, this initially shocked me. He's shown suicidal tendencies before, but he has never done something like this. I paused for a second, and then I started typing.  
I asked him if he ever took or at least considered any of the advice I've given him over the 3 years he'd asked me for. He said that he hasn't, and the only reason he promised me he would was because he didn't want to upset me. This infuriated me, as I felt that all of the time and effort I spent caring for him were a waste. Our entire friendship felt like it was based on a web of lies. I just couldn't forgive him for what he's done. I told him to fuck off and I left the group chat. 

Anyway, from what I've heard from another friend, he didn't die in the end, apparently the amount of Advil he took wasn't enough for him to die of an overdose (How coincidental). I blocked him on Discord and deleted all forms of communication I had with him, and called it a day.

This happened less than a year ago, but it recently resurfaced in my mind, and I started feeling guilty. I started to wonder if I was wrong to do what I did that day, and I needed advice from an unbiased third party, AKA reddit. So guys, AITA?",18,37,7,6,1,68,0.36764705882352944,0.6323529411764706,0.6-0.7
a0ycxd,AITA for breaking up with girlfriend for getting plastic surgery?,"This happened 2 weeks ago, but I just discovered this sub.

I was with my girlfriend for 6 months and everything was great.  We didn't fight much since it was pretty early on into the relationship, and I'm not really a contentious guy.  Then, she told me that she got plastic surgery...  We're both Korean and Koreans are known for their plastic surgery.  I've always been completely against any type of procedure that changes your appearance.  Her surgery wasn't anything major, it was just double eyelid surgery.  For those not in the know, double eyelid surgery is very popular, especially for asians.  I'm not sure about the numbers, but I'm pretty sure a large amount of asians do get them and they're not really seen as a big deal.  However, to me it is.  I became distinct with her and could not get rid of the negative thoughts that started to form in my head.  

The part that really bothered me was the fact that she would spend money to change her appearance, albeit slightly, because she wasn't satisfied with the way she looks.  I know some might say what's the difference between that and makeup, but just the idea of permanently changing your appearance does not sit well with me.

So I decided to end the relationship with her.  I met with her and ended the relationship but I did not tell her the reason was because of her surgery.  I just assumed that it might be best not to tell her because she might start to hate herself for getting the surgery or become self conscious about her appearance.  I was really flustered and just told her it's because of personal reasons and did not get into details at all.

She texted me a few times throughout the week asking me what the problem was and what she did wrong, but I just kept telling her I didn't wanna talk about it and eventually ignored her (or responded very late) to her messages.  We live in the same town and whenever I see her friends, they all try to ignore me now.  I'm sure they all think i'm an asshole.  

&#x200B;

tldr; girlfriend gets (minor) plastic surgery for double eyelid surgery.  i break up with her.  don't tell her reason why b/c i feel it's best not to.  everyone ignoring me.",31,17,0,1,0,49,0.6326530612244898,0.6326530612244898,0.6-0.7
b6ct3w,AITA for secretly planning on leaving my husband during a drinking crisis and taking the kids with me?,"Husband and I have been together for ten years.  We have a beautiful daughter and I’m pregnant with our second due in May.  

My first pregnancy was unplanned and after several years of sobriety, my husband relapsed and got a DWI.  We have since built a respectable life with stable jobs, a house, live in a good area, and put our daughter first.  

My husband started drinking again after several more years of sobriety and I found out I was pregnant with our second.  I told him to stop drinking around our daughter and myself.  

He has continued to sneak around and drink.  He has shown little to no interest in my pregnancy or the baby.  All preparation has been left up to me.  Things are getting neglected around the house and I can’t keep up.  

I have been secretly documenting and seeking legal advice from an attorney on separating and gaining full physical custody of the kids after I have the baby.  I plan on telling him to leave the house and find a different living situation.  If that fails since we’re both on the mortgage, I will be taking the kids and leaving myself.  

There has been silence between the two of us for quite awhile but the other night - while drunk - my husband came to me and told me he needs help with his drinking.   He is not the man he wants to be and he doesn’t know what to do anymore.  He said he can’t stop drinking but he wants to. 

I was too angry to really respond and told him to get to an AA meeting when he gets sober.  I left the room.  

My close friend when I confided in her told me I was being an asshole for rebuffing him and not giving him a chance.  Apparently, my plans to secretly leave with the kids are unfair and I need to talk to him now about it because he’s their father.  

I don’t want to talk to him about it until after the baby is born and I’m too angry to want to help him.  Why does he get to be shitty and drunk and distant when it suits him and then ask me for help.  I’m so overwhelmed with just the preparation of another human life coming into this world and protecting our daughter from his bad choices, I’m just tired.  Selfishly I’m tired.  

AITA for not supporting him and going ahead with my secret plans to leave him and take the kids without upfront discussion?",28,41,5,16,1,90,0.36666666666666664,0.6333333333333333,0.6-0.7
agcmji,AITA for not finding my (23m) GF (23f) attractive?,"Throwaway because I'm paranoid someone I know will see this  ¯\\\_(ツ)\_/¯ 

&#x200B;

Anyway, I've been dating my GF for about 6 months now. I think she's really great and I love to talk to her as well as be around her. The problem is I don't find her attractive physically. Not to toot my own horn, but I know what I look like and by a conventional outlook I'm a little ""out of her league"". That doesn't bother me at all as I'm someone who seeks an emotional connection well before a physical one, particularly as I've gotten older. She has a really high sex drive and just about every time we are together she wants to have sex. Oppositely my libido is rather low, and 99% of the time I don't make any sexual moves towards her.

&#x200B;

The other day we were laying in bed after I had just gotten home from work and was subsequently falling asleep. She makes a move and I brushed it off. After I made it clear I wasn't feeling it currently, she got fairly flustered with me saying she doesn't feel like I want to connect physically with her. I told her I loved her and that I just was tired. Which is true, but I also just don't find her physically attractive especially in a sex related environment, despite not saying that to her.

&#x200B;

So, am I being the asshole because I don't find her sexually attractive?",26,13,0,2,0,41,0.6341463414634146,0.6341463414634146,0.6-0.7
agvpow,Aita- for judging people who know there's a very high possibility that their offspring will be disabled or with a serious condition.,"So this happened about 10 years ago. My coworker's wife was pregnant, then they found out there's something wrong with the baby before it comes to term.  The baby survived 2-3 hours.  We had grief counseling at work and they were told there's something wrong with the heart valve that is likely caused by a genetic condition which I have no idea what it's call and it is likely that their children won't be able to make it.  Then they have the 2nd and the 3rd baby, with the exact same situation and I can't help but wonder why.

Another incident was a about a family who had three babies with down syndrome.  They are 1-2 years apart from one another and screening was done before the baby is due (technically they are human considering the legal definition)

Aita for judging these parents for knowing the pain and suffering of their offspring and still decided to bring them to term? ",18,31,1,2,4,52,0.36538461538461536,0.6346153846153846,0.6-0.7
b3f5kn,AITA for wanting break up with GF because she insists on having kids if we ever got married?,"I've been in a relationship with a woman for 4 years and we've done pretty well so far and have moved in together. However, on the topic of having children it's always contentious.

We've talked about marriage and she always brings up how she wants children. I'm not so excited about it but if I did, I would rather adopt if we did have kids, but to be honest I'd rather have none at all. 

For me, I don't want to give them any of the genes I have that gave me horrible anxiety since I was really young that really interfered with my daily life. Plus, I think the world is regressing with irreversible climate change and as resources and geographies change in the next 40-50 years, I can't say the quality of life would be something I would be looking forward to.

GF will not budge. She wants ""her own"" kids and to me that's really selfish. I understand why - since it's your biologic compulsion to reproduce - but logic can override impulse and I'd rather have none at all or adopt.

It's driving a serious wedge, but I honestly think I'm in the right.",20,7,0,28,1,55,0.36363636363636365,0.6363636363636364,0.6-0.7
b67ghb,WIBTA if I don’t attend the entirety of my son’s 1st birthday?,"My son is turning one.  My wife has been planning a large party for family and friends.  I had requested the day off at the beginning of the month, but due to recent staff shortages my manager has asked me to come in during the day.  I’d like to move up in the company and feel like this is an opportunity to show that he can rely on me.  I asked my wife if she could push the party for a little later and I could come a little late, but still within enough time to see people.  She’s unwilling.  She doesn’t care at all about the opportunity to make a good impression on my boss.  Frankly I feel like this party is for her rather than my son.  Shown only more so by the fact that the overwhelming majority of the people invited are her side of the family and her girlfriends.  If it was truly for my son, who will have no memories of this event, then surely the other side of his family would have been given more thought.  We’ve both dug our heels in and both seem to think we’re in the right here.  ",41,19,1,5,1,66,0.6363636363636364,0.6363636363636364,0.6-0.7
b8qnvf,AITA for announcing a fake pregnancy?,"Yesterday, on April Fool’s day(this being the critical tidbit here), I announced on social media that my wife and I were expecting our second child. April Fools! We’re not. Specifically I posted “[Birth Announcement] 2: Electric Boogaloo, Due Fall 2019”. Of course there were some people who took it at face value and liked it and congratulationed us, some were quick to comment with April Fool’s skepticism, others congratulationed us with the caveat “if it’s real” to make sure we knew we didn’t totally fool them in the event it was a joke. Here’s the troublesome part: some folks decided to call me out for extreme insensitivity toward people who have suffered through infertility/miscarriage/stillbirth saying that I shouldn’t joke about things that have brought people so much pain. None of the people leveling these accusations have personally struggled through those circumstances yet friends of mine who have were fine with the joke. I said I’m willing to give any necessary apologies to people who were directly hurt but told the complainers to stop being offended on behalf of hypothetical people and have, so far, refused to admit any wrongdoing or apologize to anyone. ",34,19,1,1,0,55,0.6363636363636364,0.6363636363636364,0.6-0.7
auylx0,AITA for 'scamming' my roomate?," 

Hey, I moved into a new apartment the 15'th december 2018 with 2 acquaintances, the apartment got 3 bedrooms, 2 of them are smaller and the bigger one is about 40% bigger than the other 2.

So before we moved in, I asked my roomates (let's call them X and Y) who was taking the big room, X says that he doesn't care, Y says that he really wants it. Now, I really wanted that room as well, so I asked ""Okay, do you want to randomize(I don't know the right word) who gets it or should the highest bidder get it?(The one who offers to pay the most extra rent for it). Y says that it's not fair because he doesn't have as high of an income as I do, arguing that then I would get it and that wouldn't be fair. So I gave in and we went to [random.org](https://random.org/) and I won the roll (To clarify, the big room is now rightfully mine for the taking).

After about 3 days, Y says ""I NEED the big room to fit my bed in it blablalba, what is it going to take for me to get the room instead of you?"" so, once again I finally gave in and said ""I really want the big room as well, but if you pay 30$ of my rent every month, you can have the room instead of me, that's what it's going to take for me to give up the big room."" Y agreed.

Now fast forward to yesterday, X is really mad and he's claiming that I'm scamming him for money, he argues ""It's not fair that you and me got the same m\^2 room, but you're paying 30$ less rent. He's really upset about this and he's basically saying i'm an asshole which is scamming him for money, saying that I should have taken this up with him as well.

AITA?",19,39,6,5,2,69,0.36231884057971014,0.6376811594202898,0.6-0.7
aozs97,AITA - I am a dialysis patient and rejecting a potential doner has cost my Dad a large portion of his family,"So, like the title says, I am a dialysis patient. For the last 1.5 years I've been doing dialysis to keep myself alive. As a young man of 19 years of age, having my cousin offer to be a doner was huge for me however things haven't quite worked out that well.

For context, my cousin is is a few years older than me, she's long since been the 'golden child' due to her being the oldest and only girl of 4 grandchildren.  At family meals her and her mother would hog the attention of my nan and grandad much to my dad's annoyance leading to a few small spats here and there but an otherwise happy family unit.

The problems arose with her several months into her vetting process to get her ready to be a doner. On this specific day she had text me roughly 9AM asking for some contact details for a nurse at the hospital. Admittedly, I checked the message, clearly showing her I had read it but did not answer right away. I had some dialysis supplies being delivered and they would take a significant amount of time to organise.

As fate would have it, that day I had been accidentally booked in for an appointment at a specialist hospital a roughly 1.5 hour drive away. The hospital transport arrived and I had no choice but to go with them and have this appointment. I had no mobile data on my phone and could not contact my cousin whilst I was on my way to the hospital.

I arrived at the hospital and waited in the transport vehicle whilst the driver went to figure out the specifics of the appointment. The hospital I was at had a free wifi connection and so I connected to it to inform my immediate family of where I was as I had been home alone at the time. Almost immediately I saw that I had a message from my cousin and it was honestly one of the most repulsive messages I had ever read. It oozed sarcasm, was overtly condescending and proceeded to remind me of how much she had done for me whilst still having the gall to end with ""I love you (OP name) but I don't love what you're doing right now"".

All from leaving her on read for under 2 hours.

At the time, I saw huge flashing danger signs in my head. This woman was supposed to be giving me a kidney, how could I trust that she wouldn't hold that over me for the next 20 or so years a kidney transplant can last? I left that comment on read too whilst I formulated a response. Me, my girlfriend and my dad all chipped in that evening to write an admittedly condescending message that boiled down to ""Stop being childish and I can't have you donate a kidney to me in good faith"".

Since then, she hasn't said a word to me or my family. Her family as well as my nan and grandad blocked all of my family and other than some less than friendly emails between my Dad and Nan there has been almost no contact. Neither side has shown  interest in trying to resolve the issue, this was well over 8 months ago.

So, AITA Reddit? I won't lie, I feel an immense amount of guilt. Whilst he won't admit it, I fear that my dad misses his mum and dad. They were a big part of his life and I can't help but feel responsible. I could also be living a somewhat normal life by now if I had just taken the message on the chin and not valued my pride so much. The stress I've put on my family with my declining health could have all been avoided. Apologies for the long post but this has been good to get off my chest. Thanks for reading 

Tl;dr: Potential kidney doner gets annoyed after being left on read. She is removed by me from my potential doner list for being immature and this causes a rift in the family.

P.S: That appointment? The one I spend nearly 3 hours both ways in a hot transport vehicle to go to? It never existed. It was supposed to be the week after but the transport company messed up. 😑😑😑




Stay",9,29,8,1,2,47,0.3617021276595745,0.6382978723404256,0.6-0.7
adrfbl,AITA for cutting a child soccer ball in half?,"A kid across the street from me got a soccer ball for christmas, and he and his little friends are always playing ball in the street. Every day since he got it, his ball comes over my fence, and bounces off my wall. I have asked the kids to be careful, I've asked thier parents to watch them, because I have a small child that likes to sit in my yard under the big tree and read. I dont want her to get hit.

Today, I am in my room, and my daughter is in the den, sitting in the window reading. I hear a crash, and I run into the room. Fucking soccer ball broke the window. My daughter is fighting back the tears because a piece of glass cut her on the leg.

I am so pissed. I put a bandage on my daughters leg, and glare out of the window. I see little kids scattering.

About 40 mins later, the ringleader comes over to my gate. I can hear him trying to climb over. When I go to the window, he asks for his ball back. He has about 7 other little kids from the neighborhood with him.

I say sure, one second. I grab the Bowie knife I keep up in the closet.(its about 8 inches). I walk outside, pick up the ball and open the gate. I ask if this was his ball. He says yes. I proceed to  stab the ball, then slice it in 2, like an orange. Then I slide the knife into its holster, and hand him the 2 pieces of his ball. He ran off in tears.

It felt great for like 5 mins, then I just felt like an asshole.

Am I the asshole?",56,43,20,0,1,119,0.6386554621848739,0.6386554621848739,0.6-0.7
b4xc4b,AITA for telling a straight guy that his opinions on LGBT-related topics don’t matter?,"Sorry for any mistakes, English isn’t my first language.

I recently started working at an LGBT youth center. Aside from organizing a lot of fun events, we also try to educate people about different things (sexuality, STDs, queer history, etc.) and take care of various kids who have trouble at home because their parents don’t accept their sexualities. It‘s honestly a wonderful organization and I just love working there.

The other day I met up with some friends. I talked about how much I love my new job and they all agreed that it sounds great. There was one guy however (he‘s a friend of a friend, not sure why he even brought him along) who didn’t really... understand the point of the organization. He said it‘s not right to segregate children from each other because of their sexuality and there’s no need to send them to different youth centers since every center can essentially do what we do too.

I tried explaining to him that not all youth centers do what we do and that it’s important for young LGBT kids to have safe spaces but he disagreed. At some point I really didn’t feel like arguing or justifying their importance to a random dude anymore so I just said „And what makes you think a straight guy‘s opinion on this subject matters?“

He got super offended, telling me he can comment on whatever he wants to despite being straight and that if the roles were reversed I‘d call him homophobic.

I didn’t think much of it at the time but now I‘m wondering if my reaction was a bit extreme. For the record, I don’t actually believe someone shouldn’t be allowed to state their opinion because of their sexuality but sometimes it might be better to just LISTEN to people from marginalized groups and not add your own two cents, especially when you have no idea what you’re talking about.",117,79,30,4,1,230,0.6391304347826087,0.6391304347826087,0.6-0.7
b7dlcu,AITA for being mad at my fiancée for trying on my deceased wife's clothing?," 

I am a 36 and engaged to my girlfriend, 24, of 1 year. We have been engaged for 2 weeks now.

I am a widower. I was married to my first wife for 11 years, from age 23 to 34. She died almost exactly 2 years ago from a car accident. I was in a really bad place after her death. We also have 4 kids (currently aged 4 to 11) and I was overwhelmed trying to raise them as a single dad. 

My current fiancée used to be my eldest daughter's piano teacher. We started dating a year ago. I care for her deeply as she is a very loving and nurturing person who would make a great mother for my kids. The kids really like her as well and get along great.

So leading up to the wedding my fiancée is moving in with me. In the master bedroom, there is a walk-in closet which contains my wife's clothes and other personal items. She was a fashionable woman and owned a lot of nice things. I haven't gotten around to cleaning it out and I never really wanted to anyways. I told my fiancée she could store some of her own clothes in there if there was space.

Yesterday she was unpacking her things in the master bedroom and I walked in, finding her trying on a dress that belonged to my wife. Scattered around her were more clothes that belonged to my wife, like handbags and shoes. I asked my fiancée what she was doing, and she just said 'oh I was just trying on some clothes, no harm in it'. I told her to clean up the clothes immediately and in my anger, I said 'you're stretching out the dress'.

Then my fiancée started crying. I immediately regretted my words. I mean my wife was tall and a size 0 while my fiancée is not, which is NOT an issue, but I knew how it sounded. I apologized but my fiancée was obviously quite hurt, and nothing I said seemed to help. She said I was being an asshole and that I hurt her feelings by 'lashing out' at her.

That being said, I know I shouldn't have implied that she was fat, but AITA for being pissed at my fiancée for trying on my dead wife's clothes without my permission?",99,38,20,29,1,186,0.6397849462365591,0.6397849462365591,0.6-0.7
b4d8lv,"AITA for not eating ""home cooked"" food at a pot luck?"," So every month or so at work my colleagues will bring in their homemade food and everyone will eat and pat each other on the back about the various food. Now I usually come up with an excuse to get out of eating, but I will bring in cookies or drinks to ""contribute"", and it had worked up until today. My co-workers basically confronted me about how I never eat because I'm ""too good for their food"" and other ridiculous peer pressure tactics and wouldn't leave it alone. So I straight up told them something like, ""I don't know how you live, you could have roaches. You could have pets that you pet then go back to cooking, and I've personally seen a few of you leave the bathroom without washing your hands. It's not just your food I don't eat anyone's food unless I know their sanitary standards."" Then I proceeded to read the TSB on my laptop. I glanced up and everyone was staring at me like I just said the most offensive thing they've ever heard. So AITA?",217,172,111,12,4,512,0.640625,0.640625,0.6-0.7
aojaga,AITA For trying to discuss my internalized biphobia with my boyfriend?,"Okay so context! My(18f) boyfriend(23m) and I have been dating for a little while, and we were friends for some time before that. Now I had known that he was bisexual from previous discussions but he had heavily implied he had never gone further than a good makeout sesh.

Fast forward to last week when he lets me know that it’s gone much, MUCH further than that with multiple men on multiple occasions. Now i’m already quite insecure about the number of sexual partners he’s had because he was my first and only everything, including my first kiss, and i’m now aware that he’s had well over 70+ different partners (about 20 being men) so that’s already a bit hard to swallow as stupid as it may seem.

Now here’s the big issue. I’ve always considered myself a huge ally for the lgbtq community. I have a fairly well known online presence so I use it to push for change and encourage others to do the same with protests and such. I never ever thought I would have an issue with my partner being bisexual. But when he told me I was suddenly filled with disgust. I am now genuinely turned off when he tries to initiate cause I just think about him with men. It’s also quite odd to me because he informed me that he is a bottom where as he is very dominant in our relationship and it’s just plain weird to me. I’ve cried about it all week because I can’t believe that as hard as I try, homophobia has creeped into my brain.

I tried to discuss how I was feeling with him because I knew bottling up these feelings wouldn’t end well for either of us and I really do love him. He ended up yelling at me that I was a homophobic bitch and that he wished I had never said anything. But I don’t WANT to keep it to myself. I love him and I want to work through this either together or through couples counseling. But he says it’s something I need to deal with on my own. It’s killing our relationship because he now says I should’ve just never told him and it was mean of me to do so.

Am I the asshole?",21,46,7,4,1,78,0.358974358974359,0.641025641025641,0.6-0.7
a25i33,AITA - for hiding my dishes from my girlfriend.,"She moved in about two months ago and will seriously fill up a sink of dishes a day. She never washed them and we have no dishwasher. I told her I was going to throw them away if she didn’t clean them. Well while she was sleeping I washed all of them and took everything out to my storage unit but two cups, two mugs, two plates, two bowls, a mixing bowl, and a big past pan and a big skillet. Then I put them in storage and told her I threw them all away.

She seriously cooks like 4-5 times a day and makes a lot of messes. She is super pissed off right now but two weeks ago we got bugs waiting for her to clean them. When I complained she said “people get bugs” so since then I have been reluctantly cleaning all her dishes each night.

Btw all the dishes I bought before she moved in so they are mine.",2,35,18,1,1,56,0.35714285714285715,0.6428571428571428,0.6-0.7
9x1ul6,"WIBTA if I took a trip to Peru, leaving wife and 3 kids at home?","
I realize that the title of this seems pretty straightforward that I would be the asshole and maybe I am but I am hoping to see what some of you think given the situation below. 

I have 3 boys ages 4,4, and 1 and they are central in my life along with my wife. For example in the last year I went golfing 4 times with friends of mine and I went to a couple bon fires for drinks on two occasions and that is the extent of leisure time away from my wife and kids. I'm not that guy that is more concerned with my social life outside of my family. I do everything I can to worry about them first and I just try to be as selfless as possible. With that said, I feel myself failing in other ways which ultimately makes me nervous that I will fail in the examples that I want my kids to see. I am generally lazy for the most part. I mean, I keep my lawn cut and tidy but I don’t have a lot of ambition to do much else. Like putting up Christmas lights is a big ask for me for example or finishing a room in our basement you can just forget about that. I am out of shape and gaining weight as the stress of parenting picks up. 

Anyway, I want to be a better person and I want to change my life so that I am a better husband and father. That is where this Peru trip comes in. My cousin asked me if I would be interested in traveling to Peru and seeing Machu Picchu. That place is in the top 10 places I would like to see before I die but my wife simply has no interest in going there. So, I asked her and she laughed at me at first until she realized I was serious and then she got mad. She views it as a vacation and I view it more like a starting point on my journey to be a better person. After all, I would have to get into better shape in order to climb up the mountain to see it so it would take months of exercise for me to get to that point. Not to mention, I don’t really have any friends that I do anything with and I see a trip like that as a healthy thing. Money really isn’t much of an issue. 

On top of that all, I think I am depressed which doesn’t really make sense because I have 3 amazing kids and an amazing wife but It just feels like I am in a rut. I know it sounds crazy that the way I am wanting to fix that is flying off to Peru to climb in the mountains but the chance presented itself and generally speaking the mantra I live by is that things happen for a reason. The more I think about a trip like this the more I think it could be a really good thing for not just me but my kids and wife as well. Almost like a therapeutic journey. I want to be an example for my kids to look up to and revere and I want my wife to be proud that she is married to me. Currently, I am not so sure I am totally succeeding in that goal.  

So WIBTA if I took a trip like this in an attempt to change my life for the betterment of my family? Would it change if the trip was to somewhere much closer by? Or Is just taking a trip like that period too selfish of a thing to do and I should look for other ways to better myself instead of leaving my poor wife for a week with three kids to take care of?

Thanks everyone!
",27,15,0,0,0,42,0.6428571428571429,0.6428571428571429,0.6-0.7
acygfv,AITA for trying to buy an item with $100 in coins?,"I counted up my piggy banks today. It took me about half an hour and it  came out to just over $100.

It's Saturday so my bank isn't open so I decided to go to a local head shop and try and get a new bong.

(DISCLAIMER: many of you may think im an asshole stoner, being a total chump for doing this but I'll just say it's legal some places and I thoroughly counted the coins twice while not under any kind of influence. I counted using a scale the first time and manually the second so I'm positive of the value.)

I digress. Money is money and I managed to double count in about 30 minutes, yet the cashier called me an asshole and told me to beat it as soon as I asked if they'd accept payment in coins.

$100 is nothing to sneeze at for a small time glass store and I'm honestly surprised they wouldn't take it, and the dude behind the counter was very rude about it.

So, am I the asshole for trying to spend a bunch of money in change?",26,11,1,4,0,42,0.6428571428571429,0.6428571428571429,0.6-0.7
b2zmfz,"AITA for booking meeting rooms meant for studying in, even though I'm usually alone","Posting from an alt account, sorry it's kind of long.

My school has study rooms in the libraries that I always book to study in. They're fairly large meeting rooms that can fit about 4 to 6 people comfortably, but because my friends and I are on vastly different schedules, I usually end up booking and studying alone in them. How this system works is that every night (at 12AM exactly), the booking for the following week opens (i.e, today is a Monday, the booking for next Monday opens etc), so how some students including me have learned to game the system is to camp on the page and refresh as the clock hits 11:59:59, usually meaning that we will definitely get the time slots we want.

The system only allows each user to book the room for 5 hours max/day, which works out well for me, because my breaks between classes are 4 hours usually.

The main reason why I always book the room is because I have massive social anxiety. When I study in the communal rooms, every time I squeak the chair or drop a pen or even type too loudly, I feel like everyone is staring or complaining even though reason tells me that they probably don't care. Another reason is my classes are usually from 9-11am then 3-5pm, my break coincides with the lunch crowd (meaning that more people are there fighting for communal study room seats).

Recently though, my friend told me that people have started complaining about ""certain parties hogging the study rooms"". I understand how 1 person in a 4 man room might be ridiculous so sometimes I'm ok with letting a couple of strangers join me in the room, but other than that, I don't see a problem with it. I'm only booking it for 3 to 4 hours max, 3 days a week. I don't see this as ""hogging the rooms"" non-stop. Besides, if other people want the room, they can duke it out with me over the booking system at midnight.

AITA in this situation? Should I just give up the rooms and find somewhere else deserted to study instead?",27,12,0,3,1,42,0.6428571428571429,0.6428571428571429,0.6-0.7
ar3x78,AITA for being annoyed with my cat?,"...or is my cat the asshole?


His name is PJ (Patrick Jr., after my husband) but mainly we call him Pidgey. He’s always been a real 10 of a guy; a real cat to brag about. He greets me at the door when I get home from work every day, he is always down for a cuddle and he doesn’t seem to know that his claws and teeth could be used for violence against humans. Seriously, you could pick him up and toss him around and he’d just meow at you. Not that I would ever do that. He’s my precious Pidgey.


But, in other news, fuck Pidgey. Because as much as I really do love him, he sucks. I understand that cats can develop territories, and lately Pidgey has adopted the upstairs bathroom and hallway. However, this seems to apply only between the hours of 5- 7AM.


Every weekday morning it’s the same: my alarm goes off and I sneak out of my lovely warm bed. Already, Pidgey is on the other side of the door meowing like it’s his job to wake me up or I’ll sleep forever. And no, before you even suggest it, he’s not hungry. The first thing I do is go downstairs and feed him; he ignores the food completely and runs right back upstairs to bother me in the bathroom.


You know those tear-jerking videos of dogs greeting their owners after long absences? It’s like that, every morning, only it’s 5:30 AM and I’m fucking tired and trying to get ready. I cannot deal with him every single morning. He puts out his paw in this cute little pantomime of “pet me pet me!” and I just do not have it in me. Don’t get me wrong, I pet the shit out of the little bastard, but it’s never enough. I get in the shower, he sticks his head through the curtain and meows at me. I get out, soaking wet, and he covers my wet legs in cat hair before I can dry off. I brush my teeth and he jumps up on the sink and bumps my hand. Cat hair everywhere, and no amount of petting settles him down.


The rest of the day, he’s a normal chill cat. He’s upstairs right now, being chill. If I go up there, he’ll come over and say hi, but where’s all the intensity? Right now I’m sitting downstairs on the couch with a perfectly good open lap and two hands that could be used for petting (if I weren’t currently shit-talking him online), but no. It has to be the only time of day when I’m on a time constraint and otherwise unable to give him the attention he demands.


I could shut the bathroom door, of course. But such a good boy deserves my love, doesn’t he? He’s a good boy. Every time I growl “enough!” and rudely toss him off the kitchen sink, I feel like an asshole. He seems to have gotten it into his head that this is the only time of day he can receive love, and he goes after it with the intensity of a drowning man. It seems so sad to deny him. Should I just accept the fact that this is his love language and set my alarm earlier to make time for Pidgey? Or is he a fucking asshole who needs to fucking chill?",14,5,2,24,2,45,0.35555555555555557,0.6444444444444444,0.6-0.7
ac11tm,AITA for telling my boyfriend that he has an unhealthy relationship with his son?,"My (F38) boyfriend (M42) has an 18 year old son I'll call Junior, who lives with him full time. From a distance, Junior comes across as sweet and innocent but he's spoiled rotten. He has his father wrapped around his finger and it's obvious that he knows this. 

The thing is, my boyfriend is very affectionate by nature, so some of their interactions aren't very surprising to me. A lot of hugs and ""I love you's"" happen throughout the day, which I initially thought was great. Now I think it's a little creepy. Admittedly, I come from a home where my siblings and I weren't exposed to a lot of affection, especially as teenagers. To this day, it's awkward to say ""I love you"" to my parents. 

But with my boyfriend, it's more than the affectionate gestures. He goes out of his way to cater to his son beyond what's normal. For example, the other day it rained while Junior was out. Boyfriend was in a near panic at the thought of his son driving in the rain. As soon as Junior pulled into the driveway, bf texted him to stay in his car while he opened an umbrella and met him at the door so he wouldn't get wet. Other examples include:

*Sitting on the edge of Junior's bed and tucking him in from time to time.
*Fussing over him being cold while we were watching a movie and getting him a blanket. 
*Vacuuming Junior's car out for him.
*Using pet names for his son like ""buddy"" and ""babe"" 

The list goes on and on. I reached my limit on NYE when Junior was going out for the night. Of course, my boyfriend was fussing over him, making sure Junior had enough money in his account and offering to give him money. I heard him call Junior one of his weird pet names and I cringed inside. 

As soon as Junior was out the door, I tried to tactfully bring it up and he immediately got defensive. I got defensive too, but I worked hard to maintain my composure and just address the facts. Unfortunately it turned into a full blown argument and I ended up leaving. We texted afterward and have come to a cold place of agreement, but I'm starting to think that he still hasn't let it go.   

So I guess I'm wondering, did I overstep my boundaries and AITA here? 

",66,23,3,15,5,107,0.6448598130841121,0.6448598130841121,0.6-0.7
b6qqjv,"AITA for ruining a girl's scholarship after she called me a ""bitch ass beaner""","So im in an area where there's a lot of rednecks, latinos and blacks. The latinos and the blacks here don't really like each other and there's gang violence and usually the rednecks aren't too fond of them either but they mostly keep to them selves. Unfortunately this spills out into school and everyone hangs out with people of the same race. I'm actually white (Portuguese, Italian, French) but a lot of people think I'm latino cuz of my dark skin and i like to speak spanish. Anyways one day this group of black girls who i've never really liked walk up to me and say ""What the fuck are you doing here you bitch ass beaner? The taco shop is down the street"" and they all laugh and walk away. This girl got an athletic scholarship to an ivy league (she's very good at volleyball and she's got alright grades too) and she came from a poorer household. She was going to be the first person in her family to ever go to university. I remember she posted some drama online on a  instagram account my friend is following and doesn't have her name explicitly in it so she screenshots all of that and find a post 3 years ago on Facebook saying some racist stuff about latinos and white people. I screenshot that and send it to Penn state and my school's admin. She got suspended from our school and lost her shit and posted it all on social media. Her university at first was skeptical about my claims and evidence i sent them and apparently weren't even going to do anything until her reaction which then proved to the university that she did in fact say those racist things. Not only did she lose her scholarship to the university with the scholarship but she got rejected by all the other top colleges and is now going to community college. ",22,68,15,0,1,105,0.3523809523809524,0.6476190476190475,0.6-0.7
aokjm1,AITA for getting mad at my mom for piercing my ears?,"So my mom pierced my ears when I was about 5 or 6 months old. For the first 7 years of my life she made me wear studs in my ears non-stop. As soon as I had the choice I stopped wearing earrings because I wasn't much of a ""girly girl"" and I couldn't care less about putting little gems in my ear holes (I was a kid!).

 I haven't worn earrings in 5 years and the holes are still there. I've been told that because I had them in for so long as a child that they will never close over. They're always itchy, red or inflamed. Recently I came to the realization that my mom made this permanent body changing desicion without my consent. The idea of that really bothered me because she's always presented herself as a massive feminist and is very vocal about it. When I confronted her she made a whole list of excuses; ""I guess I vaccinated you without you consent too, huh?"" And ""I just wanted you to look cute in all your baby photos"" and ""I wanted to save you from the pain in the future"". Honestly at this point it was so far in the past that I don't have a right to be pissed. But I am! AITA?

",19,19,0,16,0,54,0.35185185185185186,0.6481481481481481,0.6-0.7
abv65u,AITA for telling my wife that when/if she quits her job to be a SAHM I am not planing to do much in the way of household chores anymore?,"My wife and I have a 6 month old baby girl and a two year old boy. Wife hasn’t been too happy since returning to her job from her last maternity leave and I actually just got a new job. 

At my old job I was working 45-50 hours a week. At my new job my hours fluctuate a lot — it can be anywhere from 60 to 80ish hours a week at the worst. I make a lot more though so there’s that. The pay raise makes it so my family can do really well on just one paycheck. My wife is ecstatic because this means she can be a SAHM which is what she’s wanted. 

The issue is that my wife and I aren’t on the same page about what this change would mean. Before, when our work hours were almost equal, we divided housework pretty much equally. We also paid a housekeeping staff to come every other week to help us out. (Plus we have a nanny to care for our kids while we work). 

I told my wife that her staying home would mean no more housekeeping staff or nanny. These cuts will help us afford to have just the one income and I also think it’s practical.  She was mostly agreeable to that. But then she said that we should divide the chores 50-50 still. 

I told her there was no way I was going to be taking on as many work hours as I am and then come home to cook or clean too. That would defeat the entire purpose of her quitting her job. 

She looked at me like I was some sort of Neanderthal but I think what I’m saying is completely fair. I’m not expecting her to do any heavy lifting. Just tending to the kids, cooking, and doing a reasonable job keeping up the house. I recognize that this would be an old fashioned way of living and if she ever wanted to return to the workforce I would support her 100%. But I think it’s fair that if I’m the sole paycheck and working crazy hours I don’t come home to more stress and chaos. 

Obviously my wife and I will have to work this out between ourselves. I’m mainly posting here as a sanity check to see if my thoughts on this issue are completely off base. ",394,682,38,114,21,1228,0.3517915309446254,0.6482084690553747,0.6-0.7
b5k02p,"AITA for paying for my son to go to college, but not my daughter?","Before I get judged to quickly, let me explain. 
22 years ago, I had a one night stand and accidentally got the woman pregnant. I didn’t want to keep the baby (obviously), but ultimately, she didn’t feel comfortable with an abortion and wanted to keep it. I decided to step up and be a father to my child. Together, we have an gorgeous daughter who’s about to graduate from undergrad and intends to go to grad school. 


This weekend, my daughter called me and said her mom wasn’t willing to pay for grad school, and she asked if I could help supplement her education. Her reasoning is that I’m planning to pay for my son (her half-brother) to go to school, and she feels like I should contribute to her education. She sounded seemed to end the conversation early. About an hour later, I got a text from her LIVID. She accused me of caring more about my “real” family as opposed to her because I haven’t paid anything for her college career. But, there’s so many reason I’m not comfortable paying for her education, including:

1. I pay child support. I’m a civil engineer with a relatively decent salary, so the courts made me contribute a SIGNIFICANT amount of money. I tried to get it lowered, to no avail, but calculating the costs, I contribute way more money to my daughter than my son. 
2. My daughter wants to go to expensive private school, while my son wants to go to a less expensive state school. Her graduate school costs upwards of $30,000+ a year for two years, while my son’s entire 4 year cost will be less than $25,000.
3. When she graduated from high school, I spent $12,000 of my own money (no help from her mother) to give her a car, while the only thing I’m giving my son is a new game console and some video games.
4. Her mom in the high 5-digits - low 6-digit salary and can afford to pay her education. My wife (my son’s mother) makes about 500 a month with her own little business. It’s not much, but she can do it from home and help with the kid.
5. My son is choosing a practical major. He wants to go to Computer Science. While she wants to get her degree in something useless (not going to be specific, but think along the lines of gender or black studies). 

I told her that I support her academic endeavors, but I’m not a bank and my money is mine, and that I don’t appreciate being talked to with so little disrespect. I see her every other weekend, spend time with her, and have shown I’m a good father, and to overreact over something trivial is disrespectful. She told me to to enjoy my real family because I obviously love them more than her. That hurt; i told her that we can talk later when she’s less emotional (maybe not the best choice of words) and she told me to “fuck off you sexist asshole”. I didn’t mean it like like the way she took it; I think she’s blowing it out of proportion. 


Tl;dr: Paying for son’s undergrad, but refused to pay daughter’s grad degree and I’m somehow sexist. Am I the asshole?",119,278,35,7,17,439,0.35079726651480636,0.6492027334851936,0.6-0.7
asen3k,AITA for wanting my (36M) GF (26F) to stop being a cam girl?,"First of all, sorry for the formatting. I’m on mobile, and feeling pretty upset.

So I started seeing my current GF 2 months ago. She’s an amazing woman, gorgeous and incredibly funny and talented. We get along really well and I honestly think I could marry this girl one day. 

Problem is. She is a cam girl. She claims that this isn’t at all sexual, that it’s mainly companionship and that these men are lonely and in need of someone to talk to. She says she never gets completely naked and only ever takes off her top. I have asked her to give this up, as I am not comfortable with the thought of other men jerking off to my girl, but she says she doesn’t want to stop. That it is part of who she is, and that this activity has been paying her rent for years.

I don’t want to infringe on her rights, but I just am not comfortable at all with this. So, am I the asshole for asking her to give it up to be with me? I’m fully prepared to take care of her financially and make up for this loss of income.",53,12,1,17,2,83,0.6506024096385542,0.6506024096385542,0.6-0.7
ai6n9s,AITA for calling a baby ugly?,"My parents had some of their friends over today, and they brought their newborn with them.

This kid's face looked like a lumpy potato that learned how to drool, but my parents showered him with compliments anyways.

So when my brother said ""Isn't he the cutest?"" I involuntarily responded with ""No"" a bit too loud. Everyone heard me say it and turned to look at me.

Feeling the spotlight of attention on me, I kinda got nervous and tried to salvage it by saying ""Sorry I was using observational humour ha ha"".

This got no laughs.

I excused myself and drove to McDonalds where I waited until they left before I went home again.

When I came back my mom called me an asshole.

AITA?",46,23,1,2,0,72,0.6527777777777778,0.6527777777777778,0.6-0.7
b6nsnd,AITA for telling an employee that it’s hard to pay the bills without a f*cking check?,"To start this off I’m 19. My grandfather owns a full service gas station where we do tires and mechanic work. When I graduate my grandfather offered me the job of managing the place and I said yes. I’m good with working with my hands and enjoy working on cars but my grandfather wanted me to run the office and do all of the paperwork. When it got super busy I would go out and help with changing tires and oil. One of the workers just quit a few months before I got hired, so there was just one man (he is in his late 40s) beside me. This guy has worked here for 7 years and did all of the mechanic work while my grandfather did the office. The employee brags all the time about how he pretty much ran this place when the other worker quit. While I’m taking care of sending out bills and doing other paperwork the guy comes in and start cussing at me telling me to “get off my ass and do some real work for once”. This happens pretty much every day. After 3 months of it I got pissed off. 3 days ago he came in and said “I’ve got 2 cars out here that need tires on them, why don’t you get off your lazy ass and do some manly work.” I responded with “You always talk about how you ran this place by yourself so why can’t you do it now, I’m sending out the bills for this month.” He replied “Fuck the bills, come out here and change some tires.” This is where I got pissed off “First of all” I said “ you are not my boss, I’m the one running this place and I sign your paychecks so if anyone is going to tell someone what to do, it’s going to be me telling you.” “I’m not taking orders from a damn kid” he said. “ Look, I know it’s hard to take orders from someone that’s young and that is new here but you know what’s harder?”there was a pause and he said “What’s that?” “Feeding your family and paying the bills without a fucking  paycheck.” He just looked at me then when back outside and hasn’t said anything to be since. 

So AITA for getting mad at an employee for them disrespecting their boss?",6,29,11,3,1,49,0.3469387755102041,0.653061224489796,0.6-0.7
awn66c,AITA for breaking up with my gf over a 3 hour drive?,"Gf got a job offer.  The problem is it’s in the city.  A 3 hour drive away.  She didn’t want to break up and is fighting for us.  I just don’t want to be that far from a partner.  The idea that I have to drive 3 hours just to see her sounds ridiculous to me.   She doesn’t drive so we can’t even do a half way thing.  

She’s obviously really upset.   She thinks I don’t care about her at all.  That’s not the truth.  I think she’s awesome.   But what’s the point of a relationship when I have to plan days in advance  just to see her?",45,35,1,52,8,133,0.3458646616541353,0.6541353383458647,0.6-0.7
b93wog,WIBTA - If don't hold my dog while she is being euthanized?,"Our dog is 16. For many reasons, we have determined it is time to euthanize her rather than let her suffer. She is blind and deaf with a host of other issues. 

Neither my wife (who is really the dog's owner as she had the dog before we were married), nor I really want to hold the dog or even be in the same room while she is being euthanized.  While we are certainly kind to the dog, neither one of us really has that intense man/dog relationship with her that many people experience with their pets (even though I've had that with all of my prior dogs). Yet, I feel like I'll be judged if we don't do it. There is also a much higher cost to do it somewhere where we can be present. We would certainly be taking her somewhere reputable regardless. 

I don't want to give too many details - just want judgment on whether I'm the asshole if I do not accompany the dog when she is put to sleep. ",39,6,1,15,2,61,0.6557377049180327,0.6557377049180327,0.6-0.7
b3ruof,AITA for telling my sister’s boyfriend he’s not “family”?,"My sister has been dating this guy for less than three months.  My personal feelings are that he’s an idiot.  I mean he’s young (either late teens or early twenties, idk) so it’s understandable.  I was an idiot back then too.  My problem with him is that he’s made some dangerous choices with my sister involved.  He wrecked his truck with her in it driving drunk.  He also took my sister around this ex felon that everyone in town knows is scary dude just so he could buy some “pot” if it was really pot.  The guy sells a lot more than pot.  He’s definitely not someone I want knowing or getting close with my sister.  

Despite that, it’s her choice who she dates so I’ve kept my opinions to myself until now.  I think he mistook politeness for friendship or something.  He’s shown up at my apartment to hang out.  When I visit my mom’s and he’s there he will basically attache himself to my hip.  Most annoying of all he started calling me brother and fam.  I know those aren’t always specifically referring to actual family, but it’s just what it’s felt like.  

It really got under my skin quickly.  The last time he did it I told him, “You’re not my family.  You’re the guy my sister is dating for now.”   He just said “alright” and I walked away. 

He’s just trying to be friendly and get close with his girlfriend’s family, I understand that.  It felt like it was time for a reality check on our relationship though.  I probably pissed my sister off in the process, I haven’t heard from her since it happened.  


",21,35,1,7,0,64,0.34375,0.65625,0.6-0.7
ak6npt,AITA for wanting a financial abortion?,"So I dated a girl for a few months, it was shaping up to be a longterm thing, but things went bad. We basically went a few months with no contact, until she contacted me, saying she was a few months pregnant and needed my support. I was floored. We'd barely spoken since the breakup, and I was clear as day about the fact that I NEVER wanted kids. 

This was one of the worst things that could conceivably happen to me. She suggested getting back together, which I shut down right out of the gate. I explained that we were through months ago, and that I don't want to be a father, and hung up. She is dead set on keeping it, there have been tests, and the kid is mine, though I dont know how the fuck it happened, since we were fairly strict with contraceptives.

I have a new GF, and we've just moved to a great new apartment. This phonecall literally shook me to my core, and I am freaking out like crazy. I've been searching for every possible way out, and I heard of a financial abortion, or whatever its called. Basically I want to resign any rights and responsibilities for the kid, since I never wanted him/her to begin with. I refuse to pay out the ass for a kid I don't want, and I obviously won't and can't force the mother to get rid of the baby, or give it up for adoption.

Her friends have called me, saying that I really hurt her by refusing to acknowledge this kid, and calling me selfish and whatnot, but I can't handle all that stuff right now, or ever probably. Am I the asshole for wanting a ""financial abortion"", that is, no contact, no child support, no custody, and is it morally and legally okay???",41,21,3,2,0,67,0.6567164179104478,0.6567164179104478,0.6-0.7
b5ibuo,WIBTA if I broke up with my girlfriend after we found out that she's infertile,"It's not easy writing this. I want to make clear that I haven't decided anything yet. I'm just considering all options.

About 2 weeks ago me and my girlfriend found out that she's infertile. We had been trying for a baby for almost a year, and we got a bit worried. So we decided to check the both of us, and it turns out that she is infertile. There's not much more to it, but they are 100% sure. We've been together for little over 5 years. I'm 24 and she's 2 years older, and we thought that the time was right. 

Obviously we are devastated by the news, and I understand that it's an even bigger blow for my girlfriend. I've been there for her and we support each other, and I think that we're at least dealing with it. 

She has already suggested adoption or a surrogate. I told her that was good idea and left it at that. The thing is, I don't want to adopt a kid. I also don't want a surrogate. I want to have my own kids, with my own woman (I don't know how to phrase this but you get what I mean). I get how this sounds really selfish. But it's how I think, I can't change that. I don't think I would be capable of adopting a kid. It's just not me. Is it weird that I want the woman I'm with to carry our child? I don't think it is. I want it to be our kid. But I know I'm not thinking straight right now. 

I want kids. I want them with my girlfriend. She was about to be my fiancee. But we can't. I've been seriously thinking of breaking things off. I love her with all my heart, she IS the love of my life. I wouldn't want to put her through a break up after this news, I know she needs me. But I can't shake this feeling. I understand that many might not understand my thought process here. I don't know what to tell you. Would I be the asshole?",106,22,0,33,4,161,0.6583850931677019,0.6583850931677019,0.6-0.7
9yhimn,AITA for sending my sister a list of reasons not to adopt a pit bull.,"For as long as I can remember my sister has wished for a puppy. But for several reasons wasn't allowed. Both me and my mom aren't huge fans of dogs, she grew up with a Dachshund which she nicknamed ""Devil's Sausage"" for reasons that should be obvious, and I when was 6 years old and playing on the curb a barking dog ran over to me and knocked me over, gave me a concussion, which apart from the trip to ER gave me a lasting fear of large dogs.

I'm a grown man now, and she's a grown woman. She's a bit older than me is already starting a family, has one beautiful 2y.o girl and is in the 2nd trimester of her second pregnancy. She lives her life mostly free from me, I live mine mostly free from her.

Last we met she talked about getting a dog and I generally supported her. The reason she didn't get one growing up was because of me and my mother, not her. She's an adult now and can make her own decisions. Around 2 months ago she visisted an animal shelter not long after, and after some back and forth decided to adopt a little brown 6 week old purebred pit bull puppy.

I wasn't exactly a fan, and asked her if she'd really thought the whole thing out before going through with the adoption. When my mother found out however she was deeply dissapointed, she voiced her opinion privately via texting but after some time sister exclaimed that she was a grown woman and wasn't interested in arguing over her dog anymore. It wasn't until we met at a family gathering for a birthday where things really spilled over. You could call it a dogfight. Mom v. Sister, with me reluctantly supporting my mother, and my brother reluctantly supporting my sister. It ended up getting pretty ugly, mom called her an irresponsible parent, sister called us heartless dog haters, and sister ended up leaving early. 

The day after me and my mother texted eachother and decided to compile a list of arguments against her decision to adopt a pit bull if the topic were to ever come up at another family gathering. It went like this:

* Pit bulls are responsible for 62% of dog fatalities, and while they score middle of the road in agression tests, their strenght makes them far more dangerous.
* Sister is not physically strong enough to restrain a fully grown pit bull if it decided to attack another person or dog.
* Her daughter screaming or crying could set off the dog and make it snap.
* Her dog could be an annoyance to her downstairs, and other neighbours in general. She could face discrimination when trying to find housing in the future.
* She's never had a dog before, and pit bulls are high maintenance
* Dogs are expensive and she's living on limited income, any visit to the vet could leave her in big debt
* The dog will live a dull life stuck inside her appartment

A few weeks pass and me and my mother are sitting in the living room chatting and the topic about the list comes up, I agree somewhat reluctantly to send the whole thing to my sister and perhaps predictably, she blocked me without even replying. Mother messaged sister's S.O, a wonderful, smart and compassionate guy, and he explained that my sister is pretty upset and considering not coming to the christmas dinner unless we stopped criticizing her dog

My Father and brother are both telling me to leave her alone and let her have her dog, however I think the impact that the dog would have on herself and others is too big to just turn the other cheek to, and would end up damaging her in the long term. My brother and father are both very sensible and reasonable people so I'm afraid that might be the asshole.",54,28,0,0,1,82,0.6585365853658537,0.6585365853658537,0.6-0.7
aii8at,AITA for planning on breaking up with my boyfriend because he ate dog meat when studying abroad?,"I (23F) have been dating my boyfriend (24M) for almost six months.  He's really caring and sweet and prior to tonight I envisioned us getting married in the near future.  I really love dogs, I've had dogs my whole life and have a corgi and she is my favorite thing in the world.  Bf doesn't really like animals but he's always been good with her whenever he's at my apartment and I was never uncomfortable.  

This is relevant because of a conversation we had tonight that will probably end with me breaking up with him.  We had dinner at a Chinese restaurant tonight.  Bf ordered duck, and enjoyed it a lot.  He commented on how it's cool that in other countries like China, they eat certain meat such as duck that isn't very common in the US.  I mentioned how they still eat dogs, and I told him about how horrific events such as the yulin dog festival are, since I remember reading about this recently on reddit.  I almost cried when I first read details about this, and still almost choked up thinking about it.  I asked him ""you would never eat dog, right?""

I expected him to say no, but he admitted that he had tried dog meat before.  He went on a study abroad to China when he was in college, and tried dog when he was there.  I was shocked and appalled.  I tried being understanding, I assumed that he had eaten some mystery meat dish of some sort and not found out what he had eaten until after.  I was horrified by what he said after.  He went to a restaurant with several Chinese students and tried an assortment of different foods.  One of the dishes was dog, and he knowingly tried it since he was ""curious"", and he said it tasted good.  He even said that he was the only American at the table who tried it, and that the rest of his friends were disgusted while the Chinese students laughed.  After he told me this, there was an awkward silence for a while after.  He could tell I was uncomfortable, and said that he probably wouldn't eat it again and that the yulin dog festival is cruel, but that it's not that big of a deal and it's a cultural difference.  At that point I was still in shock and barely responded.  We were both done with our food, or at least he was: I had no appetite left.  We went up to the front of the restaurant and paid the check.  We were going to see a movie but I asked him to just take me home.  I told him that I'd see him later but got out of the car before he could kiss me.  I've spent the last few hours sitting on my couch clinging onto my dog and crying.  I couldn't believe that I had let someone who had eaten dog near my dog, and I was repulsed at the idea of seeing him anymore.  I haven't said anything to my bf ever since I got out of the car but I really want to break up with him.  I'm really sad because I thought he was the best guy I've ever dated and I really felt a strong connection to him before tonight, but I can't look at him the same.  I also would never feel comfortable letting him anywhere near my sweet little girl.

AITA for planning on breaking up with my boyfriend over him knowingly eating dog meat?",27,6,0,8,0,41,0.6585365853658537,0.6585365853658537,0.6-0.7
avn8f8,AITA for breaking up with my boyfriend for sleeping?,"The title sums it up. My boyfriend has a problem with staying awake when we have plans to call. We've been long distance for 6 months, and had this problem the entire time. He says he can't help himself if he's in bed and tired and I've said that it's fine as long as he says goodnight first, so I'm not anxious about him being mad at me. We always end up in a cycle where he falls asleep, I get really anxious and stay up late crying thinking he's mad at me, he wakes up and promises next time he won't go in his bed if we have plans or if he's really tired he'll say goodnight. This lasts for about a week and then the whole thing repeats. 

Today we were on call watching Netflix and I remembered I had to get something from the library (for an assignment due at midnight). I got stuck in the elevator and around the time I got out, he stopped responding. I didn't notice immediately but once I did, I started getting worried he was mad at me for taking so long. I texted him a lot of apologies and eventually called him. This is where I'm mad: He let me apologize and apologize for taking so long and kept saying ""it's ok"". It was only after I asked explicitly whether it was me taking so long that made him ignore me that he said no, he was asleep. This made me kind of annoyed—he let me keep apologizing instead of cutting me off to say he wasn't mad and had just been asleep. I clarified whether he was so tired that he'd fallen asleep at his desk or whether he had gone to his bed knowing that we had plans to call back and finish the episode and he confirmed it was the second. I needed to cool off so I said let me call you back in 5 and hung up. He called back but I declined it, then he texted me saying he was sorry. 7 minutes later I called him back and no response. It's been half an hour and no response to any calls or texts so he's clearly asleep. I broke up with him over text, saying that my anxiety over this repeatedly happening (to the point where I'm sometimes afraid to hang up even if I have to go to the bathroom because I feel like I'll come back and he won't answer and I won't know what happened) is too much for me to handle right now. I'm at a really low point with my mental illness and there's a lot going on at school. 

Clearly I don't think I'm the asshole right now, but there was another time I broke up with him over this (also over text and while he was asleep). When he woke up he called me and started screaming at me and punching his phone (we were on FaceTime so it was kind of scary, which sounds dumb I know) and saying I was abandoning him and being selfish, I didn't love him and I wasn't understanding enough. I felt terrible and we ended up getting back together. I know this reaction will happen again when he wakes up. I just wanted to get an outside opinion on whether this is a stupid thing to break up over before that conversation happens, since even though I don't feel bad now I know I will then.",17,8,10,6,2,41,0.6585365853658537,0.6585365853658537,0.6-0.7
b0p0qz,AITA for not caring that her son died?,"(I grew up speaking french so I apologize for grammatical errors).

When I was in high school, my sibling and I accidentally hit a car while we were backing out of our driveway. We went to our neighbors house to tell them what happened, but a woman we had never met before answered. We explain that we accidentally hit her car while backing out, and she immediately starts crying and explains that her son just died. We immediately felt worse and tried to comfort her while we brought her out to the car.

Sparing the details, she got really angry at us. She began yelling at us and insulting us, while constantly bringing up that her son had died. She then called the police and made us call our parents because she didn't trust us ""stupid, incompetent teenagers"". The police showed up, and she again reiterated to him that her son had just died before even explaining the situation. The police officer looked at the cars and pointed out the damage along with additional damage which I claimed we couldn't have caused due to its location and the amount of damaged compared to the other dent (it was quite worse). She got even angrier that we weren't taking blame for it, and once again reiterated that her son died and we were only making it harder.

Things got infinitely worse when my dad showed up. She yelled that his ""stupid"" children ruined her car and weren't taking the full blame for it, and as usual brought up at her son just died. Here's one thing to know about my dad: if you insult and/or hurt his children, you are fucking doomed. He immediately spat back at her and started a screaming match, which eventually culminated into this:

Woman: ""HOW DARE YOU SPEAK TO ME LIKE THAT!""

Dad: ""I have every right to speak to you like this. My children did the smart and responsible thing by telling you about the accident and giving you their information, and you have to audacity to stand here yelling at and insulting them? Grow the fuck up, you pathetic miserable old cunt!""

Woman: ""MY SON JUST DIED!""

Dad: ""You know? Good for him. Now that he's dead, he doesn't have to be around you.""

Now I know my dad's comment was completely uncalled for and totally rude, and, honestly, I was getting fed up too. I strongly dislike it when people constantly play the pity/grief card. I have never lost a child, and everyone express their grief differently. At the beginning I really did feel for her, but the fact that she kept bringing it up just made it feel like she was trying to manipulate us. By the end of it, I didn't even care that her son had died. That feeling still haunts me to this day.

Am I the asshole for thinking she played the grief card too much, and eventually not caring that her son had died? Is she the asshole? Are we both assholes?",5,28,10,1,1,44,0.3409090909090909,0.6590909090909092,0.6-0.7
9ydt7b,AITA for getting mad at my wife for leaving our babies’ dirty diapers all over the house?,"We’ve got two babies, only about a year apart, so the last 2 years have been non-stop diaper changes.  Since day-1, my wife has had a bad tendency to do diaper changes anywhere other than the changing tables (even the additional one I went out and bought to make it more convenient for her), and just leaves the diaper wherever she happens to be - lots end up on the floors, some on the night stands, desks, tables, countertops... you name it, I’ve found a dirty diaper on it. We have multiple diaper pails, all easily accessible, and she still barely ends up putting them in there (often even find she’s set a diaper on top of the lid of the diaper pail, instead of taking 2 additional seconds to open it and drop it in).  

After asking her about it several times, and making “mommy’s hiding dirty Easter eggs all over the house” a daily passive-aggressive inside joke, I decided to test her and refused to clean up the diapers she leaves myself. Literally dozens of dirty diapers all over the house, until she finally decided it was too much and threw most of them out (not even all of them). Did this several times, all same results.  

So I recently kind of flipped my shit on her about it. Our bedroom was smelling nasty, and took me a while to find an old dirty diaper under our bed that was in disgusting condition.  It felt like the last straw breaking my back, and I criticized her for being messy and lazy in general... Now she’s mad and I feel terrible for potentially being the asshole, but... am I really the asshole, though?",17,33,0,0,0,50,0.34,0.6599999999999999,0.6-0.7
b5upa5,AITA for wanting a Native American blessing read at my wedding?,"Okay so hear me out here. For background, I am getting married in about a month. My fiance and I are both predominantly white, his family does have some Native American but they are not particularly connected with that culture. This all started when I was looking for nonreligious readings to use at the end of our ceremony. I found an Apache blessing that was typically used in place of wedding vows and really connected with it. It is far more about the connection of the two people getting married than anything else. I want to have this blessing read to close out our ceremony, and do intend to have it introduced as a traditional Native American blessing. My sister is now telling me that this is cultural appropriation and I am an A-hole for wanting to use it. On the other hand, when searching for nonreligious readings this blessing has shown up on every site that I have looked at. So AITA for wanting to use something that isn't my culture but really resonated with me? ",30,55,1,6,4,92,0.33695652173913043,0.6630434782608696,0.6-0.7
b4yunw,AITA: I throw away toys left in my yard by neighbor kids,"So there is back story here but without making this too long-my next door neighbors on either side of our house-do not get along with us. Mostly due to just being very different types of people. There were some issues of their kids bullying my kids. And the wife got pissy with me one day because I told her to keep her dog on a leash and out of my yard after he jumped on my autistic son and scared him.  

Anyway, we don't speak to them or hang out with them. We happily ignore each other. However- I have made it clear to the neighbors that since we are not buddies, I don't want their kids hanging out in my yard or leaving things in my yard. 

My kids never go into their yards or leave things in their yards. I make sure of this. 

However, their kids are always walking through our yard back and forth to each other's houses. Meandering their football games or kickball games into our yard. And then consequently leaving items in my yard. 

To this date I have found: A baseball glove, 10+ baseballs, 2 footballs, a frisbee.  

I used to leave them there and they stayed out there for infinity without them claiming them. So I started throwing them back into their yard. But now, I just immediately throw them away. 

One day me and the neighbor Dad almost came to blows because his kid left the baseball glove in my yard and I threw it away. When they came back to ask me about it I told him straight up I threw it away. 

AITA for taking things  left on my property and throwing them away especially after I asked them multiple times to stay out of my yard and not to leave things in my yard?

",29,89,16,0,2,134,0.3358208955223881,0.664179104477612,0.6-0.7
b9ikry,AITA fo refusing to stay in the same hotel room as a trans coworker?,"I work in a mainly female industry (modeling). I have a group of friends from my agency who I hang out with backstage and at shows and stuff like that. There’s one girl in my agency who I’ve known for some time, and she came out as trans about a month ago. Meaning she revealed that she was born a male but now identifies as female.

I am not friends with her, but I respect her choices. However I am a Christian, and I have my own personal views on transgenderism. 

Yesterday, my agency booked a couple of models, including me and the trans girl, for a 2-day job in another country. She put me and her in the same hotel room. There is only 1 large king bed in the room.

I immediately told my agent that I did not feel comfortable sharing a room with this girl, although we don’t have any disagreements or anything. I just would feel weird staying overnight with her. 

My agent got annoyed at me and told me to get over it. Somehow the trans girl got wind of my request to change rooms and is now angry at me. She is now telling people that I am transphobic.

Which I am not! I just feel odd sharing a hotel room/bed with a biological male, especially when I have a boyfriend. My boyfriend supported me and said I should just rent my own separate room, which I plan to do.

However now the trans girl is dragging my name through the mud. AITA for refusing to share a room with her?",150,72,5,6,4,233,0.6652360515021459,0.6652360515021459,0.6-0.7
ag0xmn,AITA for being offended at my wife of now 27 years,"Wife and I just celebrated 27 years of marriage last week.  I've known her since 1985.   I do all the cooking for the family.  Son is on the spectrum and is very particular of what he'll eat (hates pizza, cheese, pasta).  We found out 2 years ago my wife is Gluten Intolerant, she has Celiac's Desease and gets very ill if she ingests gluten.   I take particular care when cooking for her as well as factor in what to cook for my son, it can get cumbersome juggling both requirements.

We talk about her finally figuring out she can't eat gluten ""all of the time"".   For years it's been a struggle for her until she figured it out and it's a topic that comes up a few times a week.  Last night I made a pot roast and used a corn starch slurry to make the gravy.  She comes up, looks at it and says, ""I can't eat that,  you used flour for the gravy, I'm gluten intolerant""! 

I looked at her and said, ""Do you really think I'd make that with flour?  Do you think I'm a fucking idiot""!?   I just dropped the utensils, walked away and went upstairs for the night.  I haven't apologized and either did she.  She did eat supper which I passed on,  I was too pissed.  I can't believe she would think that of me.  I haven't looked her in the eye since.  Am I the asshole?

&#x200B;",20,20,30,5,4,75,0.6666666666666666,0.6666666666666666,0.6-0.7
b6n03y,AITA (30M) for buying my girlfriend (26F) a new car?,"I’ve been with my girlfriend now for about a year and we recently moved in together. She’s incredible and has made me a much better person in the short time we’ve been together.

We do have some disagreements every now and then. We are from very different backgrounds and don’t always see eye to eye. The other week we got into a pretty serious argument and she was obviously very upset. 

I love this woman and intend to marry her, and was very afraid of losing her so I wanted to show her my appreciation. I then went out and got her a new car. She moved away from her home to come live with me and she’s hasn’t had a vehicle here. It just seemed like a suitable thing.

When I surprised her with it she called me an asshole and said that I had to get over my spoiled upbringing and learn to deal with things like an adult. That I couldn’t “buy her love” with an expensive car. She ended up taking it back to the dealership and I got the refund on my bank account.

So am I an asshole for buying her a car?",33,9,1,8,2,51,0.6666666666666666,0.6666666666666666,0.6-0.7
b58n3i,AITA for wanting my SO to cut someone out of their life?,"My boyfriend has a new acquaintance who is a girl. They have known each other for about a month. The girl is in a relationship, but spends her time whining about her boyfriend to my boyfriend about how she is not sure they should be together. My boyfriend has encouraged her to work her relationship out.

She constantly asks my boyfriend if he's going out that night. She's sent him drunk selfies at night. She asked him to go to her old high school alumni ball with her, because her boyfriend couldn't come and she had already bought a couple's ticket. (my boyfriend refused because he had a friend's birthday party that night). She jokes about how much she likes a certain hoodie my boyfriend has. She jokes about how much she likes the way he talks. She has used phrases like ""where have you been all of my life"". Ever since they met, she has always been aware that my boyfriend is in a happy relationship. Her actions feel extremely flirty to me and my personal opinion is that she is an inappropriate cunt.

We have talked about this with my boyfriend. He says he has no interest in her and I believe him. He says that he understands why I would be uncomfortable but he doesn't want to be rude to her. Again, I get it - he's kind of the human version of Mr. Peanutbutter and just wants everyone to get along and be happy.

At the same time I feel very irritated. I want him to set hard boundaries with this girl because honestly I wouldn't be surprised at anything she'd try to do at this point. I would like him to tell her to fuck off permanently. He doesn't want to be too harsh to her and would still like to be (platonically) friendly with her. Technically he hasn't done anything wrong and I know he has no intention to. However, I also feel like he hasn't made enough of a clear statement about how he is not interested in her, because clearly mentioning his girlfriend (aka me) hasn't been enough to deter her.

Am I the asshole for wanting him to cut her out of his life completely? Also am I overreacting to her behaviour or would this be considered normal between platonic friends who have known each other for a month?
",9,21,5,7,3,42,0.3333333333333333,0.6666666666666667,0.6-0.7
b7ddja,AITA for allowing the girls on my HS track team (I’m the new head coach) wear bikini tops and cut off shorts for a fund raising car wash?;,"This is very fresh, posting from my phone and a throwaway because I’m honestly nervous about how big this is going to get. I just got an email from the assistant superintendent of the entire district that I have to be in his office Monday morning and I’m scared shitless. 

Basically I just graduated college and got my teaching certificate last year. The school heeded a track coach of the program would fold so I volunteered even though district guidelines (not rules) specify that a certain number of years is required before taking a head coach position but the principal waived this. We have some very talented girls and I enjoy it. 

We were scheduled to do a car wash fund raiser this morning. On Monday one of the girls asked me if they could wear bikini tops and cut off shorts. They argued it was for thier comfort since it’s about 80 here today. I was a little nervous but agreed. Apparently word got out on social media and we had a line of cars 30 minutes before we even started. I’m so naive I thought initially people were just being charitable but when I saw boys from surrounding schools I knew somthing was up. And it wasn’t long before older men started taking notice and we had a line where it was taking an hour to get a car washed. The girls themselves loved it, they all had fun, nothing bad happened (thank god) and all are proud of themselves for how much we made. 

Parents are furious with me and obviously it’s gone up the chain. I’m hoping to god I can chalk this up to my inexperience and I’m not fired buf when I had a 6’4” dad screaming in my face that he’s going to get my fired...I’m scared. 

Am I the asshole for allowing this?",287,593,45,79,20,1004,0.33067729083665337,0.6693227091633467,0.6-0.7
b7qe07,AITA for hating my friend and refusing to help her because she's been lying to me and having sex with her husband?,"I have a young friend who has several tiny toddlers including an infant. Because I feel bad for her being stuck at home, whenever she tells me she wants to go clothes shopping or furniture shopping I occasionally babysit all of them, even though they're so little. I'm well enough compensated for it, and I enjoy children so I don't really mind it.

However I found out recently that even when she tells me she's going to a certain place, she's actually been going to her husband's work to make out/have sex with him there. When I ask her where all she went, because I'm curious about her shopping as a friend, she would outright lie to me like ""Ohhh there was a lot of traffic that's why it took so long"" or ""I actually spent a long time walking around in that store and looking at everything haha"".

I don't mind that she feels a need to spend time with her husband, and I've even babysat when they've gone out on dates late into the night. 

However, I feel extremely insulted and grossly taken advantage of because she's been so dishonest especially ABOUT sexual stuff, so I told her I won't babysit again without telling her the reason. I feel like if she's using my time and energy of babysitting to be out and about, the least humanly decent thing would be to be honest if I ask how she spent that time. Or at least say ""I'd rather not let you know"" instead of full blown-out lies.

 Should I not care so much? Would I be an asshole if I called her out on her actions directly?",37,12,2,7,2,58,0.6724137931034483,0.6724137931034483,0.6-0.7
aqyhc1,WIBTA if I didn't tell my girlfriend the true reason I'm breaking up with her?,"So... My SO and I have been dating for just shy of a year, living together for about 6 months. I always knew she had mental issues, but she seemed to manage them to an acceptable degree, and during the first while, I didn't mind.

However, after we moved in together, especially the last 2-3 months, it's gotten... Really bad. Anxiety, depression, general mental health issues, and it's become so bad recently that it's dragging me down too. We've talked about it many times, including the possibility of getting professional help, but she refuses, she only wants to work on it herself, or at least with my help.

However... Nothing has changed, in fact, it's arguably gotten worse since we took active attempts to get better. This is where the second part comes in. Her lifelong dream is to have a family, 3 kids, a dog, suburban house, the works. I've never cared much for it, but never had much of an opinion on the matter either. However, recently, I've started to have an epiphany that I might not want that life... At all. We've discussed it before, and we agreed that I would tell her again if it became a real thing, and she would understand. Life goals change, that's just how it is. However, I'm not sure if I just, don't want that life at all, or if I don't want it with her... With all her mental health issues, I don't see her being able to be a good mother (daily anxiety attacks, caused often by disruptions in her daily rhythm... And kids aren't exactly predictable), and I'm scared I'd effectively be a single father.

Now, the dilemma is... It's true, that I don't think I want the same future she does. 90% sure, but there's still a chance. However, the main reason is her mental health. I don't think she'll get better unless she gets professional help, certainly not better enough to look after 3 kids and a home. But she's made it very clear that she will never go to a psychologist, or similar, again (bad previous experiences), and nothing I can say will change that.

So... WITBA for using the ""I don't want kids after all"" excuse? We've talked about it before, and she's said she'd understand, these things change sometimes. I feel like it'd be easier for her to handle than her mental health, which is a... Very touchy subject for her. On one hand, I feel she deserves to know. But on the other... It won't change anything, she won't see a professional anyways, so what does it matter?

Please do give your opinions, I'm a bit at a loss here.

tl;dr: I will probably break up with my girlfriend due to her unwillingness to seek help for her mental health issues. Should I tell her the truth, or tell her an, also true, but less so, reason?",14,21,1,10,1,46,0.32608695652173914,0.6739130434782609,0.6-0.7
arl0yt,AITA for mispronouncing words in front of my girlfriend's family?,"Last night, I was all set to have dinner at my girlfriend's house. We've been dating for about 3 months and I've met her parents before, but this was the first time that I'd be dining with some in what was obviously a more fancy setting. When I asked my girlfriend what they were serving, she said that her dad had cooked salmon, however I noticed that she had a weird pronunciation of the word. She included the ""L"" when she said it, making it sound like she was saying the first half of ""salmonella"". I asked her why she pronounced it like that and she simply responded with ""Because that's how it's spelled"" and I wasn't going to argue that.

Me, my girlfriend, her mom, and stepdad all sat down for dinner and it started off with some very casual small-talk and after that, I decided to make things a bit more humorous. I said to her stepfather ""This is delicious salmon"" except I intentionally pronounced it with the L, just like my girlfriend. My girlfriend was stifling a laugh and her mom was shooting me a curious look. Her stepdad, who is typically a straightforward, no-nonsense type of guy, simply stared at me and asked ""Do you find my cooking to be amusing?"" I then played it straight and said ""No, I just really like this salmon."" Again, I mispronounced it. My girlfriend and her mom both smiled at each other and then there was an awkward silence followed my her stepdad shooting me daggers. As I focused on my filet of salmon, another idea struck me and I decided to have some fun with the pronunciation of the word ""filet"". I decided to pronounce it with the T at the end, so that it rhymed with ""skillet"". Keeping sure to mispronounce both ""salmon"" and ""filet"", I said to her stepdad ""I'm sorry if I offended you sir. This is just a really delicious filet of salmon."" My girlfriend burst out laughing and her mom was also smiling ear to ear while chuckling, but her stepdad wasn't pleased. He simply stared at me with a blank expression, set down his utensils, and simply said ""I'm done."" And with that, he got up and walked away from the dinner table.

He never did return and my girlfriend's mom explained that he likes his private time in his study whenever something is bothering him. Her mom was totally cool with my little stunt and she thought I was just having some fun. But as her mom was serving desert, her stepdad comes in the kitchen and I can hear them whispering to one another, but I could only make out small pieces of what was being said. I heard her mom say ""You're overreacting"" and at one point I heard her dad whisper ""sick little bastard."" Then while me and my girlfriend were just sitting at the table, both of her parents' heads peer into the frame of the door connecting the dining room and kitchen, and they both just awkwardly stare at me before sliding back out of view. Then her mom comes in and she looks PISSED. She says to me ""Please leave my house."" but she also looks like she's ready to burst. I asked if everything was OK, but she just repeated herself and told me to ""get my act together.""

I left like I was asked and my girlfriend even sounds mad at me know. It's weird because she was laughing and playing along, but when I left she just texted me ""Grow up."" Now I'm just wondering what her stepdad could've said to them to make them change their tunes and have me kicked out.",23,22,23,0,5,68,0.6764705882352942,0.6764705882352942,0.6-0.7
b9ui3y,AITA For Snapping at My GF's Friend Because She Thinks She's So Educated?,"I'm M22 and my gf and her friend are both F23. I have a 3 yr bachelors degree in business and work in software sales making pretty amazing money, her friend always talks shit about me not having a real degree because its a 3 yr degree not a 4 yr one. But I always consider it a real one, it's still a bachelor of commerce degree. Her and my gf are doing a masters in Public Policy after doing undergrads in poli sci and her friend thinks she's a genius. We debate about issues and she writes me off as ignorant or uneducated because she's getting her masters and I only have a bachelor. She basically thinks that's she's superior to me because of her education level. Last night we were both at my GF's place and we were talking about provinical politics in Ontario (Basically about Doug Ford if you know him) and she kept on saying she has more education than me so is smarter and her opinions are more valid. I told her to shut the fuck up because her masters in Public Policy is gonna get her a job at starbucks only.

She started to call me an asshole and douche and now my gf is hurt because they are in the same program. 

AITA?",16,28,43,0,2,87,0.6781609195402298,0.6781609195402298,0.6-0.7
auhq58,AITA for showing my 9 year old little sister pictures of measles victims in an attempt to convince my mom to vaccinate?,"On mobile, so formatting might be weird.

I'm a 17 year old male living in Canada and both of my parents are antivaxxers. My aunt and uncle are also anti-vax and my situation took place earlier today because it became a large topic at my family dinner. My grandparents are provax because they've lived through polio and know firsthand how bad it is, so they helped my Little brother and I try to argue it into my mom and my aunt. 

My aunt doesn't believe that vaccines cause autism but she believes they cause allergies and asthma. Is that really worse than measles? Really? Anyways, that didn't work. I am vaccinated, my Little brother is vaccinated, because in Canada, at 15, you can choose to make your own medical choices. My two little sisters are not, because they aren't old enough to make that choice yet.

About 4 hours away from my house, there is a measles outbreak. This scares the shit out of me because one of my Little sisters is immunocompromised. Which is one of the main reasons why my mom chooses not to vaccinate. I know, completely counter productive and really fucking stupid.

 I'm trying to convince my mom to get my sisters vaccinated against measles. When I found directly talking to her was ineffective, I thought that talking to my sisters might help. Like, if they thought that they were in danger, my mom might vaccinate, for their peace of mind. I showed them a picture of a child with measles and said ""this kid might die"" and 'mom could vaccinate you and protect you but we have to convince her"", but she's already convinced them that vaccines are bad. I will break that, trust me. They told her and my mom is now furious and told me ""I'm really starting to piss her off"" and ""when [I] reproduce I can choose to vaccinate my kids"". She also told me that it wasn't fair to ""harass"" such a young, immature age group. I'm naturally very argumentative, so I responded quickly and told her ""I tried to 'harass' you about it but I guess you're too immature"".

 I have no doubt in my mind that vaccines are incredibly helpful, but am I the asshole for showing pictures of measles victims to my 9 year old little sister?",5,34,11,0,2,50,0.32,0.6799999999999999,0.6-0.7
as9wel,AITA for fostering a child against my daughter's and ex wife's wishes?,"I'm a 52 year old male with a 23 year old daughter. Our relationship has always had its ups and downs. Mainly because I did not get to see her and speak to her for a big part of her childhood. I left to go back to my home country when she was 3 due to DV issues with her mom at the time. This is completely my fault. I was an asshole. I have since gotten therapy and am happily married.


We reconnected when she was 16 and we were pretty much two peas in a pot. We are very alike and she moved in with me and my wife. All was well, except that we'd have pretty heated fights once in a while. I never got violent with her but I'd scream and she'd scream and my wife (who is very calm) would be stuck in the middle.


My wife cannot have children, but our dream was always to adopt or foster. Finally we were at a point in our lives where we could afford to foster a teenager. But when I told my daughter, she got mad. She said that it was unfair that I would foster someone rather than pay her mom the 'child support' that I 'owed', which was never ordered by a judge as we never went to court.


It is true that I didn't pay any child support but she lived with us for two years and we got her a car, clothes, food etc and spoiled her to make up for it. She says that it's still unfair and that she is hurt that I will raise a child when I was never there for her.


My daughter moved out and went to live near her mom again. I called my ex-wife hoping for support. She called me an asshole and hung up on me? Again **she never asked me for a penny before**.


Am I really the asshole here?


TL;DR; I want to foster a child. My daughter and ex-wife are upset because they think that i 'owe' them.
",45,17,4,6,2,72,0.6805555555555556,0.6805555555555556,0.6-0.7
asn9bd,AITA for not giving vegetables to customer who doesn't eat it?,"So a little background: I'm a local shop owner, who sells different kinds of asian food. I have this customer coming in quite often already. He always orders the same dish, but every time he finished eating he always leave the vegetables untouched resulting in me throwing it away all the time. He pays normally and leave. So everything is neutral, he's not being nice or being rude either.

&#x200B;

Then there was this one time, he came in again and orders his usual dish. But this time i decided, before we are wasting the vegetables again, I will cook less/very few vegetables for him. Then when I brought the food to his table he kinda got angry for having such less vegetables in his dish. I told him you never eat the vegetables so what's the point of cooking it? Then he made quite a scene about it. I didn't want things to get that heated so I calmed him down and cooked the same dish with more vegetables for him. And here I am again throwing away the vegetables.

&#x200B;

I understand a customer should get what he orders but that's such a waste of food. If he doesn't like the vegetables why does he orders it in the first place? So AITA for not giving him vegetables?",45,22,19,8,1,94,0.6808510638297872,0.6808510638297872,0.6-0.7
aau8v5,AITA for calling someones bluff who constantly threatens suicide?,"Sorry if this is a bit mundane. I feel like context is important even if it is just drama.
Today, I was trying to make pasta for myself for dinner. I called my roommate over to clean a pot that he'd left dirty. Here's vaguely how the exchange went:

Me: Hey, can you clean this pot you used?

Him: But there's food left in it, and I'm saving it for later.

(There wasn't even an eighth of a box of Mac and cheese in the pot, not enough to even justify reheating.)

Me: You left it in the fridge uncovered. It's just going to get gross, please come clean it 

After some back and forth, he finally got to cleaning it, whining the whole time. I asked if I could get to the sink for like 10 seconds. He'd been complaining about having to actually clean up after himself the whole time, and I was pretty fed up at this point.

Him: Why didn't you wait until you were done to make me come in here and clean this up? You're just getting in my way now.

Me, annoyed at this point: Please. Just shut the fuck up.

Him: Fine, I know you don't want me here anyways, I'm going to leave tomorrow. I'm not going to pay rent and I'm going to move my stuff out tomorrow. I'm going to kill myself, I'm going to leave and jump off the bridge into the river

He does this whenever something doesn't go his way, no matter how small. This is not an exaggeration.

Me: Either do it, or shut the fuck up. Quit fucking scrounging for sympathy, it's not going to work on me. Fuck off.

I then went to my room. Now, the issue I'm running into, is my friends who watched this exchange are pissed at me, because I 'told someone to kill themselves.' He does this literally every time he's told no, or I ask to be left alone, and I feel like I finally stood up to his threats, and I was met with harsh disapproval from my friends. Am I in the wrong here?",6,30,8,0,0,44,0.3181818181818182,0.6818181818181819,0.6-0.7
b3s2dk,AITA for displaying a heirloom confederate battle flag in my private office?,"I have an antique confederate battle flag framed in my home office. The flag has quite a storied history. First carried into WWII by my grandfather, it was then carried into Vietnam by my uncle, who passed away a few years ago. They do not have any ties to white supremacy nor did they hold any racist views. The flag is a family heirloom, not a political statement.

My wife was hosting a baby shower for a friend of hers. Out of nowhere, one of her friend's guests stepped out into the living room holding the very same framed flag above her head. She claimed she was looking for the bathroom when she opened the door to my office by mistake (very unlikely).

Even when my wife explained the history behind the flag, she made a huge scene. During her rant about how her ancestors were slaves, she violently threw the frame on the ground, cracking the antique frame that had been in my family for three generations and sending glass shards all over the wooden floor. My wife's foot was cut quite badly by the glass, requiring three stitches. 

Long story short- cops were called, she was arrested, and charges will be filed. I have also retained a lawyer to go after her in civil court. As she works in the healthcare field, I am told a criminal record will be quite damaging to her career though it won't end it entirely. 

My wife's friend apologized profusely for her guest's behavior and has offered to pay for any damages (I thanked her but I won't make her pay for someone else's mistake), but she made a comment about how I was overreacting and that I shouldn't ruin a young woman's life over this. She also said my flag should be in storage or a museum, not out on display. 

I understand the outrage at display of the flag in public buildings, but I feel like this was different. I did not have my flag out in my front yard, it wasn't in my living room, it was in my private office, behind closed doors. Moreso, her irrational behavior caused my wife to be injured. I don't know if I would want someone like her working in a hospital setting. Am I an asshole for thinking this girl was way out of line? ",14,42,6,1,1,63,0.31746031746031744,0.6825396825396826,0.6-0.7
b6wg38,AITA for walking into my flatmate's room while she was having sex and refusing to leave?,"I (20M) live in a flat with 5 others at university. There is one girl (20F), who's a bit of a...problem

She always brings guys back and has loud audible sex with them. Very loud. And it annoys all of us, we have early starts in the morning and well tell her to keep it down but she doesn't listen. We told security and they didn't do shit.

So we also all have exams soon and essay deadlines. And yesterday, she does it AGAIN, brings a guy back and starts having loud sex. We're all awake on this and post on the flat chat (but she wasn't going to see it anyway until after she was done having sex).

I have an early start and had to be somewhere by 7am and it was 2am while this was happening.

I had had enough. I banged on her door and she wouldn't open it. I bang again and she doesn't open. So I try to open it and...it's unlocked, they must have forgotten to lock it given that they came back drunk.

So I walk in and see them having sex. They both quickly see me and freak out. She says to me ''What the fuck?!!'' but I look over to the guy, the guy was a bit short and really skinny, there's no way in hell he would be a threat to me and he looked way more nervous than she does. 

She keeps saying ''What the fuck?!! Get out!!'' and I say to her ''I've had enough of your fucking shit. We've all had enough of your fucking shit, you piece of shit. We're trying to sleep''. 

The guy is standing there awkwardly so I tell him ''Get the fuck out'' and he doesn't do anything just stands there awkwardly, so I tell him ''I'll fucking call security, and I've got 4 other flatmates to back me up, our words against yours so get the fuck out!!'' and he gets his clothes on and runs out the flat. 

So the ''problem'' girl starts crying and I tell her that she needs to sort her life out, I then to say to her ''Please leave this flat, move out. No one here fucking likes you, not even that guy you just fucked likes you enough to stay'' and she screams at me and calls me fucking cunt and asshole.

I then leave and go to back to my room. I told the others what happened and they agreed with me, there's nothing I could have done. In fact they THANKED me, at least we could get to sleep and now we sent her a message, AITA?

",226,157,116,2,1,501,0.6826347305389222,0.6826347305389222,0.6-0.7
b8rwmf,AITA for calling out my transgender friend after she questioned my national identity?,"I am ethnically Chinese, born and raised in Britain.

I've always identified as both British and Chinese, but growing where I grew up, it was always a bit of a sore subject, as I was never seen as English/British. I learned to live with it, so no worries there.

I have a transgender friend who is transitioning from a man to a woman. She and I have bit of a teasing relationship - we take shots at each other.

So last night, she starts taking shots at me when we were talking about cultures. I said something about how difficult it is to be English in some countries, and she said ""you're not English though. You're Chinese. Stop pretending to be something you're not.""

And I immediately shot back with ""ironic, coming from a transgender person.""

Her smile immediately wiped out. I could tell she was offended, but I thought she was being a baby.

I have talked to her about how strange and difficult it was for me growing up with two national identities, not really belonging to either. She, too, has talked to me about how difficult it was for her to accept she is a woman.

What do you think? AITA?",15,208,91,20,1,334,0.31736526946107785,0.6826347305389222,0.6-0.7
ajftzi,AITA For Dumping my Girlfriend Because she Made Fun of my Sport?,"I have dedicated the last 12 years of my life to gymnastics. Specifically trampolining. I have am was a high level national athlete. I have competed at tons of national level competitions and have even competed at quite a few international competitions representing Team Canada. At my peak I was trainning at the trampoline gym 6 times a week, and all my training added up to nearly 30 hours a week on top of high school. Near the end of my career I was even getting funding to continue my sport. Eventually I had to quit because of a head injury, but this was still a huge part of my life and I was immensely proud of it. 

My girlfriend and I met a few months after I stopped competing, and she's heard quite a bit about my sport and always thought it was quite cool. She played volleyball in high school and had played on something rep volleyball teams. Nothing too crazy but I still thought it was pretty cool.

The other day we were discussing sports, and she was telling me how she had wished she played more volleyball and pursued it further. I told her that it was a great feeling to be really good at something and really enjoy it. I told her that it was a lot of work but it felt great to be a top level athlete at a sport. Queue the following conversation:

Her: Yeah, well it's a little different isn't it?

Me: What do you mean?

Her: I mean you were good, but trampolining isn't a real sport.

Me: How do you figure that? I was literally training as much as I went to school and Canada has arguably the most competitive trampolining scene in the world.

Her: Well there's pretty much no one that does that sport. It's not hard to get to a high level, if you played a real sport like soccer you never would've been that good.

I dumped her on the spot. That sport had such a huge impact on who I am today. I dedicated thousands of hours and even ended up getting paid some money to continue training. I was probably within the top 500 athletes worldwide. It felt like she was attacking who I am.

Her friends all said that I'm an asshole for breaking up over something so small. This truly hurt, and it's a sentiment I received from people my whole life. AITA?",13,49,11,3,2,76,0.3157894736842105,0.6842105263157895,0.6-0.7
b9s168,AITA for not giving up my seat To a mom plus baby at Starbucks?,"So at this Starbucks they have small tables where two people can sit and a big central table area that has limited space. 

I arrived at Starbucks, bought myself some coffee and sat down at the small individual table. I was working on my essay for school so I had my textbook, notes, computer all around. I had been there about an hour and was on my second coffee

A trashy looking woman with her newborn infant strapped to the front of her comes in and looks around. There was a seat available at the big communal table (but like I said, not much desk space for my computer, textbook etc)

The woman taps me on the shoulder (I had my earphones in) and asks me if I can move seats and she can take my seat. I tell her no, I came here first, I’m currently writing my paper, it would be a hassle to pick up everything and move and I need to write this essay. She then gets demanding, tells me I “need” to move because she has an infant. I start getting heated and tell her to back the fuck off and leave me alone. She looks shocked and goes to complain to the barista.  Barista says there is nothing they can do because nobody can “make” another person move seats. She then storms out of Starbucks

I was still fuming by the time I got home but when I told my girlfriend, she said I was at fault. So let’s your thoughts Reddit ",44,194,47,4,1,289,0.314878892733564,0.685121107266436,0.6-0.7
b4f4ye,WIBTA if I ordered alcohol at a family lunch?,"Throwaway account. Can't be too careful. 

My Husband and I are in our hometown visiting family and one of our favorite ways to see everyone is by going out to eat. Its just so much easier for everyone involved. We have plans to meet my Husbands side of the family tomorrow for lunch.

My SIL and her Husband have chosen not to partake in any alcohol. Part of this is in solidarity with her FIL who is a recovering alcoholic (15-20 years sober). Another part of it is because they are very religious and they believe it is a sin to drink alcohol. Not like Jesus made wine or anything, but I digress. Their lives, their choices. 

Today while my husband was asking where they would like to go for lunch my SIL asked us not to drink anything alcoholic in front of her children (3+4). The big kicker here is that she requested that we go to a local brewery for lunch!! I just cannot get over the irony in her texts today. 

My knee jerk reaction was anger initially. Who the hell do they think they are? I simply told my Husband that I am an adult and will be ordering whatever I feel like during lunch. We are all in our late 20s/early 30s, and plenty old enough to decide what we would like to drink. Husband said the choice is mine, but that he wont drink out of respect for his sister.

TL;DR: SIL and family chooses not to drink alcohol, but wants to do family lunch at a brewery. Asked us not to drink alcohol in front of her kids. 

WIBTA if I ordered a flight of beers to sample while at the same table as my non alcoholic in laws? ",9,33,8,4,1,54,0.3148148148148148,0.6851851851851851,0.6-0.7
a9uqah,AITA for calling my dad disgusting after he found a new girlfriend a month after my mom's death?," My mom died 3 months ago. A month after my mom died, my dad started dating someone new, and I'm expected to be OK with it. This new woman also lost her husband a few months ago. 

I ended up uninviting my dad from Thanksgiving dinner after he told me about this new woman because I was so angry, which led to him and my grandparents (dad's parents) hating me. When I uninvited him, I told him that he was disgusting and it was disrespectful to my mom, and that he could spend Thanksgiving dinner alone thinking about how his dead wife would feel knowing he found someone new a month after her death. He ended up spending Thanksgiving with his new girlfriend. 

Meanwhile, his daughter (me) is still a complete mess after the death, and I realized he seemed to be doing just fine since he's able to say, ""I love you"" to this new woman and talk about moving in with her at some point soon. I just couldn't stand the thought of looking at him during dinner knowing that he had a new girlfriend. He kept telling me, ""it just happened"", ""give her a chance"", ""it's my life and I can do what I want"", etc. 

My dad was always verbally abusive towards me and my mom, so I've literally spent my whole life walking on eggshells not to upset my dad. My mom always used to protect me from him and keep him in line, since he always called me the worst daughter in the world. We didn't talk for the month between Thanksgiving and a few days before Christmas. Obviously I needed time to cool down. I called him and texted him a few times during that month, but he ignored all of my attempts at contact.

In that month, I learned that people have a lot of opinions about this subject. Some people say it's way too soon and agree with me and others say that what I did was awful and to just let my dad be happy.

I decided to be the better person and invite him to Christmas Eve dinner, and then he drops it on me that the only way he'll go is if I invite his new girlfriend. I wanted us to all be together since it's the first Christmas without my mom, so I reluctantly agreed. I just sucked it up and pretended to be nice to this woman while my dad kept comparing her to my mom, and then saying he wasn't comparing them when I pointed out that he was.

Now that the holiday's over, I kind of feel like a jerk, but at the same time, he's always been awful to me. I want to cut contact with him, but at the same time, I told my mom before she passed that I'd try to get along with my dad, but it's so much effort. 

AITA?

&#x200B;

&#x200B;",12,25,3,8,1,48,0.3125,0.6875,0.6-0.7
aau76q,AITA: punched a cop more than I probably needed to,"I’m (24f) hearing impaired. I have an Auditory Processing Disorder (APD), which is something like dyslexia for sounds. Everything sounds jumbled unless I’m super focused, and sometimes even then I can’t sort out spoken language from things like road noise. If you’re curious about what it’s like, try downloading one of those free “Speech Jammer” apps where they play sounds into your ears with one on a slight delay. It makes speaking and understanding quite difficult for me.

That being said, I was walking in a poorly-lit parking lot toward the Walmart. I normally turn to look at my truck when I press the keyfob to double check that I locked it (the rear lights flash.) But, I had already walked too far away from my vehicle and the fob didn’t make it flash. I knew I would just worry about whether I’d locked it unless I doubled back to check, so I started back to be within range. 

There was an officer in the parking lot. What it probably looked like to him was that I was walking toward the Walmart, saw him, and turned to run to my vehicle. In reality, I didn’t notice him, turned for a totally different reason, and then jogged the ten yards back because I’m a big worrywart. 

He apparently called after me and announced that he was a cop (So his lawyer said), but I had no clue. The parking lot is by a major road, so there is a lot of traffic noise. 

He caught up to me and grabbed me by the arm and pinned me against my truck. It being a parking lot at night, I assumed the worst. I yanked my arm free, and haymakered like my life depended on it, catching him in the temple. I really rung his bell, because he slumped against the tailgate.

I was terrified and in fight mode, because at that point he’d also totally have the grounds to shoot me since I’d punched him. 

Here’s where I’m morally conflicted: I was able to see that he was a cop and that I had already injured him, but I hit him five more times in the head. I’m opposed to violence outside of sport or self defense, but I knew he’d possibly pull his gun. In total, I gave him him a bad concussion, broke his nose, and fractured his eye socket. 

I called an ambulance and supported his neck until they got there.

The whole thing ultimately got settled out of public court. There was footage in the parking lot that very clearly showed him handling me roughly. Plus, I’m disabled, so I’m sure that would have looked really bad for the police department. 

He privately apologized to me a few months after the incident. 

I know the whole ordeal probably would have gone down a lot differently if I weren’t a tiny white lady...

I still feel bad about the amount of damage I caused. He now has some memory issues and had to retire early. Like, I generally dislike/distrust/loathe police, but I still hate the idea that I harmed someone more than I probably strictly needed to. 

TL;DR 
I don’t hear good, and a cop thought I was running from him. He grabbed me, and I punched him in the head. I was afraid of being shot, so I punched him more and now he has memory problems. Am I the asshole for having continued to hit him? 
",19,43,1,1,2,64,0.3125,0.6875,0.6-0.7
b9uxl7,AITA for loudly shaming someone for their poor hygiene during a Magic The Gathering event?,"I was playing MTG a couple weeks ago at the card shop with my friends and about a dozen other people like I always do.  After the first round my friends and I all noticed a pretty foul body odor.  I get that MTG players have a stereotype of bad odor, and sometimes someone might have a little funk but this was pretty nasty.  We eventually found the source and it was a guy who nobody really talked to much.  He just came, played, and left each week.  Well we tried to ignore it since he had never had this issue before so I just assumed a freak occurrence.  It was gross, but we got through the night just fine.

Well last week we went in for games and the moment he got to the tables we all recognized the same stench as the week before.  At this point I went to the owner and asked if he could say something, but he refused saying we should just try to ignore it.  Well after a round of play it got so bad that my friends and several other players were stepping outside between games just to get fresh air away from him.  I finally had it and before the next round started I loudly announced to everyone

""to whoever didn't bother to take a shower today or even this week could you please do us all a favor and learn basic hygiene.  This is disgusting and you should know better.""

Everyone went quiet and the guy in question finished his game quickly left the store.  While everyone initially seemed to appreciate what I'd done the owner gave me a few dirty looks as did a few other players.  One even approached me after the tournament and told me that was a cruel way to handle the situation.

Was I wrong to do this?",108,57,25,3,3,193,0.689119170984456,0.689119170984456,0.6-0.7
aif5qg,AITA for refusing to allow my nine year old to change her last name?,"My nine year old daughter carries my last name and wants to legally change it to include both of her parents last names. A recent change of law where we live makes this possible. The other parent and I are separated and they also want this change.

Am I the the asshole for having refused to sign the name change application during a year or two and not wanting to sign it until she gets older? I have no rational argument for this decision, some vague feeling she's too young but I can't say that I believe it would hurt her, even if she would regret the decision later on.",34,14,2,2,3,52,0.6923076923076923,0.6923076923076923,0.6-0.7
ajcopt,AITA for getting annoyed at my mum for not trying to learn the language of the country she has lived in for 20 years?,"So I (19F) just got into an argument with my mum (47), and long story short it all started from when I made a comment about how her and my father can barely speak English, despite having lived here for 20 years. 

What started off as something I said in passing blew up into something which led to an explosive argument and lead to me storming off to my room. You see here’s the thing, she was complaining about how it’s so easy for people who live in England and speak English to get their way and sort out their problems. I then said maybe if she had actually put in the effort to learn the language and the customs of the country she lived in, she could effectively sort out her problems too.

Here’s what she said, that there’s no need to ‘waste’ her time to become more educated or learn the language of a country she doesn’t see her self staying in for long. She also proceeded to talk about how she is a mother and doesn’t have time to invest in learning the language. 

Right. Okay. That doesn’t make any sense. 

She then said she doesn’t want to become educated, or learn about other cultures or customs and just wants to focus on religion because she’s an old woman.

I then remembered something she used to preach about all the time when I was a kid, about how the prophet once said that people must be knowledgable and educated in the lands they live in and in general. 

Suddenly she shouts at me, calls me and animal lmao and says my arguments are ‘invalid’ and I need to fix up? 

I just walked out, my last words being,  ‘you know they say being unreasonable comes with old age.’ 

AITA for trying to encourage my mum to educate her self and getting annoyed at her unwillingness to do so? 

I’m not crazy right? ",64,153,24,45,8,286,0.3076923076923077,0.6923076923076923,0.6-0.7
au1gpb,AITA for sending a rose to a straight guy?,"Some quick context: I am a homosexual 17 year old guy. I came out of the closet about two years ago in a pretty liberal country. Virtually everyone in my area accepted it.

When I told my classmates that I like men, noone really had a problem with it except this one guy, who was really shocked. It was the prankster of the classroom and was into football, which made him behave a tad macho. He told me that he had difficulties with me being gay, but liked me as a person so he would try to get over it. I said I respected that, we made a lot of jokes about it, we talked to eachother sometimes and untill he changed class, we had regular contact.

This valentine there was an event at our school that made it possible to buy roses for people you liked. You could send them and write a little card attached to it that said who it was from and a reason why you sent it. I send some to a few friends and decided to send one to that guy too as a prank. I wrote my name on it and a little heart.

I always used to joke with it a tad, but have told him many times that I could never be into him, so I thought it would be a good prank. He apparently didnt think so.

When I was walking past them that day, his entire friend group was staring at me. I asked (already laughing on the inside): ""Did you like the rose?""
He exclaimed ""So it was really you?!"" And I laughed loudly and walked away, signaling that it was a joke. I didnt see him again that day (school was ending at that time) and went home. The next day everybody in that clique was staring at me again. When I went away I heard someone whispering ""dirty faggot"". Some friends (who thought it was a hillarious joke) also said they heard them insulting me loudly in frond of a lot of pupils.

I honestly don't care about the insults. I have heard worse and have quite a thick skin, but it made me realise that maybe I crossed a line.

So AITA?",12,41,7,2,0,62,0.3064516129032258,0.6935483870967742,0.6-0.7
az05na,AITA for being upset that my wife intentionally let my sister-in-law see me naked?," 

This is a very long story so I will try my best to make this as concise as possible.

1. My wife (21F), her sister (18F), and I (23M) had plans to go see a movie tonight.
2. My wife and I slept in and got up last minute to get dressed for the movie.
3. My wife went to use the bathroom to take care of the monthly hygiene (she got her period today) while I made the bed and picked out some clothes.
4. I went to the bathroom to take care of my hygiene and found my wife on the toilet attempting to clean her newly blood-stained pajama pants; as I walked in she told me to get out while she finished cleaning.
5. I continued into the bathroom and thought nothing of her being in there taking care of what she had to (my wife insisted in the beginning of our marriage that we should be comfortable with both of us being in there at any time).
6. As I got ready she continued to tell me to get out so I told her that she should use the guest restroom to clean her clothes; shortly after that she stormed out, soiled pants in-hand.
7. I undressed and thought nothing of her storming out, hoping she would cool down by the time we had to leave.
8. My wife finished cleaning up and getting dressed fairly quickly and walked past the wide-open bathroom door (which is right beside the front door of the house) muttering that I should close the door or ""they"" would see me naked. I thought nothing of this and did not close the door as we live near a high-traffic area and figured she meant cars passing by may see me naked as she opened and closed the door to get out.
9. My wife came back inside, shut the door behind her, and walked past the bathroom.
10. I hear her walking around but pay no mind as I am focusing on getting ready ASAP.
11. I hear the door open and figure my wife has walked outside once again, but I am caught completely by surprise when I hear my SIL's voice (I did not know she was getting dropped off instead of us picking her up) then see her through the bathroom mirror which can easily be seen once you walk into the house.
12. I realize my SIL has a direct view to my butt-naked backside and my front through the large mirror.
13. I immediately become as embarrassed as I ever have and hear my wife cracking up while my SIL embarrassingly states that she did not see anything.

I became very upset as my wife stated that she intentionally left the door open and was hoping my SIL would see me naked so I could see how it felt (her words). My wife was laughing and found the whole thing hilarious until I cancelled the movie reservations. Soon after I made the cancellation she became very emotional and began to cry and call me a some very cruel things. I've become accustomed to her calling me names when she is angry but I became more upset when she began to recite her latest trend of saying she wishes she had listened to other people, had never met me, fell in love, or married me. 

She said she wanted an apology or would leave to her mom's.

She left.

AITA?",30,33,45,0,2,108,0.6944444444444444,0.6944444444444444,0.6-0.7
atlhsz,AITA To Expect My GF to Cook & Clean at home?,"I'm M27, She's F24. Been together for 2 years and living together for about 3 months now. Before we moved in we agreed that she would do all of the cooking/cleaning and taking care of my place since she doesn't work and is trying to get an online business started from home. Because she isn't bringing in an income I agreed to pay the entire rent while she gets her business up and running. She thought this was a good idea and agreed to do all the cooking, and cleaning. I don't really eat breakfast, so I usually just get coffee or some fruit but she did pack me a lunch daily and had dinner ready when I got home at around 6ish. We'd usually eat out like once or twice a week so she's not cooking every single day, but most I guess. 

About 3 weeks ago she said she didn't want to cook anymore and said I was treating her like a slave making her cook and clean all day. I just said well you live here rent free and you only clean maybe once a week and cooking doesn't take up all of your day and she got super mad and called me an asshole. She asked me to start cooking but I'm so tired/stressed from work I don't want to after and she's at home all day.

AITA?",28,66,7,14,9,115,0.30434782608695654,0.6956521739130435,0.6-0.7
b2aopv,AITA for not apologizing when my toddler mistook a stranger for me?,"Today I was at the store with my 2 y/o daughter. She's a really good kid , so I rarely have to apologize for something she does or my bad parenting decisions. I often get compliments on how well behaved she is and her calm temperament, but make no mistake, she is still a toddler, so we have our moments.

We are at the checkout line and we are 2nd in line. They're two cashiers next to each other at a counter, so there is a lady in front of me (lady #1) and another lady in front of me (lady #2) , but off to the right a bit, maybe 2 feet away from us. My kid is acting up a little and trying to run off from me in the line, but no one has noticed us and no attention is being drawn. I grab her hand and she giggles a little loudly, as she thinks it's funny, then drops her toy she had in her hand. She gets down to retrieve it, but when she gets up she is very close to lady #2, and in that split second she thought she was me and hugs her legs from behind, her head landing between her legs, right under her butt.

I quickly called out my daughter's name to help her realize,Whoa, that ain't mommy. The look on her face when she realized that she was hugging a stranger was priceless and a funny  honest mistake. I'm laughing and herding my daughter back over to me. this lady turns around and she is pissed. She was about 25 and she was giving my daughter a look as if she was a 40 year old slimeball who just grabbed her ass. 

I get not all people like kids and I respect that, but I thought she was going to hit my kid with the look she had on her face. She continued to stay turned staring at my daughter with a scowl of hatred. Now I'm already laughing, but I'm a nervous laugher on top it. So when I see this lady acting like she is about to unwind on my kid, the laughing just continues. The lady then glares at me and I cant help myself.. I keep laughing, but I glared right back. I said nothing. Normally I'm a pushover and very easy and quick to apologize for anything and everything, but the fact that she seemed so offended by a kid accidently hugging her, it almost wanted to make me see red. I hugged my daughter and then looked up at this woman who had the most ugly twisted face at this point and I just smiled and raised my eyebrows as to ask if there was a problem here.

This whole thing lasted maybe 15 seconds, but fuck that time lasted forever. Lady #1then turns around and is now just staring at me and my daughter as well, shaking her head a bit in disapproval. That gets me thinking, wow, did I just make a parenting fuck up that I should have apologized for instead of laughing at this woman and her reaction? So was I the asshole in all of this?

Normally i would apologize at the drop of a hat, but the way this lady looked at my daughter with such hatred really just pissed me off badly. What do you guys think? Did mama bear mode get the best of me? I kinda fear I'm the asshole ",86,40,15,4,0,145,0.696551724137931,0.696551724137931,0.6-0.7
b8lvqc,AITA for paying off my wife's loans without asking.,"Dated for 3 years, and during our second year, she took at 14.99% APR loan on a car. She has been paying more than minimum, and should have had it paid off in 3 years rather than 5. However, one month after our marriage, I paid the whole thing off for her without consulting.

She is upset because I have taken away her responsibility and feels like I constantly get involved and take over financial maters.

Not sure what to do...

Sorry that this isn't as nicely worded or as juicy of a story as most of the top posts. ",16,20,0,17,1,53,0.3018867924528302,0.6981132075471699,0.6-0.7
at8y1x,AITA for serving vegetarian food at my son's 1st birthday party?,"A little backstory, my wife has become vegetarian a few months ago and I have changed my diet to support her. Both our families are meat eaters, and as my sister has young children I sent her the menu weeks in advance to see if it was OK, to which she replied ""I don't think they'd eat any of that, but don't worry I'll get the kids something"". A few days before I'd also made a general remark to my mother that we (as a human race) don't need to eat meat, as she'd asked what kind of food was going to be there.

Fast forward to the day before, my wife and I spent a lot of time and money preparing a wide variety of vegetarian dishes such as pizza rolls and quiche, with other finger foods and snacks. We'd also been planning the party for a long time, getting a cake made, hiring a hall and arranging a soft play for all the kids.

It gets to the day and the whole time my mum is making strange comments to me about the meat industry, asking if we've made our cats vegetarian too, and even goes up to my wife with some chicken they brought, and goes ""mmm tasty chicken!"". All of this was quite rude I thought, but ignored it as we were there to celebrate our son turning 1.

My mum, step dad and sister all come back to ours afterwards to present a gift to my son, where all hell breaks loose. The three of them begin shouting at us about how we are ""imposing our values"" on them and how we didn't give them a choice for food. This all apparently stemmed from my flippant comment about not needing to eat meat, which seemed to have been marinating in their minds ever since. 

My sister's point was that they always accommodate us whenever we see them by preparing vegetarian dishes. My point to them was that the food wasn't the main focus, it was just an extra. The  party was supposed to be about my boy. The whole argument got so bad that my wife was crying and now we don't speak to any of them.

Please let us know... AITA? We're really trying to work out if we were in fact assholes for not preparing any meat dishes. My wife is very much against the meat industry so wouldn't have bought any meat anyway, but they wouldn't accept that either. We didn't realise a 1st birthday party would come down to what food we provided. My wife's family didn't even care about the food.",14,83,22,1,5,120,0.3,0.7,0.6-0.7
atjy2b,AITA for giving my number to another guy?,"I was just at the gym working out and minding my own business. I noticed this guy on a machine next to me but I didn’t think much of it. As I was leaving and walking through the parking lot, a car with tinted windows rolled one down and it was the guy from inside the gym. He asked me my name and if I had a boyfriend, to which I responded yes. He asked if we could be friends and if he could have my number. Mind you, I am completely uninterested. But I’m also a small girl and with today’s weirdos I get paranoid about creepy predators. So these 3 thoughts go through my head: 
1. Do I say no right here and make it awkward?
2. Do I give him a fake number and risk running into him at the gym later and him being pissed?
3. Do I give him the correct number, and politely tell him that I’m not interested in being friends. 

I felt pressured so I opted with with third choice. He texted me within minutes and called me twice, to which I responded “I’m sorry I do not feel comfortable being your friend. Have a good day”. I really don’t think his intentions were bad, but I just didn’t want to have to deal with the awkwardness face to face or risk him getting pissed and abducting me (I’ve been watching too much Ted Bundy documentaries). 

I told my boyfriend immediately and he got extremely angry that I would give my number out to a random guy and thinks what I did was so wrong and hurtful and fails to see my side of it. I need honest feedback because I cannot read between the lines on this one. Am I the asshole?",12,31,3,4,1,50,0.3,0.7,0.6-0.7
b6h4wl,AITA for secretly hoping that I’m sterile so I don’t have to reproduce,"Me and my fiancé have been trying for a child for a year and a half. Thing is, I’ve never wanted to give birth. The thought alone terrifies me. I really want a child at some point but I want to adopt, I’ve always knew that since I was a child. My fiancé, on the other hand, says he wants to raise his own child that looks like me and him. So I agreed but every month when I get my period, I feel relieved. 

A year ago I got severe bleeding that continued for two weeks. According to my gynaecologist, that was a potential pregnancy that my body rejected. She said that it’s different than miscarriage because there has been no pregnancy. It’s confusing but I didn’t ask more questions because the truth is, I didn’t care. I was actually relieved. My fiancé always talks about how he can’t wait for me to get pregnant but I hate the idea. I’ve told him I feel the same way but I’m lying. I told him a few times I wanted to adopt a child at some point and he refused. I myself am adopted and I don’t think my parents don’t love me, quite the contrary - they’ve always given me everything to the point I became quite spoiled. They are the most amazing parents I know so I don’t know how my fiancé can claim that adopted children aren’t ‘your own’ and ‘you can’t love them the same way as if they were your own’.

Since we’ve been trying for a child for quite some time and it’s not happening, he suggested we both go to a doctor and see what’s wrong. AITA for secretly hoping something really is wrong so I don’t have to bear a child? I feel so guilty and selfish but I did agree to carry his child. I just hope I’m physically unable to do it. ",52,25,37,13,0,127,0.7007874015748031,0.7007874015748031,0.7-0.8
axil9y,AITA for wearing vanilla to work despite my coworker’s apparent aversion to it?,"I work at a restaurant with a woman who, when I started working there nearly a year ago, approached me and told me I was going to make her throw up because I smelled like vanilla. Nearly everything I own is vanilla scented (subtly, like lotions etc., not drowning myself in body sprays or anything like that). She told me that she was allergic to vanilla so I apologized and said I would try to avoid wearing it but we rarely worked together anyway before.

I wore it by accident a few times when our shifts overlapped and she was pretty dramatic and snippy about it and would make comments about being sick around me. It came out that she’s not actually allergic, she developed an aversion to the smell during a previous pregnancy years ago (which I do understand happens). I was a lot more sympathetic to the issue when she literally used the word “allergic” but I also understand that it makes her feel nauseous to smell vanilla after her pregnancy.

Now, as of about two weeks ago, we work together every day. We have the same schedule and same days off. When I told her I got full time her response before any kind of congratulations was to tell me that my “vanilla days” were her days off (before knowing we had the same days off). I would have been completely okay with her pulling me aside and politely saying “hey, I’ve noticed you like to wear vanilla scented products and I just wanted to ask if you could please avoid it at work as I have an aversion from a pregnancy that makes me feel nauseous if I smell it” rather than being commanding and rude and dramatic from the get-go.

To be honest the way she’s been patronizing and telling me when I’m “allowed” to wear vanilla rather than politely asking have made me want to double down on the vanilla and wear it harder. I’m not that petty and I won’t do that, but I do feel like I shouldn’t go out of my way to avoid wearing a certain scent just because she dislikes it. Again, I’m talking vanilla scented lotion on my legs and arms applied 12 hours before shifts, not spraying myself down with sprays.

That said, I do understand that someone should not be made uncomfortable in their work place by being forced to smell a scent that makes them feel queasy.

I genuinely don’t know the correct way to handle this. If she had been polite and respectful from the beginning I would be a lot more willing to make changes. In general she tends to be really patronizing and kind of rude to me, and I do have a bit of an inferiority/people pleaser complex so I can be bad at being assertive and standing up for myself. I do want her to understand that she’s speaking to another adult who is not inferior to her in any way. We also just have a weird tense dynamic now and I know it’s because of stupid vanilla.",42,29,26,0,2,97,0.7010309278350515,0.7010309278350515,0.7-0.8
azc0sd,AITA for asking my boyfriend not to bring his children to my birthday dinner,"I have been with my boyfriend (30M) almost for 2 years. He has 2 children  (9 &11) from his previous marriage. He recently moved out of his apartment and lives in a camper which causes him to see his kids less often, at least twice a week. I love his kids, even though I have no desire to have any of my own. I have taken them out and do crafts and interact with them when I see them. My birthday is in a few days and I turn 21. They are all coming to by birthday party this weekend and I plan on not drinking because of it. I had scheduled a dinner for me and my boyfriend  at Benihaha during the week. He and his kids have never been there. I told him about it and said he will have his kids that day and to add them so I did. I didn't see the harm in asking my boyfriend once again today if it could just be me and him because thats what I want to do for my birthday. There was no ill intent on my behalf in asking the question. He then proceeded to tell me that he feels that I don't care about his children, that I'm being inconsiderate, he feels like I'm trying to get him to abandon the kids and it's making him rethink us. He called me and asked for an apology. I honestly don't know what I'm apologizing for. I called and asked if he wanted me to apologize for asking a question or for hurting his feelings, which I know is immature on my end but I'm genuinely at a loss. Everyone I have asked so far has told me not to apologize. Am I the asshole?

Tl;dr- I asked my boyfriend if it was okay if me and him, not the kids, got dinner for my birthday.",15,40,5,7,1,67,0.29850746268656714,0.7014925373134329,0.7-0.8
ad6pxe,AITA For Not Wanting To Pay My Son’s Grandmother to Watch Him?,"Currently deployed, have a son who will be a year old here this month. Stateside his mother lived with me because she doesn’t work and her family lives far away so it’s the only way I get to see my son every day. I provide for them financially in every way. I am sending her money while I’m gone. 

I left fairly recently, and while I am gone she will be splitting time (a few months a piece) between her family and my family so they can spend time with my son and help support her. Yesterday, she asked me if I would be ok with our son being in daycare for half the day M-F so she can go to the gym and work on her esthetician license. Her mom runs a daycare out of the house. I am fine with this as it gives her a chance to have some time to herself and the kid can socialize with other kids. So, I told her I’d be fine with that and then she starts talking about how much it will cost. I said, “I have to pay my son’s grandmother to watch him?” She then says that her mom is running a business and she could have a paying client blah blah blah. 

We went back and forth a little bit and I said I think it’s bullshit I’d have to pay my son’s grandmother to help out taking care of him while his dads deployed and I thought that was the whole point of her going up there. The only silver lining to me being gone is that he’d get to spend time with family and they’d get to spend time with him. It really kinda miffs me that I’d give anything to get to spend time with my kid and I’d have to pay his family to do that. The most frustrating part is I’d honestly be surprised if this was coming from my son’s grandma and not his mom. She’s very stubborn and after saying all this still doesn’t understand where I’m coming from and thinks I just don’t want him in daycare. 

Am I missing something? AITA? How do I get her to understand where I’m coming from? ",33,10,7,7,5,57,0.7017543859649122,0.7017543859649122,0.7-0.8
b86jj8,AITA: I fight over what food we buy at the supermarket because my mom converted to Muslim and says everything has to be halaal now.,"Background:

I'm still very young 14. My brother and I are still Christian as it is what we grew up believing (I feel we have become atheists since we dont go to church and my father who is also Christian we only visit once every 2 weeks) since my mom met her boyfriend she has converted to Muslim for him (this does not bother me). My mom is also vegan. My mother also does not cook we have a helper who cooks for us ( not Muslim)


Main:

I fight with my mother over what we buy when we go shopping. We cant buy bacon anymore even though it will only be for me and my brother (she is not hardcore Islamic we still eat pork when we are at restaurants with her). We dont buy normal meat at the shop anymore we have to drive to a Muslim butcher and buy meat there (dont really care ) . This has become a problem as when I visited my father the food my stepmom cooks taste different. I think it's the difference of the meat as most of what she uses like pork and mixed sausages (my favorite) are not halaal. When I told my mother why cant we just buy meat at the normal shop just for me and my brother she says the halaal meat won't taste different but she doesn't even know as she has been vegan for 3 years now. It also irritates the living hell out of me whenever I ask for something and her first response is 'is it halaal', I understand it may not be halaal but it would just be for me or my brother. She says her boyfriend might find it rude but she never even asked him and I dont see why her new believe requires me to give up bacon.

Example:

2 weeks ago I asked if we can get frozen pizza it's not halaal I told her she then she says no. I asked her why not it would just be for me and my brother she says no louder and gives me a glance (the glance said a lot) I felt like if I asked her agian I would get my ass whooped in front of all the other shoppers.

I'm I an asshole for thinking this way? Or should I just learn to live with this? 

It won't kill me if I have to give up eating pork but it won't kill her either to allow me and my brother to still enjoy it

I love my mother and respect her choice I just need to know if I'm an asshole for feeling like I'm entitled to get what I want

(My first post)
",11,26,3,7,2,47,0.2978723404255319,0.7021276595744681,0.7-0.8
9u1e3n,AITA for telling a preteen that they likely aren't trans and should not self diagnose themselves?,"Posting from an alt because these people know my handle and I would prefer to hear from other's opinions.

I recently got banned from a discord chat. The moderator's reasoning? ""We will not tolerate Homophobes.""

Now, I am banned. I don't have the chat logs to pull up, and this was a semi-private discord, so I don't have a valid key to take an alt into to get them. Sucks, right? Here's what I remember saying, since I do have word opened with my reply and research.

---

Basically, this kid in this server started complaining about the fact that their parents weren't letting them get hormone therapy for being trans. This kid has talked about it before on the server, and from my understanding they have never actually seen a psychologist in regards to this. They just ""felt"" they were trans.

So, I called them out. I started asking questions. ""How old are you?"" (15 she said) ""Why do you want this?"" (Coz itll make me feel better!) ""Have you seen a psychologist?"" (No, but I've heard what it's like and I feel the same way!)

By the time I actually managed to get them to say that last one, the rest of the server was butting in, basically saying that I was a ""complete fucking asshole for asking stuff like that"" and that ""You don't need to have a slip of paper to be valid!""

Finally, I just wrote up one big reply (because at this point I was getting bombarded with people harassing me) which expressed my view. It went as follows:

---

Are you guys serious?

Less than 1% of the population experiences Gender Dysphoria, according to the 2013 Diagnostic and Statistical Manual of Mental Disorders. The highest I've read is an estimated 0.5% of the population according to a 2014 study (1), however, most estimates point to the “real number” being FAR lower than that, often less than 0.1%.

Of those, research shows that most (I've read lower estimates of 60-70%, but The American Collage of Pediatricians states this is closer to 80-90% (2)) will not experience Gender Dysphoria after Puberty. (3) Of the remaining minority, most will have another kind of mental illness alongside Dysphoria.

As I've mentioned here before, I have a mental illness that encompasses 2% of the world population. I have met one other person with my own condition outside of forums, servers, and communities built for people with that condition. So for Gender Dysphoria – and therefore Trans people – to have such a high vocal presence online... It's absolutely staggering. To be honest, to me this means that *most* people who say they are trans, simply are not. It also means that many people, like Hush, are simply going to falsely self diagnose.

From my experience, I feel something else is at work, that some people are lying, or that there are other forces at play – and many researchers seem to agree, often stating that many people seem to confuse other illnesses, simple anxiety, or puberty as dysphoria.

This is exactly why y'all shouldn't be so eager to support <TRANS KID>! This is why I'm asking questions! Because in all likelihood, from what she's told us, <TRANSKID> LIKELY ISN'T TRANS.

Stop linking me to tumblr pages ffs. Read some actual god damn articles and crap on this. Believe it or not, some teenagers online are not the be-all-end-all of how the world works.

(1) Transgender Demographics: A Household Probability Sample of US Adults, 2014.
Crissman HP, Berger MB, Graham LF, Dalton VK
Am J Public Health. 2017 Feb; 107(2):213-215.

(2) https://www.acpeds.org/the-college-speaks/position-statements/gender-dysphoria-in-children

(3) https://www.ncbi.nlm.nih.gov/pubmed/18981931/

---

It got a few middle finger emotes, then it was deleted, I got the message from a mod, and then I was banned before I could reply.

Am I the asshole? Was I right to be banned for this? Am I seriously a homophobe for calling someone out on what is likely nothing more than prepubescent bullshit?",57,23,0,1,0,81,0.7037037037037037,0.7037037037037037,0.7-0.8
b6ktci,WIBTA if I don't tip at a restaurant because of my debt?,"From all the stories I have read, it seems as if the silent rule is to always tip. But what if I'm very tight on budget. A university student that wants to get rid of his debt and is still learning to cook. I've heard many stories of how people are still in debt from school after decades have passed, and I strive to overcome it as quickly as I possibly can. So, even if I'm not living pay-check to pay-check, WIBTA if I didn't tip, or is it always required?",36,13,0,2,4,51,0.7058823529411765,0.7058823529411765,0.7-0.8
b839xr,AITA for wanting to charge homeless people for cups of water?,"I work at a little bar/restaurant next to a train station, and we get a lot of homeless traffic. Mostly, it doesn't bother me. I have no issues with giving away water, letting them use the restroom, having some conversation, etc.

But there is one couple that comes in almost every morning. They pick through the ashtrays for cigarettes, they sink-shower in the bathrooms and always leave a mess, and they ask for 2 cups of hot water every morning for their oatmeal or something. I would like to start charging them for the cups. 

The cups are compostable, so more expensive. Obviously, I'm not the one purchasing the cups, but I feel that they overstay their welcome and take advantage of our hospitality. We have many homeless who come through a few times a week, and I don't mind helping out, but their behavior feels disrespectful to me.

I work the morning shift five days a week. The other two days, another coworker works and always gives them the cups with no problem. So far, I have done the same, but I think at some point we need to do something to discourage their behavior. But maybe I'm being an asshole? I can't tell.",26,15,10,0,3,51,0.7058823529411765,0.7058823529411765,0.7-0.8
9ypl3q,AITA for snooping through my son’s computer and destroying it?,"Hello Reddit,

I have been recently introduced to Reddit and r/AmItheAsshole has helped me pass time and read interesting dialogue and viewpoints. Now, I’d like opinions on a recent decision of mine as I don’t have anyone to go for advice. 

Some backstory:

I’m a single father. My wife had passed away due to a brain aneurysm during her sleep. Following this, my relationship with my son had began declining as he was never as close to me as he was his mother.

During the sophomore year of high school, my son was called into the office for making sexual remarks to a fellow female classmate. After hearing the principal discuss what had happened, along with the witness statements of those who saw my son doing this, I was extremely disappointed, but figured it was partly my fault for not being a stronger role model to my son.

I doubled down and grounded him during his suspension. This included no electronics and the required him to come straight home after school for 2 weeks. He immediately became insufferable and stomped around the house for a while, but eventually began giving me the silent treatment which was fine by me.

After a couple of months without incident I began noticing my son spending almost all of his time on his computer. I had become suspicious of what he was doing since he began locking himself in the room almost immediately after school, only coming out for food and bathroom use.

One day he had fallen asleep in his room with his PC open, usually he falls asleep at his desk with it off, and I go in to turn off his light and let him sleep there, since he’s quite grumpy when he wakes up.

Now, I’m a huge believer in privacy. But there was something that told me I needed to look at his PC. So, curiosity got the best of me and I had begun scanning the screen. Immediately I noticed lots of foul and sexist language in what seemed to be a chat room. 

After this, I began scrolling up and uncovered numerous comments that came from my son which went along the lines of this.

“Whenever I see her in the halls I just want to pull her into a classroom and fuck her asshole.” 

“Maggie’s a cum devouring whore.”

These comments and views towards women and people in general made my stomach turn. I have no idea where my son developed this ideology but it scared me especially since my younger daughter also lived in the same household. 

I was conflicted on what to do, since I had violated my sons privacy. But I also uncovered some violent and possibly dangerous behavior that I felt needed to be immediately addressed. 

So, I unplugged my son’s PC, keyboard, mouse, and other equipment and stored it deep in my shed.

When he awoke hell broke lose as he immediately began screaming at his little sister for stealing his personal belongings. I quickly spoke up before it escalated and removed my daughter from the room before explaining what I had seen on his PC. 

He began calling me a beta male and said that one of the reasons my wife died was because of my inability to care for her. This alongside the anger he showed towards his younger sister I quickly became very upset and went to the shed and broke his PC, not his other stuff, just the main computer. 

My son shrieked the entire time after discovering what I had done. After around 20 minutes of screaming he finally went into his bedroom where I don’t know what he’s doing now.

I’m very conflicted as I had always thought I was raising my son right, but I have no idea where these ideas came from that are influencing my son. I think it may be a friend group from school or strangers online.

I don’t know what to do, and don’t know if I made the right choice. Should I stick to my guns or should I apologize? I have no idea, but first I guess I have to ask.

Am I the Asshole here?

Am I the asshole?",12,29,0,0,0,41,0.2926829268292683,0.7073170731707317,0.7-0.8
atesex,AITA for being mad at my brother for destroying a Confederate flag my sister inherited?,"For context my brother D is the oldest child, my sister H is the second and I am the third. My brother is an overall pretty hard to get along with person, he has a way of turning any event miserable. But when he isn't being grumpy he's pretty nice to be around and have conversation with. 
My brother and I both moved away from out hometown to the nearest city, and we came home to visit over Christmas break for obvious reasons. While at home I stayed at my dad's house on the couch, and my brother and his GF in my sister's old bedroom since she lives with her BF now. My sister has a very old Confederate flag that was used in battle (from what I've been told- and it looks like it) hanging over her bed. She received this flag from her best friends grandmother when she passed, and before that it belonged to her grandfather who were both very near and dear to my sister. This was the only item she had to remember them. 
Now, to touch on the subject, we live in northern USA and in no way, shape, or form support the Confederacy.. but this is more of a personal momento in my opinion. She would never display it publically, it was in her bedroom that she doesn't even sleep in anymore. 
While we were home for Christmas I walk in the room to see my brother and notice the flag is missing. I instantly know D went ahead and made some bold statement about how racist she is to own something like that and got rid of it.... Low and behold, I look in the trash and hidden under a bunch of bags is the flag torn to shreds. I collected it and folded it as best I could and hid it somewhere else he would never look at. I don't have the heart to tell her. I told him he’s an absolute ass for doing that to her and he doesn’t think what he did is wrong. ",8,46,13,5,1,72,0.2916666666666667,0.7083333333333333,0.7-0.8
adic58,AITA for saying that somebody deserved to get in a car accident if they drove too fast?,"BACKGROUND:
Some guys from my city got into a car accident on a new year's eve, 20 minutes before midnight. Two died and one is still in artificial coma. They were driving too fast for their experience (the driver had driving licence for 1 week)

When I was talking to some friends about this I said that they deserved to have an accident if they didn't obey the rules (some say that they were driving around 130kmh through the village). My friends were disgusted and said that I should not talk about this like that. Am I the asshole?",29,12,3,1,2,45,0.7111111111111111,0.7111111111111111,0.7-0.8
b73wt7,AITA for how I reject guys interested in me?,"My friends seem to think so. I'll describe two instances.

On one occasion, I was at a coffee shop reading The Trial by Kafka, minding my own damn business when a guy sits down at the table with me. I ignore him. He starts praising Kafka and says he didn't know any girls who were interested in that sort of thing, how I must be ""different"". Um, excuse me, wtf? Kafka is an extremely well known author, I literally read Metamorphosis in high school. That's a huge pet peeve of mine, freaking people who act like the well known authors they stan for are actually niche and obscure that only misunderstood geniuses like them appreciate. Fuck offff with that. So without ever saying a word to him, I got up and left the shop. He followed me on to the street saying, ""wow, are you serious right now? What's your problem?"" Then he called me a turbo b!tch and went back into the shop. Who does that? Just sits down at a table where a person is reading and starts talking at them? Weird.

Then on an unrelated occasion, I was walking around downtown playing Pokemon Go. I was doing a raid at a park when a Male avatar enters the lobby. Eh. It was a level 2 I could have easily done on my own. Anyway, we win of course and this guy approaches me saying I should thank him for ""helping"" me. Excuse me, sir, but I'm a level 36 and he was lower than that, if anything, I helped him. Still, we each could have beat the raid solo. (Btw, I did almost twice as much damage, js) Anyway, he tries to engage me in conversation in the most pretentious way possible and does not get the hint I don't want to talk to him. He's literally following me at this point as I'm ignoring him and trying to play. When I see it, a city bus approaching. I know the bus system in my city like clockwork, it was the number 9 and knew it would make a stop at the stop about 50 ft away from my position. There was one person waiting already. Anyway, so when the bus stopped, I took off at a dead sprint, got on and rode it up to Meijer, transferred and went home. 

My friends say I'm wrong for this. I don't see how. Both times I was trying to mind my own business and was very rudely intruded upon. I don't know these people, I owe them nothing. My sister told me I'll never get a boyfriend if I keep this up and that's just fine with me honestly.",6,36,9,1,0,52,0.28846153846153844,0.7115384615384616,0.7-0.8
amebzi,AITA for aggressively demanding an apology from my wife?,"I was coming back from a date with my wife and she found a tongue ring in the center glove compartment. She very calmly accused me of cheating on her. I tried to tell her that she should trust me because we have been togetherfor 12 years and she should know i would never risk our relationship or our family.

Meanwhile i took a pic of the ring and texted everyone who had been in my car in the past few months who could have lost a tongue ring in my car.

An hour later i got a text from my cousin who recognized it and said it was hers. So i said fuck! (out of relieve more than anything) then i held my phone in front of her and i said without raising my voice Apologize! Apologize! 

We didt talk again till this morning and she is actually angry at me and says she has nothing to apologize for.",16,13,19,1,1,49,0.7142857142857143,0.7142857142857143,0.7-0.8
ap48zu,AITA for getting mad at my boyfriend who told me that men prefer engineering more than women,"My boyfriend often suggests that “in a first world country, given the choice between engineering and any other profession, women don’t choose engineering”. He sent some article that apparently proved the stats of this. As someone who is doing a masters in engineering and having seen a lot of sexism in my workplace, it irked me a lot. Maybe what he is saying is true, i don’t even know if it is, but I’m sure there are more reasons to why women may not have chosen engineering than just not liking it. My boyfriend and I have talked about this several times and each time it ends with me having a headache and being flustered about it. Yesterday I got really mad and I told him that what is saying is too extreme a thought for me to tolerate. AITA  for getting mad?",16,27,0,13,2,56,0.2857142857142857,0.7142857142857143,0.7-0.8
b1vxpr,AITA For Not Involving My GF in a Large Purchase I made?,"I'm 25, she's 23 and we've been together for about 2 years and living together for 1 year. I had a hectic year at my job and it was stressful as fuck, I make amazing money about 250k last year and wanted to get something for myself. I bought a vintage rolex for about 15k CAD, as a gift to myself and I picked it up yesterday and when I got home I showed it to my GF and she was super pissed, she said why would I not tell her about this, why did I not involve her etc. And was even more mad when I told her how much it costs, she called me an ass for not telling her about it or anything but I didn't think it was  big deal. I think it may have to do with the fact that she makes like 50k a year or something. 

AITA?",15,43,3,2,4,63,0.2857142857142857,0.7142857142857143,0.7-0.8
b01dty,AITA for leaving my (20M) date (20F) after she arrived at the diner with her child,"So I am a college student, so is this girl. We met on Tinder and have been talking for a month or so. She said she didn't have an Instagram but did use Snap.

Anyway, fast forward to just a few hours ago, we met for the first time (we were both looking for a relationship and not a hook up). She is beautiful, smart, and charismatic. She had a very nice body too, although in some of her photos she had a 'weird line' down her abdomen that I figured was inappropriate ask about as I only knew her for a month.

So, we had plans for dinner tonight at a local diner. I got there before her, and went to a table. About five minutes later she comes. I was confused as I could almost 100% guarantee it was her but was like ""it can't be because this woman has a child"". Then, she comes up and says ""Jack?! Hey! It's Melissa"" I kinda nervously said ""hey.."" in a confused way. At first, I figured maybe she was babysitting or this was her unmentioned brother and thought wow she really is into me for still keeping our date (I don't mind kids as I am an elementary education major). Nope.

She said ""This is Mike, he's my son!"" I was shocked. I just looked at her and she said ""Yea, hes my bundle of joy. Had him at 18"" I said ""Are you serious?"" and she was like ""Yea!! But it's no big deal, if I put him on his iPad he wont make a fuss, and, by the way, sorry for never mentioning him! Sometimes things get hectic in my life""

I just stood up, looked at her and said ""I'm sorry, I don't think this will work out."" She was like ""..oh, but I really like you"" and I just said ""Im sorry"" and left.

Now, part of me feels dickish because I have never done that to a girl and try to hold respect for them, but I felt 

1) totally lied to 

2) betrayed (in a weird sense). I wanted to start my own family some day with a woman who hasn't had kids. Obviously if I was in my late 30s or 40s I would expect it, but I am just a college junior.... plus, I don't want to take on a 'father' responsibility should our relationship get serious over the next 2, 3 years

So, Reddit, AITA?",20,206,66,14,1,306,0.28104575163398693,0.7189542483660131,0.7-0.8
anodbb,AITA for getting an abortion without telling my boyfriend?,"First of all, no, this is not a friends with benefits or hook-up situation. I have been in a committed relationship with my boyfriend for two years, and we recently moved in together. We’ve always been pro-choice but have agreed that if I ever got pregnant, we’d keep it.



I guess some things are easier said than done because when I found out I was pregnant a month ago, I immediately knew I wanted an abortion. I scheduled one for the next day and just got it over with without telling my boyfriend. I didn’t feel like dealing with telling him because I knew he’d be upset and try to make me keep the baby. It’s not a good time for us to have a baby, as we are both in college and would most likely both have to drop out. I also know that if he’d known, he would have felt extremely guilty about it (he had a very religious upbringing). Anyway, I don’t think he should have any say in the matter because it’s not him who’d have to carry and give birth to the baby. All he did was donate the sperm.



I planned on just not telling him and putting this behind us, but unfortunately he saw some texts from my sister about it. He freaked out at me, yelling about how I murdered our baby and didn’t tell him (all the stuff about murder surprised me, but he did have a very religious upbringing). I calmly told him that this was my decision and I had no obligation to tell him. He said he had father’s rights and again said I was a murderer before storming out. He’s been staying with his brother for the past two days, and we haven’t communicated since then except when he asked when I’d be at work so he could pick up his stuff.



I know reading this post probably makes me sound extremely cold, but I do love my boyfriend. I just think what I did and keeping it from was ultimately in both of our best interest. This clearly was not the right time to have a baby, and I didn’t want to make him carry the burden of knowing I’d had an abortion. We are both 22 if that matters.",41,21,13,0,1,75,0.72,0.72,0.7-0.8
a3vjz3,AITA because I want to give back my adopted son?,"When my husband and I found out that I’m infertile we decided that we would still have children somehow. Given my medical issues, in vitro wasn’t really an option. My husband wanted to try surrogacy but in the end I pointed out that there are so many unwanted children in the world that perhaps adoption was the most selfless route. 

It was a long, difficult road but we finally were able to adopt an adorable little boy from Haiti. 

He was three when we got him and he’s six years old now. From the outset, he’s been prone to violent tantrums and he’s getting stronger. He’s grown so destructive we had to strip his room down so that it’s just the bare essentials. 

We have tried being firm, being soft, giving discipline, giving positive reinforcement, ignoring, being attentive. He’s been working with a therapist for the past year and a half. He’s actually fairly well behaved there. 

At home and school, it’s a completely different story. He’s only in first grade and already at risk of expulsion. He’s kicked his teacher. He used play scissors to cut a little girl’s ponytail off when her back was turned (now he’s lost all privileges to use them). He flooded the toilets by flushing his own clothes. 

What’s worse is that I don’t think he feels anything for me or for my husband. He behaves slightly better than my husband than for me but my husband is naturally loud and boisterous, even when he’s not angry,so maybe that’s intimidating. But with me, it’s just a nightmare. I’ve been punched, spat on, kicked, slapped, clawed. All by a child that I do everything for. He can be very calm and sweet but he turns so quickly. 

Although he’s somewhat better after therapy, it doesn’t last long. He’s been diagnosed with reactive attachment disorder, and unfortunately it’s not something that can really be cured. 

I’m trying to talk myself out of feeling this way. Telling myself that good people don’t consider what I’m considering. I’ve visited all kinds of parenting blogs and mommy forums and adoption subs (including the one here on my alt account).

I’m just exhausted emotionally and physically. I guess I’m here because of my masochistic tendencies. I welcome your honesty. ",62,141,3,27,5,233,0.27896995708154504,0.721030042918455,0.7-0.8
b2kd9n,AITA for not wanting my mother-in-law to live with us after my wife gives birth?,"I am 35, my wife is 32. We have been married for 11 years and have 2 daughters, 10 and 6. She is currently 4 months pregnant with twins.

I am an engineer for a hydro company and work 8-4 each day, 40 hours a week and sometimes overtime. My wife works full time as a nurse consultant for a pharmaceutical company.

But otherwise she takes care of the house, the kids, and also does the cooking. I tell her she’s doing a LOT of work for someone who is pregnant with twins, and suggested that she take maternity leave early (she originally planned to leave around 7 months). I also suggested that she should think about staying home with the kids and maybe working from home after the birth of our twins. 

She felt insulted by my suggestion and said she wouldn’t feel right, not working and just staying at home. I told her I earned enough for both of us and she should just take it easy. She was originally planning on having her mother come and take care of the kids and babies while she went back to work after a month or so. She told me that her mom is planning on staying “indefinitely” and “thats how its done in my family”. I know that after her mother gave birth to her sister, her grandparents literally moved in with them for 10 years, helping to raise the both of them while her parents worked.

I’m not okay with this idea because although I like my MIL (57), I wouldnt feel comfortable having her live with us, especially for an indefinite length of time. I also don’t like the idea of my wife continuing to work while pregnant. I don’t want her to go back to work as soon as she gives birth. I just want her to be there for the kids.

I don’t want an outsider interrupting our daily lives. She helped us out for a few months after the birth of our youngest, and there was some tension after a while. But my MIL wants my wife to go back to work ASAP after having kids. I really don’t understand the rush and just want my wife to be taking care of our children. 

I told my wife this and she said I’m being rude and unreasonable for not wanting her mom to live with us. And that with 4 kids, she needs extra help. I volunteered to take paternity leave for a month or so and she said thats a “dumb idea”.

Am I the asshole/unreasonable?",33,10,6,5,0,54,0.7222222222222222,0.7222222222222222,0.7-0.8
au3lgz,AITA for getting a single mother fired from her job?,"This happened about 2 months ago. I have a friend who went to get a check up at my family’s doctor office. He’s a very good family friend, practically considered to be family honestly! Well something happened at the office that made me uneasy.

After his appointment, he gets a text on his phone saying nothing but “hey”

He replies and asks who is this?

It turns out it was the nurse who took his blood and thought he was cute. They start texted and she even sends him selfies... not explicit ones. But definitely suggesting that she wanted to get with him.

This is so illegal it’s not even funny. She got his number from his medical record because she thought he was cute? He trusted me and told me everything and showed me the texts.

Because she was a single mother, my friend and I made a deal. The deal was he tells her that she needs to never do that again and he’ll just drop it. 

A week goes by and I ask him, “...did you tell her?”

He didn’t tell her. 

So I told the people in charge of the office and she was fired within 30 minutes. 

Am I in the wrong here? Can’t the office be liable for things like this? Thankfully it was my very good friend she did this to and not just an average patient!!! Does this make me an asshole?",16,50,3,0,2,69,0.2753623188405797,0.7246376811594203,0.7-0.8
alggr8,AITA for not proposing to my fiancé in the same place both sets of her grandparents and parents got engaged?,"I'll get this out of the way, I feel like an incredible asshole here, but maybe it's one of those things where she's overreacting a bit. I honestly don't know and maybe it doesn't matter because we have to move on one way or another. 


So backstory on this, fiancé grew up in smallish mountain town north of Albuquerque, NM as did her parents and both sets of grandparents. Both grandparents got engaged in the town plaza because it was sort of the thing to do back in the day. Her parents also got engaged in the plaza but in a much more informal ""hippieish"" manner in the 70s, but it was still the same location. 


When we seriously started talking about marriage she told me flat out (to paraphrase) ""I don't care about the ring, I don't care about you asking my dad for 'permission', I don't care how much you spend, what time of year it is or if it's freezing outside; I want you to propose in the Taos Plaza."" I was like cool...I can do that. 


So we've been talking about rings for maybe the last six months and I finally bought one that I feel definitely fit her personality. I stupidly told her best friend and best friend told her. So last weekend we decided to spend the weekend in her hometown skiing. As the weekend came to a close I could tell she was getting antsier and antsier but it honestly didn't clue in what the deal was. As we drove past the plaza on the way back to Albuquerque she even said ""he look, it's the plaza...we should stop!""


Because I'm an IDIOT it didn't clue me in what she was talking about and I was the good computer engineer and said something like ""no, no we have a schedule to keep, work tomorrow!"" So the whole way home she was that kind of like mad/sad and wasn't really talking to me. I figured she was tired and didn't make much of it. 


So next day I saw her best friend at work (she works with me) and she basically said that I really blew it because girlfriend was expecting me to propose on the trip. In an a-ha moment I was like that's what she was mad. So I took her out to a nice dinner Tuesday night and got on one knee and proposed to her in a restaurant. She said yes  but I could tell she was still really upset. I asked her what was wrong and she very openly told me (again paraphrasing) ""I love you and want to marry you, but for almost a year and half I've told you I want one thing and one thing only from my proposal and it's goin to take me a long time to not be upset that you didn't listen to me."" 


So the moment that was supposed to symbolize the start of our new life together ended with her taking most of her food home in a doggy bag, leaving to her apartment by herself and her telling me ""I really love you, but I'm really upset and I need some time before I see you again"" and kissing me on the cheek. I know she'll come around but I don't know when. 


So I full on acknowledge I'm an idiot, but am I an asshole?",70,20,4,8,2,102,0.7254901960784313,0.7254901960784313,0.7-0.8
acgmu8,AITA for changing the locks on my 23 year old sister and kicking her out of my house.,"In May 2013, my husband and I agreed to let my then 18 year old sister live with us while she went to college. We are both 10+ years older than her and worked two jobs while going to school so we know how hard it can be. We told her she had five years max to get a degree and move out. No rent or utilities were ever charged, she just had to buy her own her personal items like toiletries and snacks. A year ago she informed us that she would not be graduating before the five year mark so we gave her 6 more months til Jan 1st 2019. She did graduate in December!!! However she is still here and avoiding us at all cost. Locking herself in her room, ignoring our repeated knocking on her door/calls/text, and sneaking in and out the back door. She hasn't spoken to either of us in 3 weeks. I don't think she has any place to go or any money saved but at this point I don't really feel sorry for her. I feel like I'm being used. I've called and made an appointment for a locksmith to change the locks on Mon. My family says it's terrible to just kick her out but none of them are willing or able to take her. Even my friends are saying I can't kick my own lil sister out on the street. Everyone says to give her a few more months but we already extended the deadline once. 

TL;DR Agreed to let lil sis (23 now) live with my husband and I for free for 5.5 years until 1/1/19. That day has passed and she is still here and avoiding us.  I have scheduled to get the locks changed on Mon. Do you agree with my family and friends that I can't kick out my own sister? AITA?",4,31,8,1,2,44,0.2727272727272727,0.7272727272727273,0.7-0.8
ax0eou,AITA for pushing a mentally disabled child in self defense?,"So I wasn’t defending myself, it was my dog. I was walking my young cavachon and we had stopped in a park to rest. He was still attached to the lead, and there was no signs forbidding dogs coming into the park. A severely mentally disabled child approaches me and reaches towards my dog. My dog is not good with strangers (only men for some reason, god knows why) and he jumps back. I start looking around for the kids mom but there’s about 50 different white women and I have no idea who to look for, so I take my dog and sit at another bench. The child follows, and I’m beginning to get annoyed so I decide to leave. He then suddenly pets my dog from behind which spooked both me and my dog. Eventually, he started squeezing him and my dog started yelping. In fear for my dogs safety and the kids (in case he tried to bite) I pushed him, unsure of what else to do. He fell back (not my intention) and bursts into a fit of tears. His mother appears out of nowhere and starts inspecting him and holding him. I get dirty looks from all angles. I know the kid had no idea what he was doing, but I still feel I had to stop him before the situation escalated. Am I the asshole?

TL;DR I pushed a disabled kid who was hurting my dog (unintentionally) and he fell and cried.",5,31,7,1,1,44,0.2727272727272727,0.7272727272727273,0.7-0.8
b0xl6m,"AITA for not wanting to date my Special Ed classmate, then telling him off for asking me out?","First post, and on mobile, so sorry about that! Also this story is long, but I'll try to keep it short.

To sum up the 'special Ed"" part, this guy's been in special education class for most of his life and was put into normal classes only recently. He has trouble controlling his anger and doesn't always understand the flow of conversation, meaning that he sometimes cut people off, regardless of whether they were talking to him or not. He also says things that are very private or embarrassing to others and thinks it's funny. I find it annoying, but I know he can't control it.

I had a boyfriend at the time, and I told him so. Despite this, he proceeded to ask me out. I played it off as a joke and rejected him as softly as possible. He didn't take it very well and was pissed. I tried not to think much of it for the rest of the day.

I later broke up with my boyfriend for reasons that could probably be given its own post. As soon as this guy hears about it (same day) he asks me to homecoming. I tell him no, this time explaining that I just wasn't ready for a relationship and that I didn't want one. Didn't take that well either and started to cry. One of the staff had to take him because he wouldn't get up when the bell rang.

About 2 weeks later he asked me out a third time, and I was so done with it. I exploded on him, telling him to stop asking me and that I would never date him. It was so mean and harsh, I know, and I feel bad looking back on it. He was furious and left.

He still tries to talk to me and once started to ask, but I stopped him and left.

Was I too harsh? Should I have given him a chance?

AITA?",9,29,3,3,1,44,0.2727272727272727,0.7272727272727273,0.7-0.8
aqhp3u,AITA For calling my husband a stupid piece of shit?,"A little background, I was swamped with tons of work today and asked my husband if he would be able to clean our gecko’s cage as she had pooed today. He proceeded to do so and an hour later I decide to take a break and lay down on our bed. Only I can’t nap because of a REALLY STRONG smell of shit. So I look over and there’s a pile of my freshly washed intimates that he’d thrown on the bed to sort later. I think “holy crap, did I leave skid marks or something on these??” I go to sort threw it but stop when I realized what it was. He’d grabbed the cage liner and left it on my clean underwear and a pillow. I’m horrified and ask him why there’s gecko poop on our bed. He can’t answer me, just apologizes and grabs the liner and throws it away in our trash bin. As a germaphobe, I just sit there shellshocked. He comes back and starts putting the underwear up in my drawer and I scream at him because:
1) He didn’t wash his hands after he touched the big fat poop.
2) Now the rest of my underwear has gecko poop essence on it. 
3) Gecko is in quarantine until she’s clear of Giardia. So it’s not even a solid #2 

After I yell at him, I grab everything off the bed and from my drawer and throw it in the washer. He’s now in the other room acting hurt. I can’t understand why a rational person would just nonchalantly throw poop on their bed. On the pillow they put their face on. The underwear that cover’s their wife’s goods. He doesn’t go to school and he hasn’t had to go to work in 5 days. Meanwhile I’m here doing 16 hours at school and working 2 part time jobs to support us. I just don’t understand how someone can be so non-functional. I’m trying to formulate an apology but I honestly can’t because I’m so disgusted I want to cry. It was really big and messy poop that had soaked through the liner. 
",101,54,60,6,3,221,0.7285067873303167,0.7285067873303167,0.7-0.8
b5apfl,AITA for asking my boyfriend where he was after he left at 2 AM last night?,"  Last night I was having a lot of trouble falling asleep. At about 2 AM I hear my boyfriend call out my name softly but I ignore him because I don't want to focus and stop drifting off. He calls out again a few more times and I pretend not to hear him. He goes to poke me but I don't move because I'm in too deep now. He sighs and leaves the room. 


  I hear the engine of the car turn on and he leaves in it. At this point I was wide awake and was wondering where he was going. At first I thought maybe he was... I don't know, taking in the scenery in the dead of the night? But then I recall how he made sure I wasn't awake before he took off and it didn't take long before I thought of him cheating on me.


  I intended on staying awake and confronting him when he came home but I fell asleep some time later. Today I wake up and see him getting dressed. I look him in the eye and ask him where he was last night, he froze and left the room without saying anything else. I chased after him and he wouldn't give me a clear answer, said it's none of my business and to stop being so nosy and leave him alone. He said all of that in an angry tone yet he was crying too. I don't know what to think. Was I out of line? 
 ",24,62,9,28,15,123,0.2682926829268293,0.7317073170731707,0.7-0.8
b25l7c,AITA for telling a cleaner that I hired to clean more space than I listed,"tldr: I hired a cleaner for a certain number of hours, i lied about the size of the house because i only wanted him to clean the bottom floor, he cleaned it so quickly so there is time to work on the upstairs but he is angry that there are more bedrooms and bathrooms than listed, even tho ive told him he doesnt have to finish people's all only wjat he has time for.

So, I used an app to pay for a cleaner to come today, Its something me and my siblings do when we use our parents house when they travel (we are between the ages of 17 - 22 so we can pull together enough money for it) and when they are away, we have more freinds over than usual, might have a house party. They are extremely strict about having a pristinely clean house, like more than most people, so we respect that and we clean as much as we can, but its really helpful to have a proffesional come in with more tools and cleaning solutions then we have in the house.

Its really important that they clean the downstairs floor extremely well, like the living room, kitchen, bathroom etc. I didnt want to hire them for the bedrooms or upstairs bathrooms we can do that ourselves. But this is the first time using this app for hiring and instead of choosing the hours that you want, you have to input the number of bedrooms and bathrooms that you have and the app decides the amount of hours it will send the cleaner for.

I played around with it so that it gave me a 4 hour option, so i diddnt input the amount of bathrooms and bedrooms that we actually have or ot wouldbjave hired the cleaner for much longer.

So it comes to this morning and I realise, that the house is really clean, this time my parents went away, we diddnt really have anyone over as usual, the downstairs bathroom was barely touched, we diddnt use the kitchen much, but i wasnt going to cancel obviously. The cleaner arrives, I explain to him how important that the downstairs area is prristine, all the mirrors floor etc. So IF he has time, he can move onto the areas but no pressure on the upstairs just go through the downstairs.

Hes done downstairs in less than 90 minutes, thats another 2 and a half hours left, so i take him upstairs and show him the bathrooms and bedrooms and he gets really angry, he says ""THIS IS NOT FINE, ITS NOT WHAT YOU LISTED"" I explained like i did when he arrived earlier, that the only important area was downstairs, and to do as much of the upstairs as he has time for.

Hes still huffing and getring annoyed saying that what I did was wrong but ive explained that he only needs to clean for the time I hored him for and then leave. Even of its not finished upstairs but hes still not happy.

I dont know was I wrong for not listing the full size of the house, is it a strict rule when you hire a cleaner online that they do only the rooms listed, im thinking of complaining becaise i really diddnt like the attitude.

",166,50,5,12,7,233,0.7339055793991416,0.7339055793991416,0.7-0.8
azdt46,AITA for asking a guy how big his dick is after he asks how much I weigh?,"So there's this guy in our friend group who asked me out on a date. Fast forward to the end of the date, and we're both too tired to engage in a heavy convo so we're just making small talk here and there, browsing through social media on our phones while occasionally sharing funny posts. I guess he's into fitness because he showed me an instagram post and it was a female weight lifter with a description including her weight, how much she's lifting etc. He said how amazing it was that a 48kg woman could deadlift xkg. (I forgot lol). I said yeah, it's cool, I don't think I could ever do that. Then he asked me how much I weigh.

It stunned me for a moment because while I believe yes, it's just a question, weight can be a sensitive topic for some and it made me really uncomfortable. I said ""excuse me?"". He repeated the question. I'm the kind of person who'd rather swallow my own discomfort for the sake of others'. I didn't want to make him feel bad for asking a question, so I answered it. But then he said ""you weigh more than me"".

I didn't know what to say to that. I know it wasn't what he said, but it sounded like he was saying I'm fat. I started to get angry about that last comment so I asked, ""What was the point of that question?"" and he said ""I was just curious. I mean, you're an ok weight for your height and age, I think. You aren't morbidly fat or anything."" I'm still stunned because his words were so harsh to my ears.

In the end, I told him that I didn't like how he asked such a what I consider personal, personal question. He started defending himself that it was ""just a question"" and that I shouldn't be like most girls in this generation. I asked what he meant, and he said being sensitive about ""a damn question"". Then he started on a rant about how girls are discriminatory towards guys with things they can't help like height, so why can't guys be discriminatory about their weights - something that they *can* help? What's up with this ""double standard""?

So I know for a fact (from all the teasing from the guys in our friend group) that he's insecure about his dick, so I tried to use that to show him my perspective. I said ""Okay if it's just a question. So, how big's your dick?"" He didn't respond but he became evidently embarrassed. ""Tell me, how big is it?"" He asked me to stop asking him. I complied, but I used that to try and get him to see my view. He seemed to understand, but he didn't apologise. We both went home our separate ways and on the way home, I received a lot of private messages from some of his mates in our friend group about how I was an overreacting bitch.

They said I was the bitch because while he didn't know how insecure I am about my weight, I knew how insecure he was about his dick size, and that I took complete advantage of that. I explained my side and what he said, yet they were still adamant in labelling me as the asshole. So. AITA?",6,58,15,0,0,79,0.26582278481012656,0.7341772151898734,0.7-0.8
auo2qw,AITA for splitting the Uber costs 50/50 even though there were 3 of us?,"Pretty short story. This happened back around Christmas. My girlfriend and I (we live together) had a flight out of LAX during the holiday week. As you can guess, this can get expensive especially during peak hours and living 45-60 minutes away from the airport. Thankfully, we have a friend who also needed to go to the airport, so we offered to pick him up in the Uber on the way to the airport. He lives just a mile or two away from us but in the direction of the airport. 

&#x200B;

   The Uber ended up being around $90. Since I called the Uber, I paid for it and then we split ways from our other friend as he was flying elsewhere. I send him a request for $45, half of the ride. Usually, the entire fare would've been paid by my girlfriend or myself as we don't go around splitting everything. We figure that it all just ends up close to even at the end of the day. So I figure that we count as one entity and that my friend counts as another one. He doesn't think he should be paying 50% but rather 1/3. This hasn't really hindered our friendship too much but I haven't seen him since the request for money and he refuses to talk about it when I bring it up unless I'm willing to drop the $15 difference it would be. 

&#x200B;

   AITA for making a big deal out of $15?",89,21,5,13,3,128,0.734375,0.734375,0.7-0.8
b4o6ds,AITA for not wanting to do my husband's date night activity?,"My husband [28] and I [29] are in couples therapy and our therapist recommended doing a Friday night date every week. She specifically stated we should try to make it a fun thing, not chores and stuff like that, and go do it even if it might be something one of us doesnt want to do. 

We've been doing this for a few months and it's been going great until thursday. It was his week to plan the date. He hints that our fun Friday night date will be dirty. I'm already not thrilled about being dirty but whatever, I'll give whatever it is a shot. I ask if he'll tell me what it is. He says it's a surprise. 

Friday comes and he finally tells me what the surprise is. He's going to teach me how to change a tire. And honestly...I was pretty annoyed.

I have a high stress job and I'd been telling him all week how drained I am and how excited I am for Friday and the weekend to be able to relax. I thanked him for wanting to teach me but expressed that I felt duped. This was not anyone's idea of a fun date night activity. And trying to make it a surprise like it would be? I feel like this is a chore and just one more thing I need to do before I can enjoy my weekend. However, he says I'm an asshole because it would have been fun because we'd be together and two because I'm being unappreciative.

Am I the asshole? ",49,117,5,33,4,204,0.2647058823529412,0.7352941176470589,0.7-0.8
aw4s3g,AITA for refusing to go to a surprise vacation paid for by my girlfriend?,"
Throwaway as I don’t want my girlfriend to see this post.

Just a bit of background info: my girlfriend works in HR and I work in IT for the same company, however because we work in two different branches we only really get to see each other before/after our shift as our lunch breaks are scheduled at different times. Important to note that we report to the same big boss even though we’re in different departments. Anyways, my birthday was two days ago. My girlfriend and I celebrated by going to a fancy restaurant and having a glass of wine after. Then she starts babbling about a “surprise” she has for me, and gives me an envelope. In the envelope are return flights to Switzerland, for a two-week holiday! Immediately I began to wonder how this holiday would work considering I hadn’t applied for leave, but before I could even ask, she said she talked to our boss months in advance and told him to keep it a secret. I didn’t say anything but I was really annoyed. Asking our boss for couples’ leave is just unprofessional and could jeopardize my career. Not only that, but she never asked me if I was okay with using my leave for an overseas holiday. I would much prefer using that time to relax and sleep. I was going to suggest her returning the tickets but she has already paid for everything, including ski resorts, and I figure she would incur various cancellation fees. I just believe that she should have asked me, because I do not want to travel overseas while on leave. I guess I didn’t act as enthused as she wanted me to because she asked me why I was unhappy, and I told her that I would refuse to go as she should have asked me first. She’s annoyed at me. My close friends are telling me that I’m being ungrateful and that I should just go. AITA?",415,107,36,55,17,613,0.7357259380097879,0.7357259380097879,0.7-0.8
b152tj,AITA for getting a sex doll?,"I [26m] have been dating gf [25f] for 4 years now, living together for 2. Generally, our relationship is pretty good - we rarely fight and our life together is fulfilling in all aspects except our sex life. Like most relationships, we started off having sex once a day, but that quickly tapered off. Around the 6 month mark she informed me that she does not enjoy sex that much, and would prefer it to occur around once a week. I would like it to be more frequent than this, but I respected her wishes and I generally initiate once a week. 

However, throughout our relationship she has enjoyed using her vibrators/dildos without me (yes, I have asked to use it on her and she has turned me down) 3-4x a week. I don't have a problem with this necessarily - of I course I wish she was using that energy with me, but I get that sometimes people can be in the mood for masturbating and not sex. I watch porn regularly and she doesn't like it, but hasn't explicitly asked me to stop. 

That leads us to the issue -  recently, I purchased a sex doll for my own use. It has a face, but it is clear that it is not a real human. I enjoy it more because, for me, it feels more real. However, gf freaked out and told me to get rid of it. I feel like this isn't fair to me - I spent a good chunk of money on it and its not exactly returnable, and to me it seems like its basically the same as the toys she uses. After all, she has a dildo and it certainly isn't shaped like my dick. 

AITA for not wanting to get rid of this? (For the record, I'd much prefer to not use it at all and just have sex with her, but again, she doesn't want to)",13,33,3,12,1,61,0.26229508196721313,0.7377049180327868,0.7-0.8
a80toh,AITA for wanting my parents to including my wife's last name and to use our son's actual last names?,"So, when my wife and I got married she wanted to keep her last name for personal reasons. I had no issue with this and, as far as I knew, neither did my parents. Our two sons have both our last names hyphenated. However, when we receive anything from one of my parents (they are divorced so it's separately) it will be addressed to the family as just my last name and nowhere is hers listed. My father also never uses our sons full last name and uses my last name as a nickname for our oldest. This has been going on for many years and it really bothers my wife as we have been married for twelve years at this point and they are both fully aware of our names. 

Anyway, we recently got a Christmas card from my dad and it was addressed using only my last name as the family name. So I decided to just directly address the issue and called him. He seemed to be upset that I had asked him to include my wife's name and to use our sons full last name. He also said that now he would need to return a gift that he got us which was a customer tree ornament that had the family name on it (just mine and not hers or hyphenated). It turned into a bit of an argument and then what seemed like an annoyed apology. Then I call my mom and it went very similarly but she ended up crying.

I feel like this should not be that big of an issue for them to acknowledge her name or our sons proper names when referring to our family but apparently it is. I don't think I'm being an asshole... Am I?

TL;DR.  Asked my parents to include my wife's name and sons hyphenated last names and made my mom cry.",48,178,22,19,5,267,0.26217228464419473,0.7378277153558053,0.7-0.8
aymyuw,AITA for saying it’s pretty fuckin’ straight for my girlfriend to date me?,"I definitely did fuck up to some degree and I’m overall trying to fix the situation, but I feel that I’m not entirely in the wrong, at least, and want some strangers to either validate me or tell me I’m being a little bitch. Anyway

&nbsp;

So yesterday, my girlfriend, who is bi but not out to many people, sent me a post about a gay weekend at a ski mountain she’s gone to a few times and was jokingly offended she didn’t get an invitation. I called her “hella gay” and she agreed. In order to continue the joke, I then said that she was dating a man (me) which is pretty fuckin’ straight of her. She said “are you kidding” and then said she didn’t want to talk to me, before actually being unable to talk due to work. 

When she comes back I call her a pet name, and she tells me not to call her that. I apologize, use another, only to be told not to call her anything, to which I apologize again, not only for using pet names when she’s not in the mood but also for previously upsetting her. I do, however, say that I was just trying to make a joke, and she goes into how she thought she could trust me in talking about her sexuality with me and how I have never called her straight as a joke before, and it hurts because while she’s fine with hella gay being that gay is a blanket term, being called straight reminds her of people who say bi people in straight relationships are just straight. I repeat that I was just mocking that behavior, and say that I had previously made the exact joke, and recently. She says she doesn’t remember, so I find a screenshot from the weekend where she said she felt gay and I said “and you find me hot? That’s pretty fuckin’ straight” to no ill effects. She then said “fuck you” and “you always have to be right” before telling me not to talk to her. 

I oblige for a bit, then text her a paragraph of apology which she responds by saying she can’t forgive me until I apologize in person. 

So reddit, am I the asshole?",15,30,4,24,0,73,0.2602739726027397,0.7397260273972603,0.7-0.8
a9qecb,AITA for telling a girl she's not my usual type,"Been talking with a girl from tinder for about a week and a half.  We've met up once, had an awkward first kiss, and have kept in medium contact over the holidays (around 2-3 texts a day).  It's my first time on a dating app since my breakup a few months ago, and I've been having some decent success. However, I don't really know the scene, and since I'm far more used to being in the relationship I always wonder about how I should be conducting myself.

This girl is very cute, but is very much a different ""type"" than I'd normally pursue (which is nerdy, cutesy/innocent, awkward).  She's very sarcastic (which fluctuates between witty and pessimistic), she goes ""out"" far more than I'm used to, and she likes movies but doesn't seem like too much of a nerd.  I don't really know what this would mean for our long term prospects, but honestly I'm just trying to casually date, so that's not at the forefront of my mind.

So, being a straight up kind of guy and feeling like I can share more with her, I said ""you know, you're not my usual 'type' that I commonly pursue but I'm really enjoying this and looking forward to seeing where it goes"".  To which I received silence.

This morning she messaged me to tell me that what I said was ""offensive"" and that I'm basically saying she's not good enough for me.  I'm a pretty sympathetic guy, so I *can* see how she could take this the wrong way, but damn if there's not another part of my psyche throwing up red flags at this very moment.  Normally (in a relationship) I would just exhaustively talk to my partner to resolve the tension between us, but that's not really an option in the newly dating world.

So, AITA and should make it up to this girl?  ",12,29,1,8,0,50,0.26,0.74,0.7-0.8
aygsfl,AITA for feeding my vegan nephew meat?,"My sister has been vegan for many years and she is also raising her son vegan. He has been vegan since birth. My nephew and son attend the same school so I pick them up from school everyday. My nephew has snacks + dinner at my house every weekday before his mom comes to pick him up. 

I usually make a dish for my family and a separate vegan dish for my nephew. A couple of months ago I left them with their homework and snacks and went to do some chores, came back and found nephew & son sharing chicken nuggets. I provided him with vegan snacks but he still ate the chicken nuggets. I told him those weren't vegan and he told me he that he eats meat in school sometimes. His friends share their meals with him sometimes. I thought about telling my sister but decided not to. 

So basically I continue to give him vegan options but don't say anything if he chooses the non vegan option. Usually he goes for the non vegan one. Maybe because because he never gets to at home. I know my sister would freak out if she knows he's eating meat. She's staunchly vegan and eating animal products goes against her ethical beliefs which I completely understand and respect. My husband thinks IATA for not telling her and being dishonest, but I think nephew is old enough to make his own dietary choices (he's 10 this year). 

So, AITA? Should I tell my sister what's going on?  ",276,631,26,229,7,1162,0.25989672977624784,0.7401032702237522,0.7-0.8
at99c2,AITA for my malicious compliance with my controlling boyfriend?,"So last night my bf and I had plans to go out on a triple date with a couple of his friends and their SO's. Well unfortunately I got stuck at work longer than expected so I got home roughly about the same time the other couples got to our house to take off. I apologize and rush to the bedroom to get ready. 

I put on my make up and throw on the new dress I just got and rush back out to so we can take off. My boyfriend looks at me and says, ""you aren't going out in that slutty ass dress, go put something else on."" I wasn't quite sure if he was joking or not so I gave a little half giggle hoping he would give me an indication that he was joking... he wasn't, and instead says, ""I'm serious you need to change.""

This fully shocked me because I have never seen him act so controlling. And my dress was tight fitting and fairly short but it wasn't like my ass was hanging out or too short that I couldn't sit down without showing everything. But was just a cute dress.

We have an argument back and forth and I am so angry and humiliated by how he is treating me in front of his friends that I snap and say, ""fine, I won't wear this dress."" and in front of his friends I take it off throw it at him and tell him to find me something he deems more appropriate.

It was at the point that the friends realized that it was time to go and our date night was officially over.",4,63,18,0,2,85,0.25882352941176473,0.7411764705882353,0.7-0.8
9vozyl,AITA for hitting a women?,"Little brother died because a drug dealer sold him Fentanyl instead of heroine. I’ve been looking for this guy for ages, with the intent to seriously hurt him. 

It wasn’t a guy the entire time, but a GIRL WHO SOLD IT TO HIM. She was aware it was Fentanyl, but said that she doesn’t care who dies if she gets her money. I punched her in the face. Literally. 

Normally, I wouldn’t care and I wouldn’t be asking if I was an asshole or not, except that this was a women I hit, instead of a man. If it had been a guy, I wouldn’t have an ounce of regret in me. Fuck him. 

Only regret because she’s a girl. If it had been a guy, I would have beaten the shit outa him. Instead I punched her in the face, pushed her, and left. I feel like I’m definitely an asshole, but at the same time, I don’t think she suffered enough. ",51,144,0,3,0,198,0.25757575757575757,0.7424242424242424,0.7-0.8
ad9ycy,AITA for making a girl cry by calling her fat when she was roasting me for being skinny?,"Context: So a couple of girls in my college friend group have a roommate called “Jan”. I am acquainted with her and we never really had any problems, we actually made quite a good beer pong duo. I’m a tall and lanky guy at 6’1 and 155lbs. Jan is a white chick on the heavier-side.


Recently, we had a watch party at Jan’s apartment for the Michigan Football Bowl Game where our friends were all having a good time getting pretty tipsy. My buddy and I were talking about whether our QB should declare for the draft or return. I said “I sure hope he comes back, Dylan (our backup QB) is still young and is still pretty scrawny.” 

Jan has a huge man crush on Dylan and didn’t appreciate that I called him skinny. 

This caused her to go on a drunken tirade saying “what makes you think that you can call him skinny when you’re literally built of twigs?” “You would die playing football. Tbh I don’t think you could even lift a helmet!” 

At first, I took it on the chin, had a chuckle about it, and poked back a bit. I usually got my leg pulled about my physique but I never took it personally. Until she started making it personal.

“Look at you, you’re like one of those starving African kids on those TV commercials”  (I’m brown but not African)
“That’s why Dylan is a chick-magnet and [my ex] dumped you. You look malnourished”

She kept going and now I was beginning to boil. I wasn’t even responding at this point, just biting my tongue. But then I snapped.

Her: “Go lift some weights. It’s okay no one will judge you if you can only curl 5 pounds.”

Me: “If you could tell me what your current diet is, I’m sure I’ll put on weight in no time.”

*silence*

Her: “What are you trying to say?”

Me: “I’m saying that if I’m a malnourished African then you could be on The Biggest Loser. And I’m pretty certain you wouldn’t win.

Her: No wonder [ex] didn’t want you. Go fuck yourself.

Me: And no guy wants you. The last dick you got was Moby Dick. Fucking whale.

At this point she was in tears, make-up running and everything. Her chick friends helped her into a bedroom to comfort her while looking back at me with a death glare.

Since this was at Jan’s place, I figured I should leave (Michigan was getting slaughtered at this point anyways). I finished my beer and left. I got a FaceTime from one of friends who is Jan’s roommate. She urged me to apologize because she was just playing around and I went too far. I didn’t feel that way and I don’t want to apologize.

Am I the Asshole?




",57,897,257,18,2,1229,0.2554922701383238,0.7445077298616762,0.7-0.8
b3v1yg,AITA for asking my wedding guest to leave for wearing his military uniform at my wedding?,"The son of one of my husband's family friends showed up to my wedding in his marines formal wear, complete with all his medals. Now, I have nothing against anyone in the military but this was a black tie optional wedding and frankly it felt very out of place and it seemed like he was just trying to show off. My wedding had over 300 guests and nobody else felt the need to wear something to make them stand out.

Up until the point that I asked him to leave, he of course was acting very well mannered and like a complete gentleman, as one might expect from a member of the armed forces, and there were even a few excited teenage girls at my wedding who wanted to take a picture with him, to which he graciously agreed. Many people were thanking him for his service, and frankly it just felt like the only reason he wore that was to be in the spotlight and make it about him, which I don't think you are supposed to do at someone else's wedding. If he wants to wear that to his own wedding then fine, but the whole point of having a dress code at a wedding is so that no one guest will stand out too much.  I felt that he should have known this, since the whole point of uniforms in the military is so that you don't stand out from everyone else!

I felt kind of bad about asking him to leave, but it just didn't feel right for him to be there like that.

AITA?",476,179,69,8,8,732,0.744535519125683,0.744535519125683,0.7-0.8
b2dj00,AITA for not being okay with my boyfriend being alone in a house with two girls?,"So, my boyfriend and I have been together for a few years now. His parents are going to be out of the country for a month and I was looking forward to spending time with him alone at his place, until he revealed to me that a family friend and her best friend will be staying at the house for a week during spring break. I looked up their facebooks and they're both young and attractive.

I told my boyfriend I didn't like the idea of two girls just hanging out at the house with him, but he assured me they'd only really be there to sleep. Still, I told him outright I really wouldn't like them coming over, and he said he'd talk to his mom, who eventually replied that it was her house so if she wanted a family friend over, she can. I understand that much, but my boyfriend isn't willing to budge or let me stay over while the girls are there.",35,9,0,3,11,47,0.7446808510638298,0.7446808510638298,0.7-0.8
b4vuh4,"AITA for waking up my GF everytime I wake up, because she snores loudly and I can't get back to sleep otherwise?","Basically the title.

My (M22) GF (F21) snores very loudly. I hope it is only because she has a little bit of a could right now and it won't be like that forever. So every time I wake up in the middle of the night, there is no way for me to fall asleep again. I will just shift myself a little bit, forcing her to wake up.

I really dislike doing this but I also don't want to just lie there the entire night listening to her. AITA? ",15,18,1,29,1,63,0.25396825396825395,0.746031746031746,0.7-0.8
awfa5o,AITA for blaming my (ex) best friend for having sex with my adult son?,"Throw away account obviously. But if she sees this and knows I'm talking about her. Good.

I (41) have been best friends with her (32) for 8 years. Since my son was 12.

My son (20) had just had his first big real heartbreak ever. I told her about this. In detail, she's my best friend. (We haven't lived near each other in a couple of years and she came to visit last summer and he was home from college) I thought they were weirdly friendly considering he's my son and she knew him as a 12 year old but they are both friendly people.

When I noticed him constantly texting her and knew how vulnerable he was feeling after above mentioned heartbreak I asked him if something was going on? He said no, I didn't want to intrude too much but asked her to ""cut back"" on the friendly chatter with my kid. She said okay.
She goes home I notice they are STILL texting constantly. I mention it to him again and he loses his shit saying I'm being controlling. So I tell her thinking she's an adult and a mom and will understand. I say hey I think (my son) is getting the wrong idea and you know he just had his heart broken. I know this sounds silly but I really need you to respect my friendship and my concern for my son and just cold turkey stop talking to him.
She was very apologetic, said she didn't realize, okay, done.

This was last summer.

Today I find out they are still talking. I get upset confront them both. Find out they HAD SEX LAST SUMMER. MY best friend and my son.

What the fuck.

Am I overreacting here? I find this very predatory on her part and disturbing. I've always noticed that she tends to like to lead guys on and I try and stay out of it. I was concerned there was some leading on flirtation going on from the beginning which is why I confronted her and said please stop 

Not only have they had sex, it was ONGOING. He flew out to see her behind my back! All of this while she's talking to me like none of this is happening and he's doing the same.

He says it was stupid, it's over, they are only friends now.
This is a grown ass woman with a divorce and 3 kids. He's a 20 year old college student who has had very few relationships in his life. 

She knew every detail of his recent heartbreak. She knows way more about him than he knew about her because she's my best friend and we talk about our kids!

Tell me straight up am I being an overdramatic momma bear or is she a predatory selfish bitch?

Bonus points if she sees this and knows it's about her because fuck you. 

TL:DR my best friend (32) had sex with my son (20) and an ongoing ""relationship"" behind my back and expressly against my asking them both to cut ties. ",15,62,9,9,1,95,0.25263157894736843,0.7473684210526316,0.7-0.8
b92sj7,AITA for punishing GF for not realizing her actions were innapropiate.,"I (26 M) am in a relationship with my gf (21F).  The relationship has been mostly good.  She's a gem, super fit and athletic, sex is great, shes really smart.  I have a very good paying and stable job while she is a junior in university.  I love her a lot.  She also comes from a poor and abusive family.  She has a athletic scholarship for tuition (soccer) but lives with me and relies on me for spending money and other expenses. 

  
Recently we have had some problems.  The soccer team has this weird ball/formal dance with guys soccer team.  She gets matched up with a random soccer dude and they go to the dance together.  This isn't a problem but the way she described it is a problem.  She basically said it's supposed to be a crazy night and asked for a one night pass from our relationship.  I said ""no"" very firmly.  I told her it was offensive and innapropiate to even ask and I'm shocked it crossed her mind.  She got defensive and said she's still in college and all she wants is one night to go wild, but I stood my ground. 

&#x200B;

I then told her I don't want her going to this ball at all, because she won't committ to me that she won't go wild after.  She said ""no, this is a important team bonding exercise"".  In response I cut off the money I gave her and informed her we won't be going on the european trip this summer.  I also said she cant live with me until we resolve this issue. She now has to live at her house with he family who is abusive verbally.  One week later she called and asked if she could move back in and have her allowance back, I asked if she was still going to the event and she said yes but she wouldn't try to have sex or anything that night.  I said I would think about it.  My friends say I'm being a manipulative ass whos taking advantage of a pretty college girl with no money.  AITA reddit?",80,124,291,0,6,495,0.7494949494949495,0.7494949494949495,0.7-0.8
aa9sqa,AITA for not wanting my girlfriend to get a second tattoo?,"Throwaway cause reasons, some info will be neutrally changed to keep redditor wife off the scent.

I’ve been roughly 6 years into a relationship now.
Head in, it has been discussed that i can’t stand tattoos on loved ones. That was no issue cause she didn’t intend to get any

Fastforward to last year, she got a tattoo anyway fully knowing i was against it. It was a meaningful one depicting her deceased pet. 
Obviously, i understand it’s her body and she has all the rights to do whatever she wants.
But despite that, we’re supposed to be a team.

Now moving to the a recent day, she mentioned once she wanted one more depicting her profession and i got pretty upset about that, too. We just ended up not talking about it anymore

Currently visiting family for the holidays, and she scheduled a tattoo artist anyway. I told her now again that i’m against it and she says she doesn’t know how to argue with me cause my view is so strict

I’ve seen many examples of friends getting just 1 meaningful tattoo, that just ends up in them getting many meaningless ones.

Reddit, am i the asshole for wanting her to cancel the tattoo appointment?
Please be honest, cause either way i or another i just want to be able to cope with it.
",38,11,1,2,1,52,0.75,0.75,0.7-0.8
afcgl3,AITA for sleeping with married men as a sex worker?,"I'm an independent provider (its legal here) and recently I mentioned to a friend that two of my regular clients are married and in one case the wife is not aware her husband meets a sex worker. He seemed to think it was incredibly wrong to be taking on married clients if both parties weren't aware, and since then he's talked to me much less. 

I am completely against cheating personally, but I don't believe I am an asshole for taking on married men as clients. If they dont cheat with me they'll cheat with someone else, I don't flirt with them to try to tempt them to cheat, they have to contact me themselves, meaning they have clearly made a conscious descision. 

If I get an angry call from a wife who finds out about her husbands infidelity I'd feel sorry for her but at the end of the day it isn't my job to keep your husband under control. A couple of other providers local to me state on their page no married men, I suppose for this reason, but there are some marriages in which both parties are OK with another person being involved sexually. I see a man who's wife is in a wheelchair and cannot have sex, he sees me to get what he can't get from his wife and she is happy with that. 

Even if I put no married men, people would just lie anyway so it feels pointless to make this empty statement as it would just drive people to other providers. I know that sleeping with a married man is certainly morally grey, and I can for sure understand being an asshole to their wife, but I don't believe I'm an asshole in generally because of it. ",5,33,6,0,1,44,0.25,0.75,0.7-0.8
albepe,AITA for putting £5000 into my girlfriends bank account?,"We've been together for 8 months.
I'm very lucky and was born into quite a wealthy family and now work part time for the family business - earning around 65k per annum. I'm 20. 

My girlfriend is 21 and came from quite a poor family. She works like 70 hours a week in order to pay for her flat and education. She only earns about 16k-20k per annum as it's a minimum wage job. 

Everything she owns, she works very hard for. But, we argue about money sometimes. For example, she will never let me pay for dates or holidays - always insists to go half or refuses to accompany me on holidays if she can't afford it, despite me offering to pay her way. 
She sometimes tells me that she worried were too different in how we were raised because she is very minimalist whereas I have a lot of ""stuff"".
I admire her determination to get somewhere by her own terms and not relying on others but j wish sometimes she would accept my help. 

She passed her test last week and is looking to buy a car for under £500. But, I want to treat her and Sonia took her to a car dealership and showed her a 2018 car that i wanted to purchase for her, she said that she appreciates the offer but really doesn't want me to buy her a car. She says if she gets a car, she wants the satisfaction of knowing that she paid for it herself. 

Anyway, last night she fell asleep early and I found her bank card, transferred £5000 into her account with the reference ""you deserve it"". 

She found out this morning and got really mad. She said she was sick of me trying to push money on her, she says that she wants to earn her own money. She also said that I think everything comes easy in life but for people like her, it doesn't. She told me I needed to stop and demanded to send the money back to me but I wouldn't give her my details. 

AITA for trying to help? ",36,4,0,8,1,48,0.75,0.75,0.7-0.8
b6s271,AITA For telling my boss her MANDATORY meeting was offensive and undervalues her employees?,"TL;DR: My boss scheduled a mandatory meeting for all employees, that was an hour long. I tried explaining to her; that's bullshit.

&#x200B;

So I'm a manager at my office and my boss, Operations manager for the entire business, sent out an e-mail earlier in the week that all employee's (aprox 15) MUST attend a hands-on training class, instructed by her, in the afternoon Thursday. If we are not able to attend we MUST re-schedule with her ASAP.

&#x200B;

OK... It's my day off, but I'm punching in and getting paid for it, so oh well.

&#x200B;

The meeting was an hour an 20 min long.

&#x200B;

The 11 that showed up, because the other 4 were actively on duty, were pretty annoyed, some absolutely pissed and texting me the moment they left the building. After everyone left, my boss asked how the meeting went. I told her that the information was quality and this meeting was necessary given we've hired some new people and it's good to keep everyone on the same page. However, I live 45 min away. Some employees further. Scheduling a mandatory meeting on a day that works best for you, without asking about any ones availability, and knowing said meeting will take about an hour is offensive and inconsiderate of your employees lives outside this building.

&#x200B;

She was taken aback. Went immediately on the offensive with, ""You think this was a waist of time!?"", ""This matter NEEDED to be addressed."", ""What does it matter how long the meeting is, you're still getting paid!"", ""So all that matters is your paychecks, huh?""

&#x200B;

I did my best to keep calm and explain to her that if you are going to make your employees drive from home, or another office, or from school, or stop WHATEVER they were doing, that was not this job, to be here: It must be worth their time. Just being 'punched-in' is not enough. There's a balance to knowing that an employees time, outside of work, does not go by their hourly wage. By saying, ""It doesn't matter if the meeting was 10 min or 10 hours,"" shows that you do not value your employees time or their personal lives. And that is a very big problem.

&#x200B;

We argued a bit before I told her that I had to go. But am I the asshole for telling her all this? I'm asking because now the CC'd emails haven't stopped...",8,29,2,1,3,40,0.25,0.75,0.7-0.8
b9n27u,AITA for buying pregnant wife yoga pass for her birthday,"My wife is 16 weeks pregnant.  She has a something called hypermesis which is ""morning sickness"" all the time, even waking up in the middle of the night to vomit.   I told her to ask her doctor for a medical leave so she is currently on temporary disability.  She stays in bed most of the day and only leaves the house to go to the hospital where she gets IV fluids for dehydration/vitamin deficiency.     
I know I always feel better when I exercise and it helps with depression.  I think she is getting depressed because she misses her job.  I think she should leave the house and get some fresh air and stretch, so I got her a yoga pass for her birthday.   I researched local studios and found one that had prenatal yoga.   When she got the email gift certificate while I was at work, she didn't call to say thank you.  When I got home, I asked her if she got the email and she just gave me a look.  I could tell she didn't like my present.  She says she is too sick to do yoga.   Ok, maybe.   She thinks it is a rude present and that I am ""tone deaf.""  I can get her another present...don't know what.   I don't think my present makes me a bad person, though.   She might feel better soon and want to take yoga classes.  She told her friends about it and they agreed with her that I am being an asshole.  I think it is rude to be so critical of my present.",54,8,0,10,0,72,0.75,0.75,0.7-0.8
b7e7to,AITA for refusing to eat Chick-fil-A,"My in-laws are both semi-religious, moderate conservatives. They are visiting from a small town about an hour an a half from where I live. My MiL has been excited all week because she would be able to eat from Chick-fil-A that is 2 blocks from my house when she came to visit.

This would not be a big deal except she wanted to treat everyone to lunch. I explained that I am unwilling to eat from there because I do not support the organizations they send large donations to.

She was taken aback and respectfully asked what those donations were. I explaned about Chick-fil-A support of anti-LGBTQ groups which led me to having to explain what LGBTQ meant. She continued to press and asked me to just ignore my conventions and eat with the family.

After they left to get the food my wife told me they thought it was odd I wouldn’t eat there and made minor jokes about my liberal ideologies while I was in the other room.

When they came back,I did begrudgingly let my son eat the food the bought but I respectfully refused.

So am I the asshole for making the lunch that my MiL waited all week for somewhat awkward? Conversely I am an asshole for partially giving in to my convictions and letting my son eat the hate meal?",38,81,3,43,1,165,0.24848484848484848,0.7515151515151515,0.7-0.8
b4xpvz,"AITA for cancelling a date because of an ""innocent"" question?","I've been talking to this guy for a few weeks and we hit it off immediately. We even had a short coffee date during lunch break, and we were on the same vibe. He was funny, charming, similar sense of humor. Everything went great. I should add that we had sex talks as well, discussing kinks and stuff. 

So we decide to have a real date and then he asks if I'm on birth control. I think a few hours and cancel the date. He was confused saying it's just an innocent question, unlike all the stuff we talked about before. And we were both hinting that we will have sex on the first date, so what's wrong about birth control question?

My reasoning is this: if a guy is about to have sex with someone he just met, he MUST be jumping out of his way to use condom. It's a MUST no matter how many times we flirted dirty. And if he even thinks of not using a condom with a girl he just met, that means he was likely to do it before, which means he is at a much higher risk of having an STD and I'm not cool with that. 

I don't trust people who even entertain the idea of having sex with a person they don't know without a condom. I can't risk that even if he ends up using a condom. Doesn't matter that we discussed the sex positions or what we like in bed. I want to feel safe and I don't feel safe even if he thinks of not using a condom on a first date even for a second. 

Hope I explained my reasoning well. Question is - am I the asshole for that line of reasoning? ",43,9,0,5,1,57,0.7543859649122807,0.7543859649122807,0.7-0.8
abuiv6,AITA for breaking up with my gf because I don't like her way of dressing,"I have been together with my gf for over a year. Overall, she's a nice person and I don't wish any bad on her at all.

For the past 2 months, my gf has been starting to go out more frequently with her (female) friends. It would be a ""girls night"" so I never got to tag along. I never had an issue with it since she had been doing that since we met, but she also started to dress a lot more differently. 

She went from modest clothing to more revealing stuff. It first started with an extra deep cleavage, short thight jeans etc. I told her this made me uncomfortable but she started getting defensive, accused me of not trusting her, telling me ""a bit of skin"" (that was more then a bit imo) is alright and that I have no right to object against her way of clothing. A week or something later, she went more daring as in her underwear visible, sideboob etc. At that point I told her I'm not going to force her to change, she has indeed the right to chose  her clothings. But I also have the right to choose. I told her I wouldn't want to be in a relationship with someone wearing that publicly. She got mad at first, then started crying as I left and later got hateful messages of her friends that I was too controling. (I believe I gave her all the freedom I could at this point since it wasn't my business anymore)

Tl;Dr. Gf wears more revealing clothing with sideboob, see through skirts etc. As I don't want to force her to change, but neither want to be with someone who dresses like that, I broke up with her. Am I the asshole?

",10,17,3,23,1,53,0.24528301886792453,0.7547169811320755,0.7-0.8
b2t41d,AITA for cancelling our wedding venue a couple of months before the wedding day?,"So about a year ago I popped the big question. I was deeply in love with my girlfriend and everything felt amazing. That is until she transformed into a bridezilla in front of my eyes. 

Ever since we got engaged all she can do is talk about the wedding, which was fine at first but it started to consume her. I thought that I would get some say in how the day was going to go but everything I suggest is immediately shot down. The only choice I got to make was my tux and even that had to fit her God damn color scheme. 

Well things really started ramping up when her mother came down for the weekend. She's your typical trailer trash woman who married into a successful family. All her ideas are awful and tacky yet my fiancee laps it up like a dehydrated person in a desert. When I try to bring it up with her she tells me that this is ""her"" big day and I should just be supportive. I told her it was my money and that I should have more say in how it's spent. Her mom picked out maroon table clothes with flowers and suns on them, I feel like it's a funeral for a carnival worker. She even suggested we have beer kegs on tap.

So the last straw was that her and her mother, without my consent, used my credit card as a payment on a venue down by a river instead of the church we discussed where my family has attended for generations and made many contributions, the pricing was even a little cheaper minus the price of the hall afterwards. Who wants to get married next to a stinking river full of flies and whatever other insects will float around, on top of all the people who will just waltz up to the river to enjoy the day while were trying to get married. 

I finally had enough so after she told me what she did I cancelled the payment on my credit card (after spending hours dealing with my credit card company) and told her she could either set up a date at the church or find someone else to marry because I've had enough of this. She's spent the last couple hours bawling her eyes out to her mom and making me seem like the monster after she went behind my back. 

Am I the asshole in this situation? 

TL;DR:  my fiancee became a bridezilla and won't let me make any decisions and her and her mother have teamed up against me. She chose a venue without my consent so I cancelled the payment and told her that she either goes with my choice of where we get married or we aren't getting married at all.
",5,142,41,0,3,188,0.24468085106382978,0.7553191489361702,0.7-0.8
b4yx07,AITA for suing my ex for child support that I don't need,"My ex and I split when he was a resident. Now he's a surgeon. I'm a lawyer, so I make good money on my own. I have custody of our daughter and he has visitation every other weekend. He's been paying me a small amount child support that I've been using for treats or putting into a college fund. However, now that he is a surgeon, he's making significantly more, and I'm taking him to court for an adjustment. A lot of friends and family are calling me greedy for pursuing child support when I could raise her easily without it, but I think I'm entitled to the money so I can grow her college fund faster. AITA?",87,254,5,30,22,376,0.24468085106382978,0.7553191489361702,0.7-0.8
adtl37,AITA for not wanting a baby at my wedding?,"Under normal circumstances, I think wanting a child-free wedding is fair. They are noisy and in the way and if we go for a sit-down meal, they need catering for differently. The youngest family member I'm inviting is 13, the rest of my guests are adults.

But here's the snag. We want to have our reception at the Cricket club, because my husband-to-be's cousin organizes the events, so we should be able to get a good deal on the venue hire.

But his Cousin has a 2-3 year old daughter. I've only met her once, so I can't say if she's well behaved or not, but I feel like this age is young enough to be a nuisance.

My partner doesn't want the baby at the wedding either, but he thinks that his Cousin is likely to be offended if her daughter isn't invited. 

AITA for wanting ""mates rates"" on a wedding venue from my partner's cousin, but also saying she can't bring her baby?",10,19,1,15,2,45,0.24444444444444444,0.7555555555555555,0.7-0.8
b8dntv,AITA for telling my sister who helped build my company that I'm not making her CEO?,"So I run a pretty successful tech company, and am planning on retiring soon. My younger sister [44F], let's call her Julie, has been hinting for a while she wants to be CEO. But quite honestly, I don't think it's a good idea. 

So, the thing I always make a distinction between is the role of an entrepreneur vs the role of a businessman. My sister and I, if I do say so myself, are good entrepreneurs. We're good at spotting innovations, we're good programmers, and we're good at working with a small team to grow the company as far as you can. 

Problem is, Julie is stuck in the entrepreneurial stage. Once your business is decently large, a lot of things change: it becomes less about tech and innovation (at least, hands-on tech and innovation that you personally take part in by cranking out code) and more about management and people skills. The larger it gets, the better of an organizer you need to be. You get the idea. And Julie, although I'll admit is a veritable tech genius, has no organizational or people skills. I've adapted to the businessman role better than she has, but admittedly even I haven't done the best job. Because we both are entrepreneurs at heart, not businessmen. And I'm retiring now, and I need someone to take over the company. Julie obviously wants it, but I mentioned her obvious problems she'll face in the role.

Enter my son, Norman. Norman is basically the closest thing to a natural-born businessman I've met. He's a natural leader, has a natural knack for organizing and dividing work that neither of us do. Plus, since he's gotten into stock trading, I've realized he knows the psychology of people: what innovations are well-recieved, why? What aren't, why? And plus, he's pretty charismatic and disciplined to boot. And although he's not that interested in programming and tech in and of itself, he knows Python and Java and is technically literate. All of these traits are what I'm looking for in a businessman to lead the company. 

But when I told Julie that (after a few years experience), I'm installing him as CEO. She got angry at this and said I was ungrateful for her help. While I can see where she's coming from, I think I'm plenty greatful: she's CTO, she holds the most stock options besides me, etc. And that aside, I think she's being kind of selfish here: she knows she hates managing people and yet still wants to be CEO, even though she knows that's a vital part of management.

So, aita?",11,30,0,4,1,45,0.24444444444444444,0.7555555555555555,0.7-0.8
aufhlp,AITA for not dating a girl because of her sexual history,"I was casually seeing this girl for about 2 months. She's a nice person and really attractive, but she had slept with at least 12 guys that are on my college football team, of which I am a part of. She recently asked if I wanted to try actually dating. I refused. My reasoning was as follows: 

&#x200B;

1) I don't date girls who have slept with people I am friends with. Thats a boundary I have always had. To me it's the same principle of ""don't shit where you eat"". I don't want the unnecessary drama.

&#x200B;

2) I don't date girls that seem to go after athletes. I have a realistic shot at going pro and getting into a relationship with a ball bunny is literally my worst nightmare. No thanks. 

&#x200B;

I didn't want to tell her why but as soon as I said no she said ""is it because I slept with a bunch of the dudes on your team?"". Me being kind of on the spot, I said yeah. She was obviously hurt and I did my best to make it clear that I thought she was a really cool person, it was just a mismatch of boundaries. We agreed to part ways and not continue to hang out. A little while late a mutual friend (who I think has feelings for her) blew up at me and called me a sexist asshole. I really don't get it? Like if I was into dudes and this girl was a dude I was sleeping with then my answer would have been the exact same thing. Plus like dating a girl with a reputation on a football team is just asking to be roasted about it. I'd rather not deal with the chirps or the potential insecurity. AITA?

&#x200B;

TL;DR Girl I was seeing has been around the locker room a bit. That made me decide I didn't want to pursue a serious relationship. AITA?",38,109,1,12,8,160,0.24375,0.75625,0.7-0.8
b11jzt,"AITA for expecting my wife to put her married name on her doctoral certificate, as opposed to her maiden name.","So my wife will be graduating dental school in May and she brought up to me that she would like to practice under our married last name but have her doctoral certificate in her maiden name. Not sure if that's even possible but that's not the concern. I feel as though it's kind of a betrayal to our unity because we have been married the entire time she has been in school minus her freshman year of undergrad and we have both sacrificed alot, surviving primarly on my income (understandably as im older and make significantly more as im already 10 years into my career, and she is in school), countless hours of flipping flash cards, and taking the majority share of housework so she could focus on schooling and her wanting to use her maiden name makes me feel like she isn't recognizing our joint sacrifice and contributions to get us there. I just don't want to walk into her office and people look at the certificate with her maiden name and assume we got married after all that work happened. We did this together and should celebrate it together. 

She feels that since she works full time and goes to school full time, and has paid for the majority of her tuition she feels like she should take pride in her family's name and that I wasnt going to class with her that she deserve that recognition. 

We have a very happy, long marriage and its more of a debate than a fight (actually posting this together) so let us know what you think.",371,48,9,74,16,502,0.7569721115537849,0.7569721115537849,0.7-0.8
an1v5u,AITA for mocking a Girl with a height requirement?,"Backstory, Im 19, 6ft1 and I use tinder frequently. I also used to be really short, like up until 17 I was sub 5ft7 and got rejected because of my height more than once. Anyway, I matched with this girl Sandy on Tinder and we started talking a bit. A few messages in she asked me how tall I was, and I pretty much instantly knew where this was going. I checked her bio and sure enough, some stupid ""5ft10+ only"" bullshit was there. Anyway, I said 6ft1, and she seemed pleased. 

Then I asked her how tall she was, sure enough, she was only about 5ft2, to which I basically replied mocking her for going after tall guys, and I called her a ""picky midget"", which maybe was a bit out of line. Anyway, I started goofing on her, making a bunch of jokes about footstools, and calling her out for having those preferences. Also, she isn't the thinnest girl around, not fat or whatever, but anyway, I jokingly asked her what a fat girl was doing using numbers as dealbreakers, and she called me an asshole and unmatched.

 I feel like a bit of a dick, but those preferences are mad dumb though, and I think she kinda had it coming.",289,101,39,4,4,433,0.7575057736720554,0.7575057736720554,0.7-0.8
b157kk,"AITA for not staying at a more expensive hotel, thus ""ruining"" the family vacation?","On mobile, standard formatting apology and all that.

A few months ago, my family (mother, stepfather, brother, and stepsister+husband+kids) decided we would take a family vacation to a popular theme park. I do not know stepsister very well (but i do like her and the family) and this is the first vacation we will be taking together. I made it very clear during planning that my family (spouse and child) would not be able to front $500+/night for a special hotel, but that our price point shouldn't stop others from staying at said hotel as we're all going to end up at the same place during the day anyway. We proceeded with some minor planning and i decided it would be best if my family stayed across the street in a cheaper hotel. I made that very clear as well.

As the vacation booking is getting closer, my stepsister and parents have decided they would like everyone to stay at the more expensive hotel because it keeps the family (especially the young kids) in one place, and expensive hotel is where stepsister and family/parents would like to stay. I told them i would love to, but we really can't make that work financially. I was pleaded with a bit, but eventually everyone backed off when i think they realized that no, i wasn't just being ""stingy"".

Yesterday, i received an offer from stepsister that her family would pay the difference so we could stay in the nicer hotel with them to keep the young kids together. The difference is at least $2,500. I nearly shit myself. $2000 is about what we're paying for the entire weeklong trip. I barely know them. I know they are well off, they've bought my child expensive gifts in the past, but certainly didn't expect this. It's clear this is a ""no strings attached, we just want to have you come along"" type of offer. I stammered a very polite ""oh thank you so much, but we couldn't possibly accept"" type of response and left it at that.

This morning i get a call from my mother who says ""stepsister said they offered to pay for you to stay at super expensive hotel and you said no, so now we all have to stay at your poor person hotel so the kids aren't separated"" (paraphrased, but know that is the gist of it and my mother is truly an asshole). I explained i was uncomfortable with accepting that much money from them, and that it shouldn't stop the others from staying in a different hotel. She told me i was ""ruining everyone's vacation"" and that i should be ashamed of myself. Spouse says that if the tables were turned, we would offer them the money as well and not think anything of it, so we should accept. I haven't gotten a chance to see stepsister (I'm seeing her this weekend), but I worry she will be resentful for making them feel like they can't stay in the nice themed hotel because we are not as well off.

Now my parents are mad at me, because i'm ""too prideful"" and apparently forcing everyone to stay at the Cockroach Inn where they'll be drugged and kidneys stolen.

AITA?",12,33,2,11,1,58,0.2413793103448276,0.7586206896551724,0.7-0.8
b3qjpr,AITA for not getting my son baptized?,"I have a 1 year old son, but I’m not with the father anymore. His dad is wants to get him baptized in a Catholic Church, and I disagree.

First off, I’m not religious whatsoever. I went to church when I was younger and I always had a hard time believing in God and religion as a whole. I find it really cool that people can believe in something that it has a powerful impact on their lives, but it’s just never been for me. My son’s dad has never been very religious either. He never goes to church or anything like that, however his parents go to church and all their other grandchildren are baptized. I feel as if he is being pressured by his parents to get it done.

A couple weeks ago he told me he is planning on getting our son baptized. I told him that should be a decision both of us make. He told me that he needs to be baptized and that he knew I’d disagree. I would never not allow my son to be religious if that’s what he would like, and I’d never discourage him from getting involved in church, but I want him to be able to make that decision on his own. I told his dad that if he gets older and he chooses to get baptized then fine, but I disagree with doing it when he’s so young that he doesn’t even understand what it is. 

I’ve asked a couple people what they think and I’ve gotten mixed reactions- some people think it’s reasonable, and others think that I’m being too harsh by not allowing his father to make this decision and that it’s not even that big of a deal to get baptized.

Am I in the wrong here? Should I just let him get baptized and let it go and let him make his own decision to stay in the church when he’s older?",18,37,2,26,2,83,0.24096385542168675,0.7590361445783133,0.7-0.8
ao30q5,AITA for not letting smaller people in front of me at concerts?,"I’ve already tried to post this once and it was deleted before I actually managed to post it so this is gonna be straight to the point. I managed to get a great spot at a concert (centre stage and two people back) with my mum ( I’m 6’7 and she’s 5’11) and people who have arrived there later will ask us to let them go in front because “we’re tall” , we decline and apologise. Other people will ask throughout the night and I see them giving us a death stare for declining.",12,38,1,3,0,54,0.24074074074074073,0.7592592592592593,0.7-0.8
ba7ud3,AITA for expecting my daughter to be the best at something?,"My daughter, let's call her Ellie, is 15. And it bothers me and my wife that she really isn't *into* anything. Her grades are average, and on top of that she does nothing at home aside from watching Netflix and being on her phone. She's not involved in anything, inside or outside school: no sports, clubs, art, music, anything. And my husband and I want her to be the best, or at least good, at something. The what doesn't really matter- it could be playing a sport, painting, debate, playing in instrument, math competition, writing, whatever. But we want her to be good at something, because currently she's basically aimless and has no hobbies other than tv and her phone. And we don't like that. 

We've been introducing her to everything we can- a bunch of sports, art stuff, instruments, etc. But she doesn't want to do anything and called us 'controlling'. I see my husband and I as the opposite. I'm not saying, 'you have to play tennis, like me', 'I was in the orchestra, you have to be in it too', or anything like that. We're letting her essentially choose whatever she wants to do, as long as she *does* something and is good at it. Because doing nothing isn't acceptable to us.

Aita?",77,18,2,7,5,104,0.7596153846153846,0.7596153846153846,0.7-0.8
a2jgcs,AITA for dropping this woman's clothes and leaving the store?,"I'm 18.

Earlier today I was at a clothing store at the mall, waiting in line to buy a shirt. Behind me in line is a woman maybe 22 or 23. She taps me on the shoulder and says, ""Hey, I need to run and grab something I forgot really quick, would you mind holding my stuff for just a sec?"" I say okay, happy to help out. There's a lot of line left anyway.

She comes back after five minutes with some more clothes, and takes what I was holding back, thanking me. I waited in line some more, and when I was about to get to the register the woman behind me asks if she can ""really quickly"" ask the lady at the register (the only one working there) a question before I check out. I say okay, I don't mind. 

She asks the lady at the register something about a dress she wanted to buy, then they put it down on the counter, and both went to the other side of the store to look at the dresses.

I'm just still waiting, thinking I guess I don't mind that much. Then the lady that works there popped her head around the corner and asked me, since I was the only one there, to bring the dress that was on the counter over. I bring it over to them, and while I'm standing there, they start comparing that dress to another one.  Then the woman picks out another dress, hands it to me, saying ""here, hold this too,"" while i'm still standing there like an idiot.

I got pissed off and tired of waiting, so I just dropped all the clothes on the floor and left the store. They were muttering about me being disrespectful as I left.

It was one of the oddest and most frustrating experiences I've had at a clothes store. Was I an asshole for exploding off like that?









",2,38,10,0,0,50,0.24,0.76,0.7-0.8
aj0jnt,"AITA(14M) for joking and asking my sister(16F) ""if it's her time of the month""","So me and my older sister are never serious with each other. So last night me and my twin sister were in the living playing on the xbox one cuase my mom makes us keep it in the living room so she can use the blu ray player on it. So were sitting there playing dark souls 3 and my older sister comes up flops on the couch next to us and takes a pillow and screams into it. Then my twin sister says "" what's wrong"" and my older sister just keeps her face in the pillow. Then I say ""what is it your time of the month"" and both of my sisters start yelling at me saying shit like ""what the fuck you never ask a girl that you have 6 sisters you should know that already"" and more stuff like that I said I'm just joking and there still mad at me. AITA?",34,5,1,6,0,46,0.7608695652173914,0.7608695652173914,0.7-0.8
b2nt21,WIBTA if I took my daughter to get her hair dyed against my wifes wish?,"So, my daugther will be turning 17 in a month and wished to dye her hair turqouise/blue for her birthday.
I honestly don't see a problem with that, hair dye is temporary and she's old enough to decide what she wants to do with her hair.

Well, my wife disagrees. She thinks it's a sign of teenage rebellion - I told her I doubt that since my daugther asked us if that would be and acceptable present - and is worried people will think she's ""rowdy"" and that our family will look like we have problems. 

I tried to talk it over with her, but she thinks it'll result in her grades getting worse and her slacking of in general. (I really don't see the connection.)

I love my daughter and know how badly she wants to dye her hair, so would I be the asshole if I just took her to get her hair dyed for her birthday?",15,76,18,30,4,139,0.23741007194244604,0.762589928057554,0.7-0.8
9tg97n,AITA for turning down a girl because she was fat?,"A ""friend"" of mine tried hooking me up with the hugely overweight chick (5'6, \~325lbs). I told her ""Sorry but this isn't going to happen"" and when she asked me why I said, only this, that she is ""Too big for for me."" She proceeded to say Fuck you and I hope you die. I said I hope you find someone that makes you happy. 

I know I could have been nicer about it, but I felt the right thing to do was being transparent with my reasoning. I am allowed to have a preference of non-fat people and if they ask why me, I believe it is justified that I don't sugarcoat shit and give them my truth.",14,45,0,0,0,59,0.23728813559322035,0.7627118644067796,0.7-0.8
aruqmu,AITA For refusing to buy any of my family members a christmas gift?,"Now, based off of the title, you probably already think “Damn, this kid’s an asshole.” But here’s some context.

The week before Christmas, I received a $400 target gift card I won in a drawing.  I bragged about it on Instagram, where my sister follows me on, and of course, she saw it. She gave me a phone call and asked me who gave it to me, and I explain the situation, and tell her specifically NOT TO TELL MOM, as I knew it was bad enough that my sister knew already. She hangs up, and a few minutes later, my mother comes bursting into my room. She asks to see the gift card, and I hand it to her. She gives it back, then she says, obnoxiously, “You have to get something for me and (Sister’s name), That frustrated me enough, but I agreed, (I am VERY conservative, especially with my money.) 

Then when I was at target, getting my stuff plus what I WAS gonna get for my mom and sister, I get a phone call from my mom. 

Mom: “Oh, also, you have to get something for (Cousin 1’s name) and (Cousin 2’s name,) as well. Be thoughtful, don’t just get something cheap.” She said, even more obnoxiously 

(We were visiting my Uncle and Aunt for christmas, and my cousins are 6 and 2, so why the hell would I need to spend that much money on two more people I don’t and won’t see often?)

Me: “No thanks.” I then hung up the phone and ignored the rest of my mom’s texts and phone calls.

I spoiled myself, changing my mind about getting anyone else anything, because of how obnoxious everyone was being towards me after finding out what I had, so I spoiled myself. Bought myself a pair of airpods, GTA V, PlayStation Plus,a cheap laptop to do work on, and some new wrestling gear. Also bought a buddy of mine a bluetooth speaker, and spent the rest on candy and whatnot. 

Walked home and my mother was expecting that I got everyone a gift. Boy, was she shocked (despite our last phone call.) I got an ass chewing and she tried to guilt trip me, (unsuccessfully.) 

We were arguing then I just said “Maybe if you weren’t being so greedy about the situation, and kept your paws off of my money, I wouldn’t have changed my mind about getting you guys something!” (My exact words with some stuttering in it,) 

She then yelled at me a final time, marched to her room, and slammed her door. 

Typing that first paragraph made my blood boil, and reminded me of why I’m gonna keep all future assets private to me and me only. 

I’m 15 years old, if that will affect your criticism at all. 




",11,86,16,1,6,114,0.23684210526315788,0.7631578947368421,0.7-0.8
akj50m,"AITA for ""breaking up"" the family over a lottery ticket?","Yesterday was my little brother's birthday, so my mom organized a little party only including our direct family and her brother's. My sister has been very distant from the family ever since she left home for university. However, whenever she does come home for someone's birthday or Christmas, she always drops off a couple of lottery tickets as presents before she heads off on her way.

My brother scratched off one of his tickets, and got a match. He wasn't too excited because we have won a few times over the years, but only actually got $5 max. He asked me to go out and redeem it because he wasn't 18 yet, and I was initially reluctant because we live out of town and the closest lotto is 30 minutes away. I told him I would go if he gave me half of what he won, and he agreed.

I left to redeem the ticket, and I ended up winning $500, cash in hand. I was fucking stoked and rushed back home. When I told him and showed him the money, he was ecstatic. I handed $250, then he looked at me and said ""What the fuck."" I asked him what was wrong and he told me to hand over the rest. After I tried to explained to him that we made a deal, he started getting mad and throwing a little tantrum. I tried reminding him that I spent almost $200 getting him one of those authentic football jersey of his favourite player, Neymar, but he was having none of it.

The rest of the family came over to find out what all of the ruckus was about, and my brother told our mom that I stole his money. I tried again to explain the situation, but he kept interrupting me and screaming that it was his lottery ticket, and his money. Our mom, stepped in and said that said that if we can't sort it out then she'll just take it, as she snatched it out of my brother's hands before attempting to do the same to me. I dodged her attempt and told her again that we made a deal, before she told me to give it. I yelled ""fuck this"" as I left and drove back to my college dorm a couple hours from home.

After I got to my dorm was getting texts from my mom, brother, and a couple cousins telling me to come back home, or just saying that I was acting like a dick. I ignored everyone, but when I got a text from my sister (who I haven't really talked to for almost a year) which said ""I heard you won some money from my ticket"", I just replied with ""lmao, fuck off"".

So, am I really in the wrong for keeping half the money?

TLDR: My brother won $500 off his lottery ticket after we agreed that we would split it 50/50. Now that he knows how much the ticket is worth, he wants to keep all of it.",168,59,23,0,3,250,0.764,0.764,0.7-0.8
aiwert,AITA for feeding my (ex-boyfriend) carrot,"We have broken up now. But my ex boyfriend(22) was the pickiest eater. And I mean absolutely refused to eat certain foods.

For example , he loves pesto, but he does not know what it’s made out of, because it’s green and he won’t like it after he knows what it’s made out of (basil).

He has no allergies and he is diabetic, so I would encourage him to eat healthier or atleast some vegetables. I have been at family dinners with his family and his mother would serve these amazing stuffed bell peppers . And he would only scoop the rice and eat that alone.

He doesn’t mind eating junk food all day, chicken nuggets, burgers ect.

So one night at my house , I had made lasagne (with small carrot pieces in it) and I served mine with some steamed vegetables including steamed carrots and served his as just lasagna.

Mid dinner I feel like he is eyeing my plate so I ask “would you like to try some of my carrots” to which he replied “nah I don’t like carrots” 🤢

I had told him there is carrot in the lasagna. He pushes away the plate and says he’s finished eating (but at this point he had already had 2 servings of it, working on his 3rd)

He later told me he felt violated that I fed him carrot without his knowledge and was quite upset about it.

I had just been trying so hard to deal with his pickiness, as always having to cater our dinners to his liking and everyone is entitled to have likes and dislikes but I felt it was all in his head and quite irrational.

TL:DR
ex boyfriend only likes food if he doesn’t know what it’s made of. Ate food found out what it was made of, felt I violated his trust",81,351,30,11,4,473,0.2346723044397463,0.7653276955602537,0.7-0.8
b9zmsb,AITA for breaking up with my girlfriend over her extreme love of K-Pop?,"This happened just a few hours ago between me \[18, M\] and my girlfriend \[18, F\]. We have been dating fairly seriously for over a month at this point.

&#x200B;

We were on the topic of her favorite K-Pop artist (which I don't care for K-Pop whatsoever, but I try my best to pay attention)  ""Jung Yong Hwa"". As usual, she's completely fangirling over him, which bothers me a little bit, but I can understand where she's coming from. In general, she's not very complimentary towards me--every now and then I'll get a ""you look nice"" or ""you're really funny"". However, when talking about this guy, she is completely balls-to-the-wall. It's just a constant stream of ""he's so talented, sexy, hot, funny, sweet, etc."".

&#x200B;

Keeping in mind, she has never met this guy or been to one of his concerts. Only through listening to his albums and liking every single one of his posts on Instagram (she went back a few years and liked every single one forward from there). She is currently saving money to get a tattoo of his name on her chest.

&#x200B;

Now some of you might have your YTA's typed out already, but I am actually okay with all of the above, including the tattoo. What she said today is what caused me to lash out:

&#x200B;

She said ""Nothing could keep me from going to his concert in Korea this November.""

&#x200B;

I laughed and played along, making up some stupid circumstances, all of which she said she wouldn't care and would not hesitate to go to this concert. Then, making an obvious mistake, I said:

&#x200B;

""What if I was in the hospital (as in, seriously sick)? Would you still go?""

&#x200B;

I did not expect the next answer at all, mainly because there wasn't one. She just stared at me awkwardly for a few moments, then said ""... Do you expect me to lie?"". I spent a few minutes confirming she was completely serious--which she was, which left me completely heartbroken.

&#x200B;

At this time I swiftly called her a complete psycho and cut the relationship off. Was I the asshole here?",10,67,12,5,1,94,0.23404255319148937,0.7659574468085106,0.7-0.8
aza3f1,AITA for calling an older black guy out on his hate of my breed of dog and comparing it to racism?,"I was at a huge parade today with my dog who is a pit bull type breed. We were sitting on the sidewalk away from the crowds working on sit and down with distractions like other dogs/people and many loud noises. 

An older black man opened his door about 5 feet from us so I got up and stepped another 5 feet away saying something like “sorry sir he’s friendly” the guy said “ that’s a pit bull, I don’t like them, they can’t be trusted!” to which I responded, “isn’t that like me saying I don’t like black people, they can’t be trusted?”  He looked surprised and backpedaled saying “I only like little dogs” I then said “I’m sorry you feel that way” so Reddit am I the asshole? ",46,14,0,0,0,60,0.7666666666666667,0.7666666666666667,0.7-0.8
ati7b2,AITA for not cooking for my ‘vegan’ husband,"So this is a throw away account and I’m on mobile. The usual. 
Me (33F) and my husband (39M) 

So I’m a SAHM for our 4 kids (11M) (9F) (5F) (4M)it was only 2  years ago  I was able to start staying with them full time when my husband got promoted. Even though we can afford for me to stay home we still do have to budget for our monthly expenses . This involved pretty much cutting out eating out entirely which left me cooking at home. 

I’d like to think I’ve taken this with stride and i have pretty much a set budget and a decent amount of key recipes that all my kids will eat with little fuss while staying in budget. I can prep lunches for my husband and our two oldests. All relatively easily. 

But my husband recently went on a ‘journey’ with food. He’s been vegetarian for about a year which was fine because everyone else just got a little extra meat on their plate. 

He’d been talking about going vegan for a while now and how everyone he follows online says it’s changed their liv s and how they’ve feel they’ve made a difference blah blah blah

Now I’m supportive but I tell him I can’t do it. The three youngest barley touch the food I make now and the oldest are somehow even pickier . I can’t introduce a whole new menu for just him (the budget would be the same). Besides I’m inexperienced with vegan food. My “signature dish” is lasagna with beef and cheese up the wahoo’

I tell him this and he blows up how I’m an asshole for not trying and I’m part of the problem blindly supporting the meat industry and what’s the point of him working so much so I can stay home if I can’t even do this for him

I don’t want to waste a whole grocery trip on food the kids and I won’t like. But he’s not an unreasonable man who would demand something that he didn’t truly believe in so AITA?

",79,381,48,37,5,545,0.23302752293577983,0.7669724770642201,0.7-0.8
ax75vx,AITA for sticking up for an ex instead of my girlfriend?,"Throwaway. My girlfriend are in a huge/ potentially relationship ending argument. I need to know if ITA. 

I’m in a very LDR with basically the girl of my dreams. Absolutely beautiful, smart, driven. Things have been great despite being a several hour plane ride away from each other. 

She came to town, and I was so pumped to introduce her to my friends. They threw a party, and while on the way, GF randomly asked “are there any girls I should be worried about” This is probably where I fucked up,  but I explained that a girl I used to see will likely be there. Explained that we were supportive of each other during our respective divorces, and we hadn’t seen each other since well before I met GF. I was asked if we ever slept together. I said yes, because...we had. Also important to say that we never told out mutual friends about our fling, it wasn’t a big deal. 

Everything started out great. Everyone was so welcoming to gf, including ex who was there with a new guy. 

GF gets drunk and made a comment about single moms dating being weird, almost directly have ex mentioned  her children. She randomly asked why she divorced ex husband...in front of everyone, and then asked, again in front of everyone, where we had gone one dates. I was honestly so surprised. So was everyone else. 

I apologized to ex and her guy as they were leaving, and she said “no worries. Play 23 year old games, win 23 year old prizes” (were all in our 30s) and gf heard this and sobbed in the bathroom for the rest of the night. She was so devastated that I did tell her that was out of line; however, I feel like nearly everything gf said to her was out of line. 

We got into the biggest argument about how I didn’t have the decency to stand up for her. I told her honestly, I should have stood up to ex when gf relentlessly tried to embarrass her, and she can’t be surprised at a little passive aggressiveness after the way she acted. 

She’s now back on a plane, and we will discuss further once she clears her head.

Am I the asshole?",48,397,73,8,6,526,0.2300380228136882,0.7699619771863118,0.7-0.8
a3bq8p,AITA for having the family of a kid with autism thrown out of a coffee shop?,"So I was eating alone at a coffee shop the other night. Please note that I am generally a reserved and quiet person who always minds my own business, but I am very observant of my surroundings. I was on my laptop, wearing earphones, and doing some work. After about 20 minutes, I noticed a family enter the coffee shop. Both the mom and the dad looked like they were in their mid-30s, while the kid looked  like he was no more than 10 years old. I actually even smiled at them when they got in. Not to be judgmental, but I kinda got the vibe that the dad was a prick because he lightly shoved the kid when they sat on the table.

The problem started when the parents left their kid at the table while they were ordering. The kid straight up unplugged my earphones from the jack violently and pulled the entire thing from me. I simply smiled, and politely told him ""Hey kid, I kinda need my earphones for work."" He then threw it at me. I shrugged it off, suspecting he may be on the autism spectrum (not sure about the politically term).

I never meant to eavesdrop on them, but I heard the mom and dad arguing about serious stuff (I heard the mom accusing the dad of cheating on her). It was one of those room voice arguments coupled with big hand gestures so you know it's intense.

The whole time, the kid was playing in front of my table. I was trying really hard to ignore them so I could focus on my work, but then he spilled his drink on my phone and laptop. I was sure the dad saw it, but he just gave a smug smile. I then turned to him and said, ""Sir, your kid spilled his drink on my laptop."" I was then shocked because instead of apologizing, he even laughed and said, ""Yeah? Well dry it with a napkin."" The mom did not say anything, but also had a smug smile.

This really angered me because I could have lost all the work I was doing. I approached the manager and told her about the incident. She then asked the family to leave (the kid was crying nonstop at this point). The dad argued with her and gave me the finger, but then I was also so angry that I cursed back at him. The mom even called me a jerk for having a kid with autism kicked out (that was the first time I confirmed he has autism). The kid then tried to come near me (I think to apologize), but the dad dragged him back. I even got up and did a slow clap while they were leaving.

In retrospect though, I felt really bad for the kid for being stuck with such parents. So, AITA in this situation?",11,54,5,0,1,70,0.22857142857142856,0.7714285714285715,0.7-0.8
b3en34,AITA: I dont think its appropriate for someone in a relationship to hangout with a single person of the other gender.,"I was having a conversation with some friends and I said that I wouldn't be ok with my wife meeting and hanging out with a guy thats single 1on1 (I still wouldnt like the fact if he was married as well) . I feel as though its inoppropite being in a relationship. Its not too serious of a matter because my wife agrees (being the roles be reversed), but my friends turned their noses up at me and I wanted an  judgement. ",55,9,0,7,1,71,0.7746478873239436,0.7746478873239436,0.7-0.8
alcawe,AITA For dating my brothers ex wife?,"This is one of those situations that happen frequently on tv but you could never imagine it happening to you.

I have been dating my ex sister in law for five months now. Its been secret, passionate, and wonderful. I am 27, she is 24. She divorced my 30 year old brother a year ago after four years of a dysfunctional marriage.

I knew her throughout that entire time, and we never crossed any lines since im not a cheater and neither is she. We did joke, we talked, we became best friends. She and myself have similar outlooks on life, we share the same politics and humor, we know almost everything about one another.

She and my brother were not compatible to say the least. My family comes from a small southern background and my brother hates that part of himself and thinks hes ""above that"". He made my sister in law move to NYC so he could pursue his teaching career but she hated the city.

When they met he was out of college and wasnt as much of a snob, he had fun then and wasnt afraid to go outside in shorts and flip flops.

Now hes like Patrick Bateman, obsessing over material things, looks, appearances. He has no joy in his life. Im not saying this to make anyone hate him, but my then sister in law was completely different.

They had a bad breakup, and initially i stayed away, but we were best friends for so long that i decided to message her. We instantly hit it off, and now I can say that i do love her very much. I think i found my soul mate.

I havent told anyone except my sister and mother. My mom thinks i shouldnt be dating my brothers ex wife, my sister thinks i shouldnt be keeping it a secret from my brother. I feel like the past is the past and if we love eachother, thats enough.

Am i the ass.
",82,7,4,18,1,111,0.7747747747747747,0.7747747747747747,0.7-0.8
alp1t2,AITA For keeping guns in my vehicle that were discovered by my nosey coworkers?,"This happened monday, fresh off the weekend and its been annoying me ever since. I am being treated like im in the wrong in this situation so lets see what you guys think.

I drive a 2018 Range Rover with plenty of interior space. As such I keep three guns in my vehicle at all times. I keep a Glock 19 in my glove box, a .38 snubnose in my drivers side door, and a brand new V3 Tac 13 shotgun under the back seat.

I also keep some other weapons and gear under the seats and in the side doors and trunk. I keep these for my own reasons and never bring them inside my office. I live in a metropolitan environment that is not friendly to weapons.

Two workers who I am on good terms with ask me if I would eat lunch with them. I agree. As we're leaving my coworker says he parked on the roof of our parking garage (he arrives late constantly and is unable to park in a desirable spot. This angers me to say the VERY least as he invited me).

They suggest using my Range Rover as it has generous amounts of leg room even with my equipment and is just a nicer vehicle in general.

I agree. One coworker sits in my front passenger seat, the other sits in the back. My coworker compliments my car which I enjoy. However he is very touchy and opens my glove box, revealing my glock 19 as well as my knife, and documents which spill on the floor. I slam the glove box closed and tell him not to touch things in my vehicle.

The ride is mostly silent, until i see my other coworker in the back seat nudge my concealed shotgun with his foot. He also turns his head and looks in my truck and starts asking me about my gear. I keep my camera and emergency roadside tool kit in there, along with some other less than lethal equipment.

He starts asking me about them and i give him the silent treatment for a few minutes before telling him to not look into my trunk.

Lunch was terrible. Overpriced and they couldnt cook a steak properly. As a gesture of good will i pay for said lunch.

Later i was asked by my boss if i am bringing weapons into the workplace, which im not. They ratted me out. The parking garage is building property and all equipment, be it shotgun, revolver, or tazer is locked securely in my Range Rover.

I feel like my privacy was invaded, and that i am not in the wrong here despite being brought aside by my boss. Am i the asshole?",57,21,17,0,3,95,0.7789473684210526,0.7789473684210526,0.7-0.8
b2niae,AITA for telling off a homophobic old lady?,"This weekend my girlfriend and I went skiing in the Alps. I'm a 24 year old guy and she's 21, if it matters. We've been together 4 years. We are both pretty good skiiers. A lot of women go to fancy ski resorts to wear expensive outfits, drink at bars, and party, but my girlfriend means business. She can ski circles around me, and I'm 100% proud of her. 

Usually she dresses nicely to ski, since it's a fashionable ski resort and she's a fashionable person. However, this weekend, she said she didn't feel like dressing up, and instead just wore black snowpants, an old parka, and a hockey jersey. I didn't see anything wrong with it. She also wore a pair of my old skis with the bindings adjusted to fit her boots and a black helmet. What I'm saying is, anybody who saw her would have thought she was a man. 

Anyways, we were in the gondola with this old couple. My GF (her helmet was still on) rested her head on my shoulder and we were holding hands. The couple must have mistaken her for a dude, because they gave us a weird look. The old lady whispered something to her husband. Then my GF took off her helmet, and they looked really confused when they realized she was a girl. 

We were making conversation with them, and then, just as we were about to exit the gondola, the old lady goes, ""Oh, we thought at first that you two were gays. Thank God."" She laughs and expects us to laugh with her. I reply, ""That's really fucking narrow minded of you. You should be ashamed of yourself."" Then her husband tells me to watch my mouth, my girlfriend basically drags me away before I can respond. 

Later, she told me that I was way out of line to swear at the old woman like that. She says I shouldn't be so reactive all the time and that my response was rude and uncalled for. She said yeah it sucks that the old woman is bigoted, but she's old, and I should have been more respectful. I apologized for making her uncomfortable in any way but it needed to be said, and that I can't stand people like her. 

AITA in this situation or was it called for? ",2,44,11,2,1,59,0.22033898305084745,0.7796610169491526,0.7-0.8
b5qn7s,AITA for letting the football(soccer) team I coach win 19-1?,"To preface, I coach an U15's boys Sunday League football team in the UK.

Over the weekend we played another team and proceeded to win 19-1. Today I received an email from the coach of the other team. He stated that we exhibited unsportsmanlike behaviour by allowing the score to get so big and that one of his players was considering quitting football due to the result.

To give some more details, at no point during the game did he ask me to take our foot of the pedal. In addition I took both of our strikers off with 20 minutes to go (they had 6 goals each at this point) to let the Centre Backs have a go up front. 

Obviously I feel bad that some of his players felt disheartened due to the result. However I have always distilled in my team that they should treat the game as if it's 0-0 at all times. He also never asked for mercy during the game and seemed like a good sport about the result at the final whistle. Had he asked I probably would have told my players to go easy on them from that point.

So AITA for letting the score reach 19-1?",43,153,3,10,5,209,0.22009569377990432,0.7799043062200957,0.7-0.8
b8lxme,WIBTA if I contact my son's girlfriend's parents because she thinks she is pregnant and refuses to find out.,"Quick disclaimer, my son is 17, the girlfriend just turned 16. There is no possible way the baby could be his as they have not physically been in touch since last summer. 
It's a newer relationship of not even 2 months. 

My son, we'll call him 'Sam' came to me a few nights ago positively sick needing to talk. He told me that his girlfriend, we'll call her 'Jess' thinks that she's pregnant. She refuses to talk to her parents (I get that it is scary) but also will not take a test. At this point she has missed at least 3 periods. 

We have talked for hours every day about this.... when I say that he's physically sick, I mean he is vomiting every time he eats, has had a migraine for two days, and slept more than a normal teenage boy (and they tend to sleep a LOT) He has even gotten a cold sore. This child is a mess. 

He is going back and forth over breaking up. But he does like her and knows that most likely she is going to trash him if he does. 

He is a junior in high school, on track for a full scholarship for baseball (his first game of the season is later today) 
They both have their lives ahead of them. 

They are currently kind of in a fight because he told her if she didn't find out by the end of the week, he's going to talk to her mom himself...
(Side note this summer my son was behaving like an asshole to her and she screenshot the messages and sent them to me. I dealt with it) 

Honestly, it's a bit of a trainwreck anyway as they have different goals, values, morals, etc. 
This is apparently not her first scare, until they were in a relationship she had several fwb partners. And Sam is still a virgin by choice because he doesn't want an unplanned pregnancy in his immediate future.

So, WIBTA if after the end of the week she hasn't taken a test, I contact her parent? 

Edit to add T to wibta
",11,28,0,11,2,50,0.22,0.78,0.7-0.8
a07jpy,WIBTA if I got my wife nothing for Christmas.,"I'm terrible at gift giving, so every year I ask my wife what she wants for Christmas. This year she keeps saying ""nothing."" We've been married for 7 years, known eachother for almost 20 years, we have a fairly good marriage. I'm not doing it out of spite, I'm doing it because she keeps saying she wants nothing. 

We normally get eachother gifts, and I normally get her someone she asks for and a few things I am thinking will be a surprise. She always ends up returning those ""surprise"" gifts because they're terrible. I'm not offended, I'd rather she get something she wants. But this year she's giving me nothing to go off of, I think I'm just gonna do what she is telling me to do.",8,29,1,3,0,41,0.21951219512195122,0.7804878048780488,0.7-0.8
ava9ns,AITA for letting my 5 y/o son have a little bit of my beer?,"So I often drink a couple of beers after work to wind down (not every day, but it’s a normal thing for me). Tonight I was watching tv and my son asked if he could try some. I held the bottle and let him have a small sip. I thought he might spit it out but he just kind of made a small face and that was it. 

My wife was right there when it happened and she gets this horrified look on her face. I say “he just had a small sip”. She said nothing and ends up putting our son down to bed and proceeds to let me have it in a the weird hushed/scream voice she uses when she’s upset but wants to be quiet. 

She said she thought for sure I would tell him no when he asked and she can’t believe I gave him alcohol. I explained why I didn’t think it was a big deal but she’s still pretty angry. I guess I’ve always been more easygoing when it comes to parenting...

Anyway I’m just wondering if what I did sounds so terrible to the average person. I mean, it’s not like I let him chug the whole bottle! I figured he was just curious about the taste, and now he knows. Literally one sip and that was it. (Although if you ask my wife she’ll say he had a “gulp” of it). 

So was I the asshole in this situation? (Using a throwaway because I post in other parenting subs on my main, and I don’t want any judginess spilling over). ",9,21,0,11,0,41,0.21951219512195122,0.7804878048780488,0.7-0.8
aqj7lg,AITA for calling my black friend the n-word?,"So for context's sake, I'm a 2nd gen Asian-American who has a black friend - we'll name him John. We're on pretty decent terms until there was a conflict recently. 

It's pretty rare that it escalates to the point where we were, so I was really taken aback when John said that I was a ch*nk and should go back to China. And how my family would eat his dog.

So I called John the n word and told him to go back to Africa. I did realize as I said that I shouldn't have said it, and realize what I said was incredibly harmful and racist, but I cannot help but feel that it is justified.

AITA here?",3,11,40,1,0,55,0.7818181818181819,0.7818181818181819,0.7-0.8
b1lt0q,AITA for telling my wife to go to the back of the line?,"My wife has a habit of doing this and I've told her in the past that  it makes me uncomfortable so today I stood my ground. When we finish shopping at the grocery store, we will get in line and after a while she wanders off and starts picking up more stuff (mind you it's usually just one or two items, not a whole cart full). I'll be at the self checkout ringing up the purchases and she will walk past everyone in line and add her extra stuff to the cart. Today I told her to put it back or go to the back of the line. As far as I'm concerned it's cutting, I get upset when other people do this and I feel like a total hypocrite when I let her do it. She told me I was being irrational and that nobody cared. I told her that it didn't matter and I wasn't going to help her cut, if she knew she wanted to grab more things then she should have done it before announcing that she was all done and ready to go. It's a minor issue, we didn't get into a fight and she took the item (a tray of muffins) back. But I'm curious what others take on this is. AITA?",131,21,9,18,2,179,0.7821229050279329,0.7821229050279329,0.7-0.8
as3w1c,AITA for telling a girl she didn't age well?,I randomly bumped into a girl I had a crush on in high school (8 years ago) and we caught up and made small talk and stuff and we went and had dinner and reminisced or whatever. I have no attraction towards her anymore and she texts me the day after the dinner to ask if I wanted to do something again and I said no and politely rejected her. She then asked why i'm not attracted to her anymore and she told me to be honest so I said she didn't age well. ,36,8,0,2,1,46,0.782608695652174,0.782608695652174,0.7-0.8
ayqq35,AITA for cutting a coworker out of my life over what she claims is a trivial matter?,"I had an audition about a month ago. Now I have a massive phobia of crowds, and also of performing, and I knew I'd really struggle to do this on my own. My friend offered two weeks in advance to come with me for support, which was much needed and appreciated.

The next day, she said she would definitely come.

The day after that, she said she would probably come.

The day after, she says she might come. I stopped her there and said that I needed someone with me for support, and if she couldn't make it that's fine but to just let me know then and there so I could find someone else in time. She said no, no need to find anyone else, she would be there to support me. So I thanked her.

A week and a half later, it was the day before and I messaged her saying what time and where to meet etc. She comes back to me saying actually she's too tired and she can't make it sorry bye. This was the night before, remember. I didn't have time to find anyone else. I told her that if she did this to me, I'd never be able to forgive her. She said I'd have to get over it she's just too tired.

So I went to it on my own. I got through it. It was horrible. And I just saw her completely differently, as the unreliable flake that she is. So I deleted her on facebook and insta, she kept liking my things on insta, so I blocked her. Yesterday was a month after the incident. I got a message from her on facebook saying ""wtf you unfriended me when are you going to get over this?"" I blocked her and didn't reply. Then she messaged me in the work chat, which I can't block her on in case there's something work related, saying ""I miss you"". I reminded her I said I wouldn't be able to forgive her if she stood me up, and to accept it. She said no, she won't accept it.

So now I feel bad. She's making me feel guilty. But she really let me down and I just plain do not have any warm feelings toward her anymore, I don't see her as a friend. I told her this would happen and she still decided not to come, I don't understand why she's sending me these pathetic messages.

Am I the asshole for not caving here? It's getting on my nerves.",4,46,9,1,6,60,0.21666666666666667,0.7833333333333333,0.7-0.8
anyom1,AITA: Newlywed husband (32M) wanted to wait til marriage for sex and just surprised me (27F) with micropenis on the honeymoon.,"So, we only dated for six months. We've been engaged for another six and just got married on Saturday. I literally just got back from my honeymoon a couple hours ago. My husband isn't a religious guy, he just says he is ""old fashioned like that."" We got close to fooling around a couple times but it never went far. I tried, but he always stopped after it went ""too far"". Anyway, fast forward to now...

Am I the asshole for reading into this and being upset that I waited until my wedding night to find out that he probably isn't as ""old fashioned"" as he says he is?  I'm not going to shame him and honestly I don't even know how I'll broach the topic (and I'm not seeking advice). I honestly just acted like nothing was out of the ordinary and went to town with him, but...I dunno. I kind of feel lied to. Like a halftruth...or something was intentionally withheld from me. This was unexpected, to say the least. And if you read this far, thanks for your time. ",39,284,50,38,23,411,0.21654501216545013,0.7834549878345498,0.7-0.8
b81w4s,AITA for deleting my moms Facebook posts?,"Okay so to start this off, I’m currently in recovery from multiple mental illnesses including anorexia. 
     So when I was first diagnosed I was pretty much immediately sent to a residential hospital for a few months and I EXPLICITLY told my mom that I didn’t want her telling people besides close family friends and relatives, and she agreed. Fast forward to a couple months out of the hospital and I’m scrolling through my moms Facebook trying to find a specific family photo I was looking for when I see multiple posts along the lines of:
    Today we had to check our beautiful daughter into Veritas for treatment of her ED. Please send prayers. (not those exact words but similar)
     This especially pissed me off because I’m not a religious person at all. Also, keep in mind that my mom is a complete social butterfly with over 500 Facebook friends, most of whom I’ve never met. All I could think about was random people I’ve never met immediately defining me as my mental illness and feeling pity, and the one thing I can’t stand is people pitying me. 
     My mom uses the same password for everything so I knew her Facebook login and immediately deleted the posts. She still hasn’t noticed. ",21,327,72,11,3,431,0.21577726218097448,0.7842227378190255,0.7-0.8
b7odtl,AITA for charging my friend the going rate to fix/replace his door?,"So my friend's door is broken and needs it fixed/replaced, I'm in trades so it'd be easy enough for me to fix, however I told him I would charge him the going rate as I would my customers. It's not like he's never done things for me, he's always super generous sharing beers, offering rides and all that. 

My reasoning is that he's in a band and I always pay FULL price for tickets to see his shows. I only see it as fair that he pay full price for my job as well 

He was little taken aback when I said I'd charge him the going rate, I tried explaining that I'm using my tools and my time and if I get injured I'm out of work. AITA?",9,34,2,6,3,51,0.21568627450980393,0.7843137254901961,0.7-0.8
awj880,AITA if I don't tip the pizza guy when they constantly forget my extra sauce?,"TLDR at bottom. I used to work at both Pizza Hut and Papa John's and can barely stomach their food anymore, so whenever I get pizza delivery it's Domino's 99% of the time. When I order, I always order several of the extra cups or sauce. I don't expect it for free, I'll gladly pay for it if I can get the dinner i want. I use a lot of sauce on my food and also keep extras in the cabinet for home cooking and when they forget my sauce. I'm not gonna be an asshole and make them drive back to the store and back to me all for 1 garlic sauce for no extra tip, but after a while I get tired or having my order wrong.

The problem is, over 50% of the time they miss one or more of the extra sauces I paid for. Even after I ask the delivery person if they got all the sauces, they will still be missing or wrong. It got the point to where I've called the store and talked to the manager, he assures me it won't happen again and it does. So I started telling the drivers the next time they forget my sauce they won't be getting a tip. Now I used to be a driver too, so I know sometimes you forget things or the person on cut table didn't put the sauce in the box like they said they did. So I started putting in the driver instructions that I won't tip them if they forget my sauce. Nothing else I say or do seems to help. So last night, it happened. I ordered 11 extra sauces. I ask the driver when he gets there if he got all my sauce, he hands me a bag. Normally that's where I tip them but after getting it wrong so many times, I have to check. So I open it and check them, not only is the total count short by 2, missing 1 of the marinara cups and the only cup of icing for the dessert, all 4 cups that were supposed to be mango habanero were instead ranch that I ordered zero of. So out of 11 sauces I ordered and paid for, I only got 5 of them correct. 

Being an ex driver myself, I didn't want it to come to this. But it had gone too far. I handed him back the ranch that I didn't order and told him I won't be tipping because the sauces were wrong yet again and that next time if they wanted a tip, my order should be correct.

TLDR. I always order and pay for extra sauce with pizza, they have gotten my order wrong so many times I won't tip anymore if even 1 item is wrong or missing. Am I The Asshole?
",7,33,2,0,0,42,0.21428571428571427,0.7857142857142857,0.7-0.8
aswgjp,AITA for reminding school to not call me Mrs. Husband's Last Name?,"I have reminded my son's school a number of times I am not Mrs. Husband's Last Name (or Mrs. Husband's Last Name Spelled Incorrectly) and to please call me by my first name, first and last name, or Dr. My Last Name (I kept my last name and have a doctorate, before which I went by Ms. Whatevz). 

Today they addressed me incorrectly again in a (somewhat tense) email exchange. I couldn't stop myself and ended with ""as I've said before, please call me first name, but if you must, Dr. Whatevz."" I feel uncomfortable doing that but it really grinds my gears that is been nearly two years and they can't /won't get my name right. 

So... AITA? ",20,58,1,20,5,99,0.21212121212121213,0.7878787878787878,0.7-0.8
a176d2,AITA for wanting to play PS4 instead of show my girlfriend attention?,"Ever since Black Ops 4 came out, I have been playing the game every day during ALL my free time. Since I am a senior at my university, I finish early. So at any given weekday I will play 4-6 hours. I moved in with my girlfriend and she expects that now I show her even more attention through the weekday. I simply don't want to do anything, I just want to play my game. Nothing personal towards her. I told her this is how I relieve my stress. To make up for it, I dedicate Friday's and Saturday's for her where we go on dates - going out to eat and watch movies. But once Monday hits, I spend most of my time through the week playing. My rationale for not showing as much attention is because last year when we dated, we didn't live together and would not see each other until 8 PM or so anyways. So I told her, think of it as the same thing, except I am in the living room and won't be as attentive until later in the night. AITA here? Is she expecting too much? We been dating for 2 years 4 months.",55,13,1,2,2,71,0.7887323943661971,0.7887323943661971,0.7-0.8
b7lluf,AITA for saying my religion is the Flying Spaghetti Monster?,"So for a class discussion we had to do a short presentation on something we have a strong belief in. Could be religion, politics, etc. 

I (16M) am an atheist and chose Pastafarianism, which is the Church of the Flying Spaghetti Monster 👾 as my religion. 

The whole class was laughing except two students who were strict Muslim and Christian.

My teacher asked ""Are you just doing this as a joke or to prove some point?"" so I admitted I was. I then calmly explained why I thought religions such as Christianity and Islam were dumb, which made the two students look even angrier at me.

Teacher had a word with me after me class and said don't pull that shit again. I said okay, but it's still within my free speech to say all religion, especially monotheistic ones (Islam, Judaism and Christianity) are evil. My teacher is a Christian and he looked a bit pissed so said I need to stay on focus/topic.

As it stands, I already get good grades. His class is the one I don't take seriously tbh, mostly because of the nonsense subject matter on the module and partly because he's a Christian but I calmly explained my points AITA? ",651,169,11,8,6,839,0.7890345649582837,0.7890345649582837,0.7-0.8
b9hvg5,WIBTA if I killed my friend’s aloe vera on purpose because she doesn’t care that her cat keeps getting upset stomach from eating it?,"My friend has a 3 year old cat. 7-8 months ago, she got a giant aloe vera as a houseplant from her boyfriend. I take care of her cat occasionally when she and her boyfriend leave town on vacation. I’ve noticed in my visits that the cat has been nibbling on the aloe vera. I’ve cleaned up his diarrhea and vomit with bits of aloe vera in them.

A few months ago, I warned my friend that aloe vera toxic to cats and that she really needs to relocate the plant to a place where the cat can’t reach. She told me there isn’t a secure, sunny spot in the apartment, and that the cat is still young and will eventually learn it’s bad to eat it. She said it was a very special gift from her boyfriend and she does not want to get rid of it.

The problem is the cat hasn’t learned. I’m taking care of the cat this week and next. The poor cat keeps having vomits and diarrhea from eating the aloe. I’m tempted to kill the plant by thoroughly salting the soil. I can tell her she over watered and caused root rot when the plant finally dies. She doesn’t know enough about keeping plants to know. Should I and WIBTA?",4,38,6,0,1,48,0.20833333333333334,0.7916666666666666,0.7-0.8
ayj5t1,AITA for disabling the recline on the plane seat ahead of me?,"For background, I was in the second row of coach for a very long flight. The row in front of me was the bulkhead, so they had a TON of legroom and no one in front of them where they would need to recline to recover their own space from a recliner in front of them.

Traditionally, I jam a water bottle in the gap between my tray table and the seat so that the recline mechanism doesn't work to prevent the person in front of me from spending the flight in my lap. It's perfect because it gives them about half an inch of recline and then stops, so generally they just assume that's all the chair does and stop trying after a few pushes.

I like to use my lap tray, and frankly I think reclining on a flight is incredibly rude and would never consider reclining myself, especially if it's in coach and not a red-eye. AITA for secretly forcing good manners upon my seatmates?",61,13,0,3,1,77,0.7922077922077922,0.7922077922077922,0.7-0.8
b8oagx,AITA For showing my 2 year old daughter a giant anaconda eating a bunny,"Monday is my father daughter day. This past Monday I took my daughter to the zoo. It went about like you'd expect. We had a blast, but I wasn't sure how the snake habitat was gonna go. We tried it, and she winced a bit at the bigger reptiles. No major freakouts. We get to the giant anaconda, and it's very obviously devouring what was once a cute bunny. Daughter looks away in horror. I stay and watch, daughter in my arms. Eventually my daughter starts watching with the same amazement I had. We moved on, and daughter quickly forgot. She loved the primates and acted like a monkey the rest of the day. 

I get home later, mom says I probably scarred my daughter for life, and I'm an extra big AH for doing that so close to Easter. I think mom might be right. I feel kinda bad now. ",11,23,0,19,3,53,0.20754716981132076,0.7924528301886793,0.7-0.8
ap1tiv,AITA for threatening to leave my boyfriend if I ever got pregnant?,"My boyfriend isn’t the best at respecting my boundaries when it comes to sex. The only birth control we use is condoms. I refuse to go on the pill for a number of reasons. He used to pressure me to let him have sex with me without protection because condoms don’t feel good despite me always telling him no. This was even after I had a pregnancy scare. Finally I put my foot down about it and told him to never ask me about it again. He told me he didn’t take my pregnancy concern that seriously because I would just get an abortion should it happen.

I don’t ever ever want kids and I’ll get an abortion no matter what. But I don’t want to go through the whole emotional toll of having an abortion. I’ve had friends who had abortions and it’s not fucking fun. I also have tokophobia, a fear of pregnancy. Literally every month I get near anxiety attacks because I’m afraid I’m pregnant or will get pregnant. I’m looking into getting my tubes tied and my boyfriend already booked consultations from two different doctors for a vasectomy. 

He finally stopped pressuring me and even told me he now understands and empathizes with women who have to go through the gruelling process of pregnancy and abortion. He told me he doesn’t want to do anything that’ll cause me anxiety. But lately he’s been careless again. He was rubbing his dick against my genitals and I was okay with it, then he suddenly just slides it in without my permission. No condom. Raw. I just let it happen for about 20 seconds before I told him to pull out. Shortly after he stuck it inside me again and I told him to pull out. 

I’m getting anxiety about being pregnant now even though he claims he wasn’t even close to cumming. He even said he won’t do it ever again, and if I do get pregnant, he’ll support me the whole way. I told him, “No, if I do get pregnant, we’re over.” 

He got pretty upset about that statement because I’m threatening him with a breakup over something that’s both our fault. But honestly, I’ll feel extremely disappointed in myself if I do get pregnant and I don’t think I’d be able to look at him again. 

AITA for that remark? ",23,289,52,1,2,365,0.2054794520547945,0.7945205479452055,0.7-0.8
b354b4,AITA for having a gender preference in our selective abortion?,"I'm 27f and my husband is 30. We tried for a few years to have baby, long story short, it didn't work out and we ended up going through a couple rounds of IVF. 

Fast forward. We find out we're pregnant and we are super happy, like over the moon ecstatic.  We couldn't wait for the 12 week mark to tell people, and started working on a nursery right away.

However, we go to our scan and find out we are having FOUR babies. Four. That's insane. I'm cutting a lot of backstory out because honestly, it's hard for me to talk about. At the time, my husband and I are just in shock, but happy we have healthy babies. 

Now, I'm a small woman, 5'0 and very petite. At my next scan, it was suggested I consider aborting two of the pregnancies for the sake of my body, and to be honest, I was quietly considering bringing this idea up to my husband anyway because of the money involved with raising four children. We could afford two babies, but no way could we afford four. 

Me and my husband are distraught that this is our reality, but we went home and tried to figure it out. From our latest scan, we know we have identical twin girls and two fraternal boys in there. If we go through with the selective abortion, which we most likely will, I brought up that I would like to keep the two girls as they are identical twins (I'm hoping they have the 'twin bond') and also, to be honest, I've always wanted girls. 

My husband is on board with this, but as soon as I told my mother and sister the scenario they kicked off, calling us selfish, entitled, saying we are searching for designer babies, etc.

The way I see it is that we have to make a choice which babies go if we do this, and it breaks our hearts that we are in this position but we need to do what we can for the sake of our children. This story sounds so tragic, like a soap storyline or something but it's honestly the hardest thing I have ever done. 

So, my question is both AITA for having a preference in this? ",52,193,7,36,14,288,0.2048611111111111,0.7951388888888888,0.7-0.8
aeokcg,AITA For Wanting No Military Uniforms At My Wedding?,"My SO and I are ready to make our 5 year relationship official.


A bit of background, we met online and were long distance for 3 years before spending 2 years together travelling back and forth. We are planning a K1 visa and are ready to start the 90 days this year for a September wedding.


His BIL was in the Marines 8 years ago and always wears his uniform to special occasions. I straight up said I would not allow this as this Wedding is a celebration of love and committment and not a ""oh you fought for the country."" I would prefer if we kept any type of war, fighting, negativity away from our day. 


His BIL is causing a fuss, and as you can tell im not from the US but my husband to be has my back on this. This day of ours, we want it to be about love and us. Even his wife is rolling her eyes.


AITA for not understanding his BIL's uniform? 


",93,402,13,18,5,526,0.20152091254752852,0.7984790874524714,0.7-0.8
ak8563,AITA for loudly heckling cat-callers?,"This is something I've been in the habit of doing for like two months now, ever since moving to a big city. Random dudes shouting at people has always been a pet peeve of mine (*watch me about to be a hypocrite*), so I've been experimenting with being the change you wanna see in the world, etc. 

Anyway when I see it happening I tend to loudly ""*booo!*"" them, like you would a villain in a silent movie. This pretty frequently earns me some cussing in return and the occasional threat of an ass-kicking, but I'm a fairly big fucker and no one has made good yet. 

Basically no one who's observed me doing this thinks I'm not an asshole for doing it. Guys think I'm a white knight who's cruising for a bruising. Girls think I'm just drawing attention to the situation and making it worse. My rationale is that, if I can make the experience uncomfortable for the cat-caller in question, maybe I can discourage the behavior. And maybe help to create an atmosphere of dudes telling other dudes to knock that shit off. Also, OK, I find it funny. But I could very well be an asshole and should maybe stop. Hence the question. 

Thanks!",6,40,4,0,0,50,0.2,0.8,0.8-0.9
ao3av3,AITA for being upset that my girlfriend is going to her best friend’s lingerie party,"So my girlfriend and I have been dating for almost 6 months now. But we’ve known each other 10 months. We have a very loving and understanding relationship. I travel for work a lot so we’re often away from each other. The other day, she told me that she should be going to her best friend’s lingerie party. Her best friend is turning 31 on March 22nd and she’s having a lingerie pajama party. 

As soon as my girlfriend told me this, I felt very angry. I felt angry because wtf? Why would she go to a lingerie party when she has a boyfriend? When I expressed that to her, she kind of put her foot down and was like “yeah, you can’t tell me what to wear, and I’m going to my best friend’s lingerie party”. She did her best to assure me that nothing is going to happen. But it’s still very hard to get over the image of her walking around in a group of 50 people wearing nothing but lingerie. I got very upset and told her that she doesn’t take my feelings into consideration, she doesn’t care about what I have to say or how I feel about the party. She seems to only do her thing without considering how I feel about it. 

Who’s the asshole here? ",79,14,1,6,17,100,0.8,0.8,0.8-0.9
ajqc61,AITA for snooping on my fiancé's phone even though snooping allowed me to find out what he's really been up to and not be such a b-tch to him?,"Long story as all these things usually are so I'll try to boil this down as best I can. 

Been with fiancé for 5 years. I'm 27, he's 28. Great relationship but I tend to be on the untrusting side because of being cheated on in the past (boyfriend and TWO of my best friends...yuck). So around Christmas fiancé started exhibiting all the behaviors that my ex did. Cancelling dates, not being where he said he was supposed to be, not being at his apartment, not ever having his phone with him, turning off findmyfriends unexpectedly on and on. 


I tried talking with him and asking him if something is wrong, he said no. I was like ""oh, calm down Sarai, he's never given you any reason to doubt him"" which worked for a while but his shady behavior just got more and more shady. In all of this, I was awful to him. I was just moody, grouchy, I told him I didn't want him to stay over and not have sex. I had no proof of anything other than my intuition but I still took it out on him. 


So maybe last week, I was sleepless in the middle of the night and just to see what he was up to and turned on findmyfriends and saw that like at 1AM on a Tuesday night he was at this really cool old converted warehouse that's half loft's/half artists space close to our towns bar district. I knew for a fact his ex-girlfriend lived in the lofts and I was like ""ohhhhhhh-kaayyyyyy….red handed.""  So I screen capped it and was like planning on breaking up with him the next day. 


So surprise, surprise he shows up at my place that same night at like 3AM which I was like you have to be fucking kidding me dude, you're going to fuck her in the same night you're going to try to fuck me? Not a chance and to make it even WORSE he got right in the shower. So I wanted more evidence to dump him so I logged into his phone and was going to screen cap all the incriminating texts, photos and videos and text them to myself. 


So this is what I found which also requires some backstory. I love the modern take on twisted wrought iron garden trellises and gates. Like think they are the most amazing thing. Well as it turns out my fiancé has been taking welding classes so he can build us a trellis  that can be the backdrop for our wedding ceremony. Like massive amount of text messages between him and his instructor, pictures of the work in progress and practice pieces his done. There was even a text message that said ""it's getting harder and harder to keep this a secret, but I think the surprise will be worth it."" And the instructor is teaching him in the loft spaces, absolutely zero mention of his ex anywhere his phone.  My stupid black heart about melted back into pink. I felt SOOOOOOO guilty for snooping. Like such an idiot and not only that I ruined this great surprise that he had planned for me. 

But in all honesty I feel better knowing what is up. I don't have to worry that he's cheating, I can still act like it's a surprise and be just as delighted with his project. Most of all I've been so much nicer to him and we are back to getting along great. 

Maybe the ends justifies the means here...sooooooo AITA?",221,31,16,28,2,296,0.8006756756756757,0.8006756756756757,0.8-0.9
ak43ts,AITA for waiting with telling my ex-girlfriend that the baby cannot be mine?,"So, first of all, obvious throwaway. Secondly, I'm on mobile, so excuse any formatting errors.

Bit of a background, I've decided a few years back, after a major pregnancy scare, that I'm not gonna leave something like this to chance, and I've got a vasectomy.

Fast forward 5 years, I'm in a relationship with this girl, our 1 year anniversary is coming up, and she decides to spring up on me, that she is pregnant. To this day, I'm amazed that I've kept my calm. I'm not going to lie here, I'm not a saint, in fact, I'm a pretty vindictive person. My first course of action was asking if she considered an abortion. After her stating, that having a child was one of her top priorities, the case was pretty much clear to me.

The whole gist of the matter, in my country, abortions are allowed until 16 weeks in. So I've waited, and bid my time to strike. I've waited the whole 16 weeks to make sure, then confronted her with the following: either we get a paternity test, or she fucks off immediately. Now I know that even a vasectomy isn't 100% safe, so I was fully prepared to take responsibility if the child was actually mine. Well, seems like I'm never going to know, as she vehemently refused testing, and broke down crying after me kicking her out.

TL;DR Girlfriend cheated on me, got pregnant, I've tricked her into believing that I belive it's mine until she couldn't abort anymore, then unceremoniously kicked her out and cut contact.

So, am I really the Asshole here?",95,34,54,3,5,186,0.8010752688172043,0.8010752688172043,0.8-0.9
akgmre,AITA for being mad at my husband for telling our son not to listen to women??,"I was/am outraged at what I heard my husband say to our 15 year old son about a week ago. Our son has started dating and he’s been coming to me for advice since his dad is on the road for work a lot. He was home last week when he was telling us about how he bungled things with the girl he was talking to. 

I told him basically to move on and reinforced the advice I’d given him before about being respectful and polite.

As I left the room he asked his dad what he thought and his father said, “never listen to what women say. Just pay attention to what they do. Your mother will tell you things because she thinks they’ll work, but trust me, it’s better to just watch how they behave and change your behavior based on that.”

This struck me as being incredibly sexist and dismissive of not just what I said but if who I am as a woman. What about our daughters??? I feel like this was an awful thing to reach our son but my brothers and my dad all laughed it off and said he was right.

Am I overreacting or is my husband actually the sexist asshole?",15,45,2,24,2,86,0.19767441860465115,0.8023255813953488,0.8-0.9
b1u632,AITA for siding with my dad after he berated my girlfriend?,"My dad has always been hard on me but he’s always seen to it that I’m taken care of. He’s allowed my girlfriend and I to live in a home that he owns, rent free. I’m working on getting my own place soon but since I just graduated from college it’s kind of hard to afford my own place. My girlfriend adopted a shelter dog recently. Her previous owner neglected her and she spent most of her life in a cage. Since she was neglected she was never house trained and she can be destructive around the house. When my girlfriend and I leave for work she’ll claw at the door and leave scratch marks and leave bite marks on some of the furniture.  My girlfriend wasn’t aware the dog had these problems but she did know she needed to house train it. When my dad learned about this he was pissed and he told my girlfriend to get her dog under control and that until it’s trained she either has to cage it or leave it outside in the cold because he doesn’t want it messing up his house. Since she spent most of her life in a cage my girlfriend doesn’t want to cage her dog but he told me to make sure this rule is enforced. 

Yesterday my dad told me he was coming over to talk to me about some things and to check on the house. My girlfriend has been slacking on training her dog so she still not house broken and destructive and I haven’t been enforcing my dad’s rule. I tell my girlfriend that she’s going to need to cage the dog until my dad leaves but she refuses. My dad comes over and sees the dog not caged and he asks me if it’s trained and she tells him it is. Things are going well until my dad sees the dog chewing some furniture. He yells at the dog and this causes her to pee herself revealing that the dog is still destructive and not house broken. My dad begins going on a tirade calling my girlfriend a lying bitch and telling her that he’s going to throw her and her damn mutt out. Throughout him yelling at her I stay quiet and don’t intervene. He tells me he’s disappointed in me because I betrayed his trust. I tell him I’m sorry and that from now on the dog will be caged. After he leaves my girlfriend is in tears because I didn’t say anything while he was yelling at her but mostly because I sided with my dad and will now be enforcing his rule. I think caging a dog who spent most of its life in a cage is cruel but it’s my dad’s house and he can make the rules.",29,22,61,0,1,112,0.8035714285714286,0.8035714285714286,0.8-0.9
a7foct,AITA for kicking out a couple who brought their baby and toddler to my wedding because I wanted a child-free event?,"This couple I’m not very close with but the wife is a long-time family friend so I felt that I should invite her. To be clear, all of my invitations stated that there were to be no children at this wedding. But she and her husband showed up with their infant and toddler (who I think is like 3-4). 

At the actual wedding ceremony, I let it slide. I was preoccupied for obvious reasons. I also thought that maybe they planned not to attend the reception or to have someone pick the kids up before it started. (My niece, who was our flower girl, and a few other kids who had to be at the wedding for one reason or another we’re getting picked up/dropped off after the ceremony ended). 

Anyway the reception rolls around (I’m fast forwarding through irrelevant details about the wedding but it was beautiful and everything went as smoothly as could be expected). The couple comes and, lo and behold, they still have their children.

I had many other guests and didn’t really feel like dealing with it so I asked our event planner to go over to them and discuss whether someone was picking up the child as the reception (and wedding, frankly!) were not supposed to have children. 

I mean, everyone was drinking and loud and rowdy and  a crying child and another little one running around was not part of the plan. (The infant  already had to be taken out once during the wedding ceremony because of fussiness and the toddler was, from what I could see, already appearing cranky). 

My event planner went to talk to the couple. I could tell they were arguing with my event planner though so I went over to help him. I think they thought I came to rescue them because they started going on about how rude my event planner was. I explained that I had actually sent him over to discuss the children. I reiterated that the event was child-free and said that I had stated so clearly on my invitations. 

The wife gave a sort of apology and then assured me that they were capable of minding their own children to make sure they didn’t get in the way of anything. I said that wasn’t really the point. That’s when my now-husband comes over and he and the other woman’s husband begin going back and forth and things got a little heated. 

Finally I snapped and said that they just needed to go, which, thankfully they did without much more noise. Still, the whole scene was incredibly embarrassing which is exactly what I wanted to avoid. 

I really hate that my wedding day had to be somewhat marred by this incident. According to my mother, everyone was talking about it and I guess enjoying a little dramatic entertainment. 

Was I the a-hole for making them leave?

**Edit 1: Wow um this kind of blew up out of nowhere. Thank you all so much for the feedback. What I’ve gotten from this is that most people think that the couple was rude. There are also a select few who feel that it’s assholish to have a kid-free wedding at all which is...interesting.**

**By way of an update, I have now learned that a few family members felt that it was inappropriate of me to kick out the couple. (The wife apparently is still angry about getting kicked out and the husband is FALSELY telling people that we threatened to call the cops on them). No one has said anything directly to me though.**

**Anyway the feedback here has helped me not to feel guilty about that and just realize that not everyone has the same ideas about tact and manners.** 

**Edit 2: Well apparently this went somewhat viral and has now been in articles on Fox News, DailyMail, and Yahoo News. Many thanks to those in the comments who let me know! I had used a throwaway account to stay anonymous and lowkey, but I guess that’s out the window lol. No point in deleting now, so whoever sees it, sees it 🤷‍♀️ ",50,328,32,9,8,419,0.1957040572792363,0.8042959427207637,0.8-0.9
awq2k7,AITA for being frustrated with my coworker who just had a baby?,"Am I the asshole for being frustrated? 
I’d like to note that I’ve never said anything to this coworker, but it bothers me every day.
I work at a small veterinary practice in California. I have a coworker who had a baby last year. Before having the baby this coworker was on top of her shit! She was the type to call any of us out on slacking and was the go to for any and all questions. She had a M,Tu,F, Sat schedule.
This is her and  her Husbands first child. Both of their families live across the county and both planned on working after the birth so they knew they would have to find a nanny/daycare.
Towards the end of the pregnancy, this coworkers mother was diagnosed with terminal cancer. Her mother died shortly after the baby was born. Our entire hospital (we are a tiny clinic) banded together and worked a ton of overtime to accommodate her to be gone a extra few months outside of her maternity leave to deal with the loss of her mother. 
When she came back to work she announced that she was putting her baby in daycare Mon-Thur and would no longer be working her normal schedule. She never thanked anyone for stepping up to help cover so she could have extra time off to grieve. She then expected us all to change our schedules on a whim to accommodate the daycare schedule she chose. She now gets a 3 day weekend every week. This is unheard of in veterinary medicine.
We again all changed our lives around to accommodate her. Anything to make her life easier with a newborn and dealing with the loss of her mother. We rearranged the break room to give her a safe place to pump. 
She pumps twice a day for at least 30-40 minutes at a time. She’ll clock out for lunch, clock back in and go pump for 30+ minutes. She’ll then pump for another 30 plus minutes on the clock straight before we close, when she’s done she punches out and goes home. She doesn’t tell anyone before she pumps so we’ll be swamped and suddenly down a technician with no notice. 
Her baby is now 14 months and this is still going on. My other coworkers and I all feel taken advantage of. Are we the assholes for feeling that way?",6,28,2,5,0,41,0.1951219512195122,0.8048780487804879,0.8-0.9
acb4l5,AITA for lying to the autistic clients of the group home I used to work about the ingredients of the meals I cooked for them?,"So I worked on a group home for autistic people, and many of them were ridiculously picky eaters. It was my task to feed them and prepare their meals. Well, they'd feed themselves but I prepared it. Anyway... there were some of them who hated mushrooms. But fuck it, the pre-cut vegetables I bought in the store tended to have some mushrooms in them. I couldn't be arsed to remove the mushrooms so... I just decided to have a little experiment. And cut them really, really small and make them disappear in a sauce so softly and thoroughly cooked they'd practically fall apart.

Surprise, surprise... they never noticed! Emboldened, I proceeded to include tiny onions into dishes of clients I knew hated onions. Tiny enough and all of a sudden they no longer minded it. They complimented me, in fact. Another client hated all things ""chemical"" and insisted I cook using only the freshest of ingredients... I'd do a little bait & switch with bottles and cups and he'd never know what really went in the sauce.

I basically cooked, carefree, whatever the fuck I wanted and felt okay with doing that because I felt a lot of these guys who were 'picky eaters' were really just being childish and hiding behind their autism diagnosis. My superior eventually caught on to what I was doing and wasn't too pleased... but no client ever noticed and they all loved my food! ",86,19,3,2,1,110,0.8090909090909091,0.8090909090909091,0.8-0.9
ah3hdd,AITA because it pisses me off when my mum sings in the car?,"So I'm 15M, and first off my mum is great and I could not speak highly enough of her. Now, every time I'm in the car with her she always just sings in the car pretty loud while I'm just on social media and I don't know what it is but it just simply really annoys the shit out of me. So this morning I asked her to stop but she just ignored me, I asked her once more and she just started screaming at me saying that I wanted to ruin her fun. This has probably been happening for about half a year and she won't stop, and she always makes me feel bad after getting angry at me.

AITA?

tl;dr: just the title",39,8,4,2,0,53,0.8113207547169812,0.8113207547169812,0.8-0.9
awynzq,AITA for eating Chick-Fil-A in the car?,"Earlier today, me and my girlfriend's dad went out to shovel some people's driveways. He had mentioned that it's something he does this time of year to make some extra cash and I volunteered to help him today since he's not really a big fan of mine and I've been looking for a way to prove that I'm a good guy who'll treat his daughter right. We both went out in his truck and we spent a couple of hours going around a nearby neighborhood and shoveling snow off of driveways.

Things went good on the work aspect, but things went bad when we stopped for lunch. He did drive-thru for Chick-Fil-A and he pulled up to the speaker and asked for two meals with two bottles of water. I told him that I wanted a soda, but he starts yelling at me that I'm getting water because he doesn't want to spend the extra money for a fountain drink. I just sat back and shut up so that I couldn't be yelled at again. We got our food and he told me not to eat any in the truck since we'd be home soon. I was starving and I really was resisting the temptation to try and sneak a waffle fry while he wasn't looking. We reached a point where he was looking into his side-view mirror and I quickly snuck a waffle fry, but he saw me. He looked over to me with a pissed off look on his face, but he was also distracted and he had to slam on his brakes to avoid rear-ending the car in front of him. Our food went spilling all over his floor and he yelled ""YOU MOTHERFUCKER!"" He started yelling at me to get out of his truck, but I stayed behind to try and grab my sandwich. He snatches it from me and tosses it out the window and he yells at me to get out again. I get out and he yells at me to walk home and he drives off.

I just called my girlfriend and had her come pick me up and she wasn't happy with her dad. She said that she'll try and talk to him about what happened. I just hope that there's nothing in this story that would make my girlfriend consider breaking up with me. I don't see that I'm at fault by that much.",12,10,31,0,1,53,0.8113207547169812,0.8113207547169812,0.8-0.9
awkeuq,AITA for expecting my wife to do more of the housework because I bring in more income?,"The title is essentially it in a nutshell.

My wife and I have been married for 4 years and have 1 kid and this is a constant disagreement. I make almost 4x what she does. I'm not saying she has to do 4x the chores, but am I an asshole for expecting her to at least be the ""management"" and keep track of everything, as well as being the one to take on the bulk of the child work and housework? If not for me, she couldn't keep the roof over our child's head or food in his mouth. I am funding almost the whole operation, so I believe she should be contributing in other ways. AITA?",159,34,1,3,23,197,0.8121827411167513,0.8121827411167513,0.8-0.9
auj822,AITA for giving a waitress a big tip?,"Right now, I'm seeing a woman in a fairly casual situation. I'm 27 years old and she's 25, and the incident I'll talk about happened on our third date.

On Saturday night we went to a gourmet burgers and fries place (think Pulp Fiction John Travolta/Uma Thurman car in the wall joint) for my birthday dinner. It was her choice and I thought it sounded like a grand idea, as corny restaurants are always a blast. A while after our burgers came the waitress paid us the typical ""how is everything"" visit, and stuck around for a short chat after. During the course of our talk I ended up mentioning that it was my birthday, and she told me that it was hers too. It was a nice little coincidence and we all seemed to get a kick out of it.

Eventually our waitress excused herself. After we finished eating we ordered a couple of shakes, at which point the waitress and I nicknamed each other ""birthday girl"" and ""birthday boy,"" respectively.

Our check came, and to my surprise my date didn't make any indication that she was going to pay. I didn't raise a stink about it of course, and I didn't think it was exactly a huge deal. I thought it was normally for the non-birthday party to pay on someone else's birthday, but again, different people may be used to different things.

I checked the bill and saw ""Happy Birthday!"" written at the bottom with a cute smiley face. I put in the cost of the meal with a standard tip, and we got up and put on our coats. At the last second I told my date to hold on a bit, opened the bill back up, and slipped in another $100. I wrote with the provided pen ""You too!"" next to her message. My date noticed this and gave me a sideways look.

In the car I asked what she wanted to do next, and she gave me the silent treatment, just kind of sighing and looking out the window. I figured it had something to do with the tip I gave the waitress because that's when she started acting like that. I asked what was wrong and she just responded by settling deeper into the seat. The next few minutes were completely silent and I just started heading towards her house.

She abruptly blurted out a bit later that I was wasting my money and she couldn't believe I was so irresponsible. I asked her what was wrong with giving $100 to our waitress for her great service, and she said that I should have spent the money elsewhere, or at least given it to a deserving charity. Again, I reiterated that I felt it wasn't a big deal, and couldn't get a decent answer out of her.

I took her home and without a word she just stepped out of my car, walked to her front door, opened the door, and walked without even turning her head back. Last night she texted me saying that I overtipped the waitress and asked how I felt about giving the waitress $100 when I haven't given her (my date) a single gift yet. I haven't responded and it is kind of keeping me up. 
",19,208,30,8,5,265,0.18490566037735848,0.8150943396226416,0.8-0.9
b4iwg6,AITA for refusing to get an abortion and telling my mom she can't meet my son.,"Let's start this off with a bit of backstory. I don't want mom or my brother to find this.

&#x200B;

My girlfriend and I( both 19) have known eachother for 9 years and been together romantically for 5 of them, we love each other. We fight and make fun of each other but we're in love. My mother however, dislikes my girlfriend and has made no attempt since we were ten and first met to try and make a relationship. She wanted me to have nothing to do with her and saw her as a rowdy delinquent and not a good influence on me. My girlfriend will tell you herself that she was terrible person as a kid but she's grown up a lot since then, we both have.

We mutually decided that we would wait until after university for marriage and kids and used condoms plus pulling out. But like everyone says it only takes one time and my girlfriend is pregnant after one night without a condom. My mom found out from my brother after he let accidentally let it slip. We were gonna tell her after we returned home from a summer long visit to my grandparents on my late father's side in California (found out in August 2018)  but I told my brother beforehand for advice on what to tell her and he somehow let it slip to her. So we returned early from the trip and well mom flipped her shit and yelled at us for being reckless (we expected as much) when we got in the car then asked us what were our plans. We told her we were gonna keep it and she told us we need to to think about it more before deciding what to do it. My girlfriend told her we had spent two weeks thinking about since we found out and decided to keep the baby. Mom told us we were making a mistake and we'd regret it and the rest of the ride was tense and silence after that. Me and my girlfriend moved into our own place (with help from our grandparents) and my mom and I didn't talk the whole pregnancy.

Last week, we welcomed our son into the world and a made a post on Facebook about it only to get a call from my mother consisting mostly of her tearing me a new one for not 'making her get an abortion' (exact words)  and trying to convince me to 'run while he can't remember me'. I told her to fuck off and hung up in her face. Yesterday she called and and apologized and asked when she could see her grandson. I asked if my brother also had a son I didn't know about and told her that as far as I was concerned, she gave up the right to be in his life when she told me to run and that she would NEVER see him until I say so. She started to cry and hung up.

&#x200B;

My brother messaged me and told me I was 'too harsh' and 'she was just trying to look out for me' and that I should apologize and let her see him now that she's changed her tune. My mother's parents are also pissed at me for this but my girlfriend is on my side. I'm starting to wonder if we were too harsh on her and was she really trying to look after me?",9,137,22,2,3,170,0.18235294117647058,0.8176470588235294,0.8-0.9
aj8fpo,AITA For warning my girlfriends brother after he stereotyped me?,"Im 27, i have spent seven years in prison. I have been free for one year.

I have tattoos on my fingers, forearms, back, chest, neck, and on one cheek. I realize i look scary to people who havent been in prison. 

Ive been dating a girl for four months. She knows my history and its generally been good.

However her family does not like me, and judges me on my appearance and my sentence. I have served my time.

Her brother recently asked me if I killed anyone. They also joke that i look like the bad guy from cape fear. 

I told him to not to be a smart ass, and that he should watch how he speaks to other men who might not be as understanding as me.

My gf is now angry at me for ""threatening"" her brother. I dont make threats, I give warnings. Her family has been disrespectful for months and this is the first time i warned them. AITA.",55,12,13,3,3,83,0.8192771084337349,0.8192771084337349,0.8-0.9
ayobbg,AITA for telling my girlfriend she has to get rid of her dog?,"Throwaway because I'm just a lurker with no intention of becoming a regular poster; just wanted some third-party opinions on this particular issue. 

A little backstory to set context:

About two years ago I started dating the woman I'm currently with. After casually dating for a couple months she ended up getting pregnant. We moved in together shortly after to save money in preparation for the baby. I already owned my home so we decided to move her and her dog into my house with my two dogs. 

Here's where the problem begins. She is a nurse working the night-shift. She felt guilty about crating her dog at night to train him properly and basically let him use the restroom wherever/whenever he wanted in her apartment. When she moved in I told her that I would be happy to train her dog as I did with my boys but that we had to start immediately as I did not want him ruining the house and I was acutely aware that we would have zero time/energy to devote to dog training once the baby was born. She agreed but immediately undermined any efforts I made to train him - she would let him out of the crate during his crate time, get upset at me for reprimanding him (spray bottle squirt, a stern NO, and/or a light tap on the nose), and eventually told me that she would just take care of training him. 

Fast forward to present day. Her dog is not trained at all. He growls at me, has bitten me on two occasions, consistently pees/poops under our bed, peed on our son's playpen a month ago and finally tonight shat in his room at the foot of his crib, waking him up and driving me to post this at 2 AM. I am genuinely worried about our son's health and safety at this point. Her dog is only 10 pounds so his bites didn't do much damage to me but he could absolutely hurt a 7 month old child. On top of that, he's peeing/pooping in areas that our son plays and sleeps. 

I have told her for the last 6 months or so, on a fairly regular basis, that we need to find a new home for him as I'm now completely unable to train him even if she would let me and I still wanted to - between taking care of the baby, my two dogs, the chaos of her night-shift schedule, and me hunting for a new job/getting my Master's & CPA I literally just don't have the ability to. When he woke the baby up tonight it was my final straw. I texted her that I would be bringing him to a no-kill shelter this weekend as she had not put any effort into finding him a new home on her own. She wrote back a few angry things and has now stopped talking to me. 

I absolutely love dogs and animals in general but I'm down to 5 hours of sleep on a good night. I didn't want it to come to this and attempted to get in front of the issue with her by training before the baby came but, as I said, she interceded. At this stage I'm worried that it's driving a wedge between she and I during a time that's already pretty stressful. 

AITA? 

&#x200B;",8,67,7,1,0,83,0.18072289156626506,0.8192771084337349,0.8-0.9
agkk9x,AITA for wanting my daughters to learn how to fight against my wifes wishes?,"AITA I want my daughters (4 and 2) to learn Krav Maga and/or Judo when they are around 7-10 years old. I want them to learn martial arts for the self defence and mentality. Personally have training in a vareity of martial arts for nearly a decade and have seen the benefits of training and the value of said benefits in legitimate self defence. My wife doesnt want the girls to learn how to fight because she doesnt want them getting hurt or becoming aggressive to each other. 
When I bring up the topic of the girls needing self defence in case of sexual assault, rape and kidnapping she seems to take a frankly mind boggling stance that we should ""teach men to not do that""  I tell her she is naive and needs to face the reality there are monsters out there and I want to girls to be able to fight back/ defend themselves. I have already started guiding the oldest one by having special ""movie dates"" where we watch Bruce Lee movies and even some of the classic hall of fame boxing matches with big bowls of popcorn and then play fight and rough house as much as possible.
My wife has confronted me and said I am going to hurt the girls and potentially give them the idea that fighting is an acceptable playtime with other kids and I deliberate do it to spite her.
So AITA?",7,47,6,12,1,72,0.18055555555555555,0.8194444444444444,0.8-0.9
ba0ayr,AITA for leaving/ghosting my GF that was financially dependent on me without warning after discovering she cheated on me,"**With regards to the meta post:** I know I'm not an asshole for leaving her. I'm more concerned with the way I went about it.

-------------------------

My gf and I have been together for 7+ years, have long talked about marriage, and talked even more about future kids. She quit her job a couple of years back to pursue a medical degree.

Last week I discovered she had cheated on me with an ex-BF from high-school. I needed to use her phone to call mine, and went I unlocked her phone it was open on a WhatsApp conversation between them. I have nothing against the guy personally, but he's going no where in life and I don't understand why she'd want to be with him.

Anyway, rather than sadness/heartbreak this actually just made angry. Angry that I've put so much into this relationship and woman that I thought would be the mother of my future children. Angry that I've been supporting her through college including rent/food/tuition. Just angry.

So I arrange a locksmith to change the locks the next day while she's at class, pack up as much of her stuff as I can find, and leave it outside. Text her of what I've done, and say if she wants to get anything else I've missed to have her brother come and get it - I don't want to see or speak to her ever again.

Anyway, since I did this both my parents and hers have been relentlessly calling me. They say that what she did is wrong - but it's no reason to throw away 7+ years - and that if I kick her out she will be forced to drop out and waste years of education.

What do you guys think? Am I the asshole here? Should I swallow my pride and approach this differently?",90,1101,150,12,15,1353,0.17738359201773837,0.8226164079822617,0.8-0.9
b9urvm,AITA for touching my ex's baby belly,"My ex and I split when she was 10 weeks pregnant. We have been on very good terms and have met up several times to work out issues of custody and how we want to raise our child. 

The last time I saw her, she was really showing (34 weeks). As we were leaving, we hugged and I felt a pretty strong desire to bond with my child, so I put my hand on the bump so I could connect with him/her. She swatted my hands away and stepped back from me and told me not to touch her. I tried to explain that I was just trying to bond with my kid, and she can't understand where I'm coming from because she gets to have this close connection with him/her and I am so separated from the baby right now. She wasn't hearing me and left. Then she texted me and told me we should work the rest of it out formally in mediation. I texted to apologize, but she isn't answering. AITA?",77,10,2,7,1,96,0.8229166666666666,0.8229166666666666,0.8-0.9
b1hhnb,AITA for refusing to help the addict who saved my life when I was using?,"I’m almost 28 and after some surgery I got addicted to prescription painkillers like oxy and Percocet. 

I eventually graduated to heroin and got clean when I was 26 but relapsed after only a couple months. At the time I was more or less homeless but me and this other guy “Jack” squatted together in this abandoned building for a little while. We looked out for each other and we always had Naloxone on us in case we needed it because the local needle exchange would give it out to known users in the city. 

I ended up overdosing after my relapse because I over estimated how much I could actually handle at that point and luckily Jack came back at the right moment and saved my life. 

After this, I have been fully clean for a little bit over a year now. I haven’t seen or heard from Jack for a really long time, I’ve moved into my own decent apartment, I have a decent job and I have always just assumed that he was dead by now. 

Well we live in a medium to smaller sized city so I guess I shouldn’t be too surprised that I would run into people I knew eventually. 

I was out going to my bank, which is in a sketchier part of the city, and I hear somebody call out my name. I turn around and it’s Jack. 

I can immediately tell that he’s super strung out and he goes, “Wow look at you. Guess you finally managed to get better.” 

I’m feeling nervous as fuck because I don’t trust strung out junkies because I was that strung out junkie not too long ago. 

He tells me that he has been trying to get sober for the past year but nothing has been working out. Then, as I expected, he asks me for help. He asks me if he can crash at my place or if I can help him out with some money to go to a rehab since he says that I now look like, “I can spare it.” 

I had nor do I have any desire to let an actively using heroin addict stay at my apartment. And I don’t want to give him money because I know for a fact that shit will not go to a rehab. 

I tell him that I don’t think I can do that for him but I wish him luck.

He says I’m a “fucking asshole” and that I’d be dead if it “wasn’t for him”. To be fair, he is right. I would’ve died without him. He then just spits at my feet and walks off. I left feeling pretty shook up. 

I thought at the time that I was making the right decision but I don’t know anymore. He did save my life and I could very well be in his position or dead instead of where I am right now. But I also don’t think I am ready to be around people like that at this point in my recovery. I’ve lost all of my family, who want nothing to do with me and my only friend left helped me get clean and I don’t want to drag him back into this world so I don’t have a lot of people to talk to about this besides my sponsor. 

AITA for refusing to help Jack? He saved my life but I don’t know what I can really do for him. 
 

",13,59,3,16,1,91,0.17582417582417584,0.8241758241758241,0.8-0.9
9t9yun,AITA for being honest with my girlfriend?,"Last night I was hanging out with my girlfriend and another one of my friends. Let’s call my friend Jim. 
Jim thinks my girlfriend has an attractive friend and he was asking my girlfriend to set him up. 
After this, my girlfriend asks me if she thinks her friend is more physically attractive than her. That’s an uncomfortable question, so I didn’t want to answer, but she kept insisting that I answer and that I be honest. 
So, I told her that I think her friend is more physically attractive. Then she started crying for an hour and told me I shouldn’t have said that, even though she told me to be honest. She said she wishes I would have lied, even though she was telling me to be honest multiple times. She made me leave and doesn’t want to talk to me for a few days. 

AITA?",73,329,0,14,3,416,0.17548076923076922,0.8245192307692308,0.8-0.9
atlouy,AITA for getting upset over a false paternity test,"My wife and I have been married for 10 years. We met in college, and she has been my best friend for almost 14 years now. She is beautiful, supportive, kind, classy, and all around amazing as a wife. 

We went through a really rough patch about a year ago, mostly due to issues on my end. However, she told me she was pregnant. I was overjoyed. She told me she would only keep it if I was 100% in on the baby and the marriage, I said I was fully committed, and we kept the baby.

As time went on, I became increasingly insecure about whether or not the baby was mine. I did the math and thought it was unlikely it was mine, on top of having a gut feeling. I was internally agonizing over this for months, and after the baby was born, I could barely even hold him because I was so convinced he wasn't mine.

I told my wife I wanted a paternity test. She was upset but told me to get one if it would ease my mind. The test comes back two weeks later and it says I am not the father.

I'm absolutely livid. I had an out of body experience. I stormed into our house and just let loose. I felt like I couldn't stop myself, I was completely broken in that moment. I cried and screamed and asked her what I did to deserve this. I absolutely never laid a hand on her.

The whole time, she's just sitting on the couch, trying to comfort the baby. This made me even angrier for some reason, so I kicked her out right then and there. Told her to pack her bags and just get out.

She calls me the next day and tells me that I deserve to know that the baby is mine, and asks me to get a paternity test from another company. I figure I have nothing to lose at this point, and another paternity test can only help me in a divorce, so we get one at the company she suggested, and I sent a third to another company, just to be sure.

I get the results from one and they say I am the baby's father. I wait a few days and don't say anything, then get the second set of results, also confirming I'm the father. I feel like the weight of the world has just been lifted off my shoulders and I can finally be the dad I want to be.

I call my wife to give her the good news and she tells me she's not moving back in. She says she's disgusted with how I acted by asking for a paternity test and my reaction to the false one. She tells me I can come see my son, but she will be filing for divorce.

I don't think my reaction was over the top for a man who thought he was being lied to about one of the most important things. I never showed any sort of violence and I was so emotionally broken at that point. I know how it must have looked to her, knowing that I was the father, but I don't think she's seeing it from my perspective. I'm planning on discussing it with her later and trying to convince her to work on it with me when I go see my son. AITA for reacting in this way to what I thought was an enormous deception?",172,30,6,7,16,215,0.827906976744186,0.827906976744186,0.8-0.9
avr2i6,AITA for getting annoyed when my husband constantly grabs my boobs,"I was chilling last night playing video games.  Husband comes over and grabs my boob like it’s playdoh...for like 5 minutes.   I suggested if he wanted to turn me on, there are pots that needed scrubbing.   He got mad and walked away mumbling.  Was an ass the rest of the night.

We are not newlyweds.   Been married 22 years.  Three kids.   

Please don’t get me wrong.   I throughly enjoy our “quality time together”.  We don’t get enough of it!   Two out of three kids are in school full time while living at home.  You think it’s tough finding quality time when the kids are little??  Try having adults living at home.   They are always home!   Or they are never all gone at the same time.

Yes, I know it’s possible to enjoy some quality time while they are home,  but we can be kind of loud(blush)...ok...I can be(seriously blushing). It’s not as good when you have to be quiet.   Just saying.

Seriously....if you want to get me in the mood....don’t grab “the girls” or my ass....grab",3,31,4,3,1,41,0.17073170731707318,0.8292682926829268,0.8-0.9
au8idr,AITA for not changing my seat in a train?,"Okay so this was a while ago but I just discovered this sub and had a rather long discussion with a friend of mine about it:

I  was sitting on a train in one of those seating groups with 2 pairs of chairs facing each other. Of those four seats 3 were occupied.

PIC for reference: [https://imgur.com/MBbJr8G](https://imgur.com/MBbJr8G) (I was sitting on the red seat,  empty seat is marked green, other two are occupied by innocent bystanders).

&#x200B;

I am a tall guy and these seats are notoriously uncomfortable for tall people, ESPECIALLY the one at the window, because of these little trash cans that always get in the way of my knees and make my legs cramp because I have to sit in a weird way. So I always sit corridor side to have a bit of legroom.

&#x200B;

We make a stop at a train station and many people enter. Because it was a busy time of day the last remaining free seat was the one on my right. 

&#x200B;

These two women aged around 40 come by, carrying a bit of luggage and one asks me if I can scoot over to the window so she can sit down. I say to her that I would really prefer to not sit at the window because it is really uncomfortable for me because of said trashcan, to which she answers that she wont squeeze through to sit there and that she has luggage that wont fit. I then tell her that I will hold her luggage for her so that she can sit there but that I wont scoot over.

Now at this point she is giving me ""the stare"" and mutters something to her friend like WTF is this piece of shit doing. 

I however have somehow decided that I will not back down on this and that her need to not squeeze through is not bigger than my need to not sit uncomfortably for the next 20 minutes. Also these women were not frail or elderly at all and quite small so I was under the impression that it would be no problem for her to take the empty seat.

&#x200B;

Over the next 5 minutes this women then proceeds to mutter to her friend and give me the looks, until I decide to repeat my offer that she can sit in the corner and I will hold her baggage. She angrily agrees and sits down. For the next 15 minutes this women continues muttering and telling me outright that I am a dick for not scooting over but at this point I am not listening to her anymore and just sit there reading shit on my smartphone. Which is about when she gets up and leaves the train with her friend (about 3 stations later I guess).

&#x200B;

So, AITA or not? Did I make a scene for nothing or was she in the right? I don't know why but I find myself thinking about this situation a lot.",6,38,2,1,1,47,0.1702127659574468,0.8297872340425532,0.8-0.9
ase4kh,AITA for not accepting rejection?,"I'm cutting to the point, i don't like getting rejected. the moment a girl rejects me any relationship or connection we have is dead to me. I know its harsh, but it's the truth. Ever since I started being interested in girls, all they do is reject me or ""see me as a brother"", Im not interested in sticking around for that tbh. It happened to me last week, with a girl i thought I had a chance of getting with. It crushed me, and i blocked her everywhere. One of her friends went up to me a few days later and got in my face about how i'm immature and how I threw her away and don't value her.

I just walked away from her. I'm so fucking sick of this shit happening to me, rejection is fucking horrific at this point, and all I get for not accepting it is shit. I don't even lash out, i just do what's best for everyone and cut contact with them, and still I get shit on for ""not valuing them"" and shit. I just don't want to waste my time and energy on lost causes. Anyway, are they right? Am I an asshole who doesnt value girls?

Edit: didnt expect this huge reaction. apparently i'm an asshole because I think it's ridiculous for girls to expect friendship after basically shitting all ofer you, and that they are then entitled to ruin your reputation if you disregard them from that point on. I expected some blowbakc, but not such a united front against torturing yourself after already getting assfucked by rejection",126,21,1,5,7,153,0.8300653594771242,0.8300653594771242,0.8-0.9
av7rbh,AITA for scheduling my boyfriend with a male masseuse?,"My boyfriend and I planned on getting massages together. A male and female masseuse were available, so I booked him (M/21) with the male and me (21/F) with the female. When I tell him about this, he says he will never let a man massage him. He explains that its because massages are inherently sexual. I believe massages are purely therapeutic so I try to discuss this and understand why he believes they are sexual and if he believes this, why it's then acceptable to even get a massage from the opposite sex in the first place since we are in a monogamous relationship. He says my opinion is irrational and I'm making it up just to argue- massages are clearly somewhat sexual and that I'm wrong for pushing for something he is uncomfortable with and turning it into an argument. I kept trying to explain I just wanted to understand his logic and hear his reasonings- kind of like a debate.  I even offered to switch masseuses. He then says to just cancel his massages and that this is too much trouble. I'm still going to go without him even after all this. AITA? 

&#x200B;",14,62,2,17,4,95,0.16842105263157894,0.8315789473684211,0.8-0.9
aff34i,AITA if I make a good salary and wont let my SO not work? (We have no kids),"So me and my SO just moved in together. She doesn’t have a job while I am a software engineer, so I make a pretty good salary (not in Silicon Valley, I live in the Midwest) so I’m pretty well off. 

We don’t have kids, and aren’t planning on getting any. I make a good salary that can support us both easily, and have us both have retirement, etc. 


But.. I don’t want to be mooched off of. It would be different if we have kids, but we don’t. Sure, she’ll help around the house and will cook every once in a while, but I do the same (it’s basically split 50/50). A majority of her time is spent on Netflix, going to the gym, etc. 


I don’t want her to mooch off me. I worked fucking hard for this career. I started from nothing. I don’t want anyone just taking my money from me. 


I told her she has to get a job and she was floored. She said I’m an ass, because we make more then enough. 

I love her to death but she gets basically everything for free. My family thinks the same way. They said she shouldn’t have to work if I make enough. 


So, AITA? I’m debating kicking her out in a few months if she continues to do nothing. ",6,66,9,9,12,90,0.16666666666666666,0.8333333333333334,0.8-0.9
b2wh3w,AITA for never wanting to donate blood again?,"On impulse a little less than 3 years ago, I donated blood. It went perfectly fine and they gave me some snacks after so I was happy. 

After some time, I started receiving calls to donate more blood. Soon, these calls became daily. Every single day between 12-1pm, I receive a call from a random number telling me that people are dying and I need to donate blood. Even if I block the number (which I tried three times), I begin to receive calls from a new number. It’s been soooo long and I’m so sick of it. I’ve decided that I will never donate blood again just to spite companies that do this. 

AITA for never wanting to donate blood again due to annoying company tactics trying to get me to donate more? ",14,96,6,4,1,120,0.16666666666666666,0.8333333333333334,0.8-0.9
aahkj8,AITA for not letting a young child cut in line and use the toilet?,"This happened years ago on a Ryanair flight and is obviously not a big deal, but to this day I wonder if how I acted was okay or assholish.

So I was sitting in my seat during the flight and got up to pee and change my pad (as - TMI - I was on a heavy day of my period and worried about leakage). I wait in line in front of the lavatory, 2 or 3 people in front of me already waiting as well. After 5-10 minutes it's finally my turn and I move to enter. 

Just then a little kid (4-5 years, maybe?) comes running down the aisle, his dad walking a few feet behind him, and kiddo tries to squeeze past my legs into the lavatory as I'm opening the door. I hold my arm out in front of the child and say kindly but firmly ""No, you have to wait in line like I did, it's not your turn."" Dad says nothing and I move into the stall and close the door. I felt like I was in the right because I had waited in line, I really had to change my pad soon or there'd be blood on my pants, and I thought I was being fair and polite letting the kid know why he had to wait.

Someone gives a few firm knocks on the door but I just say ""occupied!"" and quickly do my business. As I exit the restroom the dad and child are gone, presumably to use the lavatory in the back of the plane. A male flight attendant, however, is waiting next to the door and in a tone like he has to school an idiot says ""What you did was very rude, that was just a child, what if that was an emergency?"" In an admittedly snippy tone I replied ""What if it was an emergency for me too?"" and went back to my seat.

Does not letting a child go first automatically make me the asshole, like that flight attendant thought? I would've let kid and dad cut in line if they'd asked, and feel bad because obviously a child can't hold it in like an adult can, but because of the whole trying to squeeze past me approach, my gut reaction was ""no way"".",39,233,9,9,1,290,0.16551724137931034,0.8344827586206897,0.8-0.9
axmokw,AITA for thinking that I am entitled to some or all of my mom’s unpaid child support,"Growing up, I lived with my mom and only got to see my dad every other weekend. My dad wanted to spend more time with us but my mom wouldn’t let him, so my dad cut off child support. My dad and I are much closer now.

My dad’s dad recently died and left my dad a ton of money. Rather than letting my dad keep it or share it with my siblings and I, my mom sued my dad and was awarded almost $500k for unpaid child support. This leaves my dad with practically nothing from the money his own father left him.

My mom wasn’t a terrible mother, but she basically provided us with the bare minimum of clothing, shelter, and food. We never took trips, never had nice things, everything was handed down and nothing was new. We ate a lot of unhealthy processed food. Overall not a great (or expensive) childhood.

Now my mom refuses to share this massive payout with her kids, even though the purpose of child support is to support the kids. I feel I am entitled to at least some of this money, as it was originally intended for me and would’ve been for me if I were under 18. My mom called me selfish and ungrateful when I told her this. AITA",77,16,4,0,2,97,0.8350515463917526,0.8350515463917526,0.8-0.9
adef82,AITA for wanting to fill out a form for my ex-boyfriend to get sent back to his country?,"We recently broke up and I found out a few months later that he cheated on me 2 years into our relationship and it hurts me to even think about. I'm still super angry about it and it *almost* makes me want to fill out an ICE form in order for him and his family to go back to their country. Of course, I haven't done it and it's just a *thought*, but I can't help but just think about it. 

He did help me so much with my bulimia, but I relapsed when we broke up. He also did mention he didn't want to keep dating anyone with a mental illness.. I guess I needed a place to vent and I hope everyone is honest about what they think.",53,11,3,0,1,67,0.835820895522388,0.835820895522388,0.8-0.9
agoile,AITA for thinking my Wife's picky eating is selfish?,"So let me preface that my wife does NOT have sensory issues with eating, she does not have ARFID because I realize that is a REAL issue. 

Let me preface this that we've been married for 8 years, have 1 kid (4 years old) and this has pretty much been a battle for the entire marriage. 

Basically the issue is two-fold, my wife does not want to try any foods besides what she likes (Which is mostly unhealthy foods) where-as I like to try different things and prefer to eat healthier meals. For anyone that has a picky spouse....this doesn't really work very well to just ""hold your ground"", especially with a kid because you cannot make two separate meals each time you cook. Also it doesn't really actually benefit me to do so since I usually am the one cooking (I get home earlier so it makes sense, although sometimes I do get salty about it).

The problem is basically that she refuses to try new things, any indication of trying something healthy and it's ""I don't want to eat that"". Most people would say ""Well let her make her own things""....that doesn't work out well when you have a kid to see. Also I receive the guilt trip ""Well what am I supposed to eat then?"" etc..., it doesn't help that she's pregnant currently (3 months, but this is NOT a pregnancy thing for what it's worth) so im stuck sort of doing everything anyways. The second part to that is it's making our kid a poor eater and picky (Which was my greatest fear). 

So now the kid really only likes a few things (Sound familiar?) and that makes it an even bigger pain in the ass. She also complains about her weight (before the pregnancy) but the problem is she eats fast food EVERY single day for lunch. I feel like it's impossible for me to eat healthy now (Outside of Lunch and breakfast). The fast food thing leads into my next problem which is $$$$$$.

So the secondary problem is her eating fast food for lunch everyday is EXTREMELY expensive, she also wants to go out to a lot of restaurants as well. We aren't poor by any means but I try to keep a strict budget that she is constantly breaking (and not by a few bucks, were talking 3-4 hundred a month OVER). I've basically been forced to eat the cheapest shit imaginable every day for lunch to at least reduce the blowback. 7-8 bucks a day doesn't seem like a lot, but I constantly remind her that this is adding up to be multiple hundreds of dollars a month in just lunch. For anyone that wants to jump in and say im trying to control her im not, I think eating out is fine...but when it ends up impacting our budget (Our food budget is skyrocketed simply from this which just is not sustainable) then it becomes a matter of just budgeting. I haven't eaten out for lunch in I don't know how long, not to mention I have to put in the extra work to meal prep just so we don't spend any money.

Am I the asshole? If I sound salty it's because I am...but I really don't know what to do. I know ""it's just food"" but the money portion of it is more important to me than just missing out on trying meals, but honestly it really is a bummer to eat the same thing over and over when I want to try healthier eating. God forbid if I wanted to be a vegetarian or something.",3,33,4,3,1,43,0.16279069767441862,0.8372093023255813,0.8-0.9
afwgjb,AITA For grabbing my own wifes butt at a family BBQ?,"Been married to my wife for five years. We are very comfortable around each other. I also love my wifes ass, and am still very attracted to her. It has sort of become an unspoken thing between us that if I see her cooking or standing with her back turned I'll playfully grab her ass, she will feign surprise and then giggle, laugh, or kiss me. Sometimes she will grab me back.

Keep in mind that we have been married for five years and have gone to several events together. I have done this before and no one said anything, and both she and I enjoyed it.

Ok, so because her family couldn't meet up with us for news years we had a belated new years BBQ at her sisters house. Me and my wife are tag teaming the grill. I see her at the grill, and I grab her ass, she responds playfully. Later I am pulled aside by her sister and her husband. 

They say that I shouldn't be sexual in front of their children, who are admittedly younger kids. That was her husbands position. 

My sister in law takes it a step further into what I imagine is crazy territory. She says that I shouldn't be groping her without consent, even if she does approve of it later. She tells me if her sister didn't like what i was doing after the fact, that I could technically be jailed for sexual harassment and rape. For grabbing my own wifes rear. Now I am from texas and they are california implants, so we disagree on a lot of things, but I never thought they would hold positions like that.

I am at their house and I don't like fighting, so I apologize and move on but I am silently angry throughout the party. I told my wife and she said her sister was completely in the wrong. Well come to find out my sister in law told the same to my mother in law, who agrees that im apparently a creep.

AITA for groping my wife at a family bbq?",26,215,18,12,0,271,0.16236162361623616,0.8376383763837638,0.8-0.9
b9gdtx,WIBTA for demanding that my partner remove the matching tattoo he has with the woman he had an affair with?,"I just found out my boyfriend of five years had an affair several years ago.  I am devastated and furious and trying to decide what I want to do.  I am pathetically in love with him, I wanted to build a life and have a family together. 

He and the other woman were good friends of several years.  Before the affair even happened they got a matching tattoo of some inside joke.  It is not very big, six or seven characters and only about two inches long.  However it is on a very visible part of his bicep and it is visible almost constantly. 

I hate that fucking tattoo.   Seeing it makes me want to throw up.  If I decide to try and make this relationship work, I want him to get rid of it.  He can laser it off or get it covered up, I don't care, but I never want to have to look st it ever again. 

I can't help but feel like I'm crazy for asking this of him.  

WIBTA?",12,77,3,1,2,93,0.16129032258064516,0.8387096774193549,0.8-0.9
acceyd,AITA for not paying for a meal?,"A few days ago my brother and I went out to eat at a restaurant. We're Muslim, so we cant eat pork. We can't even eat things that have touched pork. While we we order we usually verify if something has pork and ask them to take it off.  Usually this works, however this time it didnt. I opened up my burger to find bacon. I was a little annoyed and called over our waiter who got us another order. I verified with the waiter that it had been a brand new burger and they didn't just take the bacon off. Well I open up my burger again and it's got little tiny bits of bacon in it and there are pieces of bacon on the plate because they apparently can't be bothered to take it all off. I get pissed and call the waiter over and verify they said to remake the burger with no bacon and apparently that's what she did. I walk around trying to find a manager and finally spot her. I tell her my issue very calmly, the health concerns of reserving food that got sent back, and I even tell her my religious background to help her understand and she doesn't seem to be understanding the problem. What if I had an allergic reaction to the bacon? Would she still think taking bacon off and sending it back out is a good thing? Her response was 

""but you're not allergic."" 

""That's not the point, I'm paying for a service and I have a right as a consumer to get what I paid for, not anything less. I told your waiter, and she wrote it down right infront of me that I want a new burger with no bacon on a new plate and shes sent back with the same burger on the same plate and they didn't even take all of the bacon pieces off. And because you're so nonchalant about reserving food that has been sent back because something is wrong, this mentality has gone down the chain of command."" 

And shes starting to laugh because apparently it's not that serious. 

Her: ""But they took the bacon off.""
Me: ""So what if they took the bacon off? If I was allergic to bacon do you think just taking the bacon off would be sufficient? Or is it just that you don't respect my religious beliefs that state to not eat bacon?"" 
Her: ""Its not like you're allergic. I'll make you a new burger and make sure it doesnt have bacon."" 
Me: ""No thanks, I don't want to eat anywhere my beliefs are trivialized.""

And I left without paying for my brothers meal because dramatic effect. I'd like to say I slammed the door on my way out but it's one of those doors that close silently.

So AITA?? ",6,47,3,0,2,56,0.16071428571428573,0.8392857142857143,0.8-0.9
alns7z,AITA for confronting my gf with a condom found in her trash,"So this happened about 6 months ago and isn't a huge deal anymore, but it occasionally comes up and i think about it from time to time wondering if i really am an a-hole for it.  Story goes that it was my gf's birthday so i went over to her house so we could celebrate.  As soon as i walked into her room i noticed an opened condom wrapper on the floor.  It couldn't have been one from me because we had never had sex at that point.  I showed it to her and asked why it was there.  She, of course, denied cheating on me and said it probably was an old one that came from under her bed (she has a cat that could have found it and started to play with it).

I wasnt completely convinced and knew i needed to check the trash to be sure there wasnt a condom in there.  She left the room to go do something so i decided i would check.  She was using a plastic bag hung up on her closet door as a trash bag.  So i looked inside and, without having to dig through any trash, i saw a used condom in it.

I was beyond pissed, absolutely sure that she had cheated on me.  I grabbed the condom (a bit gross i know but i was angry and didn't really care) and went downstairs to confront her with it.  She lives at her grandmothers house, along with her sister and her sisters bf.  Her sisters bf ended up coming up the stairs as i was going down and saw the condom i was holding.  He was unsurprisingly confused as to why i was holding a condom and asked who's it was, so i told him ""well it isn't mine"".  He got that ""oh shit"" look on his face and went upstairs.  I caught up with my gf and showed her the condom and we ended up going back upstairs to argue about it.

She was mad at me for going through her trash, saying it was a breach of her privacy.  I was mad because i had just found a used condom wrapper on her floor and a used condom in her trash.  She continued denying that she cheated on me and said that it was an old bag that she found in her closet that she decided to use for trash, and that she must have thrown that condom in there as trash the last time she had sex.  I didn't believe her as the chances of finding a used wrapper and condom was too small for me to think it was just coincidence.  Eventually her sister came up and helped us talk through it, telling me that she believed my gf was telling the truth and could tell when she was lying.  So i decided id listen to her and trust in my gf.  But my gf was still mad that i didn't trust her immediately, had went through her trash, and embarrassed her by 'showing' the condom to 'everyone', on her birthday nonetheless.

We moved on from it, as we're still together, but i still wonder if i was an a-hole for what i did or if it was appropriate that i believed she had cheated on me.  My gf has also done some other shitty things that still make me unsure sometimes whether i ever should have believed her or trust her now.",16,109,5,1,1,131,0.16030534351145037,0.8396946564885497,0.8-0.9
a9skwm,AITA for yelling at someone else’s kid,"Yesterday was Christmas and all of my family was in my parents house with their kids. A little background I have a 7yr son who has mild autism which makes it a little hard for him to fit in with the other kids. Ok back to the story, at one point in the day my cousin’s daughter 13yr was messing with my son by taking his toys that my mother keeps in the house for him and hiding them from him which made him upset. And later on she started making me made by telling my sister’s kids that my son was a, ”Retard.” Then came to me nudged me and said, “Is your son a retard so I snapped and yelled at this kid, “YOU CAN’T CALL MY SON A RETARD!” All of my family members of course heard me, and the girl started crying. Her mom get mad at me for, “Using that language around her.” And I was blowing up inside so much that I couldn’t stay so I grabbed my son and husband and walked out with every watching.

It feels good writing this down and I just want a little feedback on if that was the write thing to do which I know it wasn’t.",6,63,6,0,0,75,0.16,0.84,0.8-0.9
b6cj1o,WIBTA if I stopped putting that I was transgender on my dating bios?,"So I already know this subs opinion with trans women and dating. I’m always very open about it and always inform the guy/girl that I’m talking to that I’m transgender well before the first date. Yes, I do it to be fair to them, but mostly I do it so I can reduce the chances of me getting my dumb ass murdered. And if the gender settings have a transgender option,  I’ll chose it. But on top of all of this,  I also put that I’m trans at the very top of my bio, which is usually the only thing people actually read. 
My issue is that I keep on attracting guys who only either fetishize me or just want me as a notch on their bedpost and I’m going crazy because of it. I’m super tired of hookups and just want a genuine relationship. So I think taking at least that one line off my bio would hopefully class up the kinds of people I’m matching with. 
Obviously if I took it off I’d still inform people before meeting up that I was trans in case there are any issues with that and I’d still keep the same gender options.  But I don’t wanna lie to anyone or get murdered( can’t stress that one enough) and I don’t want this to come off as deceitful . 
So WIBTA if I took off the part in my dating bio that says I’m trans? ",10,21,1,37,1,69,0.15942028985507245,0.8405797101449275,0.8-0.9
awpvb7,"AITA Going on vacation with a friend my wife dislikes, without my wife.","Basic information: My wife doesn't work and does next to nothing to contribute to the house. I'm the sole source of income and feel our relationship contribution is 95% from me. I was laid off from my previous job and had to get a new one a year ago (making more money), so I'm just now eligible for paid vacation.  I'm a member of an organization that I've been in for just over 20 years and very very much enjoy going to this event I'm going to soon, that I've had to miss the last 2 years.  I've taken my wife with me every time I've gone since we've been together,  however,  she usually just lies around the tent while we're there due to the heat and said she doesn't want to go this year. I invited a gaming friend to go with me six months or so ago who is flying to the US from Norway just to go with me, and have been looking forward to the event ever since.  

Her side: We can't afford for me to go. The house needs work. I'm taking our only vehicle and leaving her without a means to get around.  Her health is not the best. Her mom will be pissed because she has helped us financially. 

My defense:  While money is tight and I will be on a budget, I've gone to this event in the past with less money and we are not going to starve or have utilities cut off for it etc. The house is really old, and does need work, but over the last few weeks I've been renovating our bathroom during my off time with almost no help from her. Her license is  suspended due to a drunk driving charge so she can't legally drive anywhere. A big part of her health issues is that she drinks too much, doesn't take her daily medication regularly, eats almost nothing,  and spends most (like 90% or more) of her time lying down in bed. I suspect she has mental health issues,  but she refuses to see a psychiatrist. The financial support from her mom has -never- been asked for and the biggest chunk of cash ($2000 +)  was to pay off her fine from the DUI. ",3,36,4,1,1,44,0.1590909090909091,0.8409090909090909,0.8-0.9
aqwktj,AITA for complaining about an Amber Alert?,"Last night at around midnight, my phone, which was set to Do Not Disturb, started blaring loud klaxon horns full-volume with a message about an Amber Alert. It said that a little girl had been abducted by her father, and was last seen five hours earlier, in a region 94km (58 miles) to the west of me, heading east in a car with (this make, model, and plate).

&#x200B;

I complained on Facebook that the alert shouldn't have been sent so broadly, and especially to people whose devices had been deliberately silenced, at midnight, when those DND device owners were likely dead asleep. My stance is that the tech shouldn't be overridden like that... or at the very least, it should be used with more nuance. (Alert phones that AREN'T in DND mode. Require manufacturers to have a software switch allowing alerts, set to ""on"" by default if you like. Et cetera.) My contention was that people who are most likely asleep at midnight with their phones on mute are in a poor position to help you spot a specific car from five hours ago and 58 miles away.

&#x200B;

Additional context: I have been unemployed for over a year, and have been in a difficult struggle to get another job. I was thinking keenly of my wife, our family's sole bread-winner at the moment, who has a long commute in the morning, and who cut our Valentine's Day evening short *so that* she could get enough sleep for the day ahead. I also have kids of my own, and obviously would not want to see harm come to them.  


To complicate people's feelings about the situation, the subject of the Amber Alert was found dead, about 138km/85 miles east of where the alert originated. So anyone complaining about the alert sounding through on phones that were specifically, deliberately silenced must be an asshole, right? Because dead kid?

&#x200B;

(It's a stupid Catch-22 for the sake of a weak argument, though. If the girl  had been found alive, their stance would have been ""See? The alert worked.""  :|  )  

&#x200B;

Am I (and the many, many people who called the police stations to complain) the asshole?

 ",365,53,2,16,4,436,0.841743119266055,0.841743119266055,0.8-0.9
aperoy,AITA for refusing to donate my hair to support my stepdaughter.,"Some background:
Me and my husband have been married for 12 years but we both have kids from our previous marriages. My daughter was 6 and his daughter was 3 when we got married. I've practically raised her and I love her like my own daughter. Her mother passed away.

The issue:
Now, my stepdaughter was diagnosed with cancer and is due to start chemo. My husband and daughter buzzed their heads to support her and my daughter donated her hair. They are asking me to do the same but I didn't want to do it so I told them that I didn't want to. At this point my husband told me that if her mother were alive she would've done it and I felt like shit. 

Could I have done better? AITA??",10,46,1,13,6,70,0.15714285714285714,0.8428571428571429,0.8-0.9
b1ep2o,AITA For standing up at a concert while the people behind us keep asking us to sit down?,"So this happened last week and I’m still bewildered by it. 

We went to the Elton John concert at Madison Square Garden. It was a pretty large concert, and we were able to get seats on the floor. We were in one of the back sections on the floor, which consisted of chairs set up on risers to create a sloped seating arrangement.

We’re sitting in our seats and the show starts. Everyone in front of us stands up and starts jamming with the music, and we join them. After the second song, the people sitting two rows behind us ask us to sit down. We turn around and see they’re an older couple, surrounded by a bunch of younger couples. 

I was trying to be respectful of their situation, so during one of Elton’s slower songs, we sit down, and politely ask the people in front of us to sit down as well. Enough rows sit down in front of us so that we can see the stage. 

Well, the song eventually ends and he starts playing Tiny Dancer, we stand back up along with all the people in front of us and next to us. The people behind us ask is to sit down, and we refuse. Eventually, the young couple in the row directly behind us, taps me on the back and asks if we could sit down because the people behind them keep asking. At this point, Philadelphia Freedom is on, and I flat out refuse. Everyone in front of us is standing and I want to stand up and jam. 

The older couple starts getting really angry and frustrated, now yelling at us to sit down. We ignore them. When the song finishes, Elton starts playing a slower song, so we sit down along with the people in front of us. The older couple, and the people sitting next to them start clapping sarcastically. I turned around and shot them a dirty look. 

So, for the rest of the show, we stood up for pretty much every upbeat song. Eventually, the young couple behind us apologized to us, saying they felt pressured by the people behind them.

It’s an Elton John concert. True, it’s not the kind of music that you’d have a pit to dance in and they provided chairs, but when pretty much everybody in the arena is standing up to jam, why shouldn’t we be allowed to?

AITA for standing up at this concert, despite the people behind me asking me to sit down?

",16,105,6,13,1,140,0.15714285714285714,0.8428571428571429,0.8-0.9
b7u226,AITA for refusing to give up my dog? My boyfriend doesn’t like my dog,"Two years ago, my boyfriend and I lived separately. At the time, I had my dog, she was 12 years old and my best friend of life. Shortly before we were to move in together, she passed away. It was at this time that my boyfriend adopted a puppy. When his puppy was six months old I told him I wanted a puppy of my own because I’ve been depressed since my dog passed away. He refused. We broke up for a month due to other issues, and while we were apart, I got a puppy. When we got back together, my boyfriend was so upset. He said it’s too hard with two untrained puppies, so he made my give my puppy to my parents for over a year (he said my puppy could move back in when it was older and better behaved). My puppy is a male chihuahua and is pretty territorial and aggressive, so I got him fixed. After a year and a half of my puppy living with my parents, I just got him fixed two days ago and brought him to my house. My boyfriend has no patience and wants me to bring my dog back to my parents for them to keep. My dog did growl pretty badly at his dog yesterday, but has been calm ever since (before he got fixed he would growl and bark constantly so I’d say that this is a major improvement). My boyfriend says I have to give my dog back to my parents. I don’t want to. He says I should give me dog up to the pound if my parents can’t take him. I said this is not fair, he’s going back on his promise of me getting to keep my puppy. What do I do? Am I the asshole for getting the pup while we were broken up? I gave the puppy to my parents for well over a year and held up my side of the bargain. Now that it’s time for my dog to live here, my boyfriend refuses. Please help AITA?





**tl;dr** when my dog was 12 years old she sadly passed away, so I got a puppy a few months later to heal my sadness. My boyfriend made me give the puppy to my parents for a year because he says it’s too hard and that we can take him back once he’s older. The time has come, I got him fixed, and besides him being a little growly sometimes, he’s a pretty good dog. My boyfriend has no patience and wants me to give him back to my parents. I don’t want to do that and don’t think it’s fair. How do I convince my boyfriend to let my dog stay? AITA?",3,57,8,2,3,70,0.15714285714285714,0.8428571428571429,0.8-0.9
b4lqab,AITA for thinking about leaving my wife because she is adopting her nieces and nephew?,"Obvious throwaway because I have friends who know my personal account.

&#x200B;

So I've known my wife for 9 years, we dated for 5, and we've been married for just under 6 months.  She comes from an insanely toxic family, she was emancipated at 16 and to this day refuses to speak to any of her family. They are all addicted to meth and her sister to meth + anything she can get her hands on. Her sister has 3 kids, ages 9 months (F), 6 years (M), and 13 years (F). My wife began taking care of these children when the first was born when she was only 7 years old because no one else would. For whatever reason CPS never took the kids away despite near constant monitoring and the last my wife knew of these kids was 3 years ago when she permanently cut her family off. 

&#x200B;

Her parents always assumed she would adopt any children her sister produced (this actually was the beginning of the rift that led to her cutting her parents off) and were never shy about it. When we started dating (She was 15, I was 17) I told her that if she adopted those kids then the relationship wouldn't work out because if I am having kids they are going to need to be my own. She agreed and said she had no desire to ever adopt those kids. 

  
I just deleted like 5 paragraphs worth of useless details because I'm just ranting. I will just get to the point, so out of the blue last week she tells me that she feels guilty about leaving the children behind and she is planning on reaching out to her sister to formally adopt them.  I told her hell no, I made it clear very early on that I do not want to raise those kids. She told me that she assumed I would ""grow out of it"" and accept them. We argued and have been arguing over and over for days now about her decision. She has since reached out to her sister and has started the process of adopting the children. The oldest girl is pregnant, the middle child is a decent kid, and the youngest one only got out of prenatal ICU 5 months ago due to the mother's incessant abuse of drugs during pregnancy.   I am 22, she is 20. I think even if I wanted to adopt these kids I would still want to say no due to our age and financial situation (She works at a make up store, I work at a grocery store for fucks sake)

&#x200B;

I haven't straight up told her that I am planning on leaving yet but I've already told my parents that if she doesn't stop then that is my plan.  Am I the asshole here?",86,473,34,173,7,766,0.1566579634464752,0.8433420365535248,0.8-0.9
aot6xs,AITA because I completely lost it with a lady who tried to cut in front of me TWICE at a large grocery store?,"I was at a large grocery store yesterday and I walked up to the butcher area to ask for assistance but there was one person ahead of me. When the person finished, I was just about to ask the butcher my question when a woman cut in front of me and asked him, ""Hi, can you please help me in the freezer aisle?"" The butcher said ""yes"" and was about to follow her when I interjected, ""Sir, I was here first."" I swear I saw an eye roll on his part but whatever.

Moving on. I had a cart full of groceries and I stood in line to check out. There was a woman who was unloading her packed cart so I waited a few feet behind her because had I moved my cart forward, I would have been blocking the traffic for other customers to walk through. Then, I see the same woman, who cut me off in the butcher station, nonchalantly walk in front of me and then she proceeded to unload her items onto the conveyor belt. I told her, ""Excuse me, ma'am, I've been waiting here. I'm next in line."" She gave me a smug look and said, ""Ha, if you're next, then why are you standing back there and not here??"" So I told her, ""Because I don't want to block the flow of traffic walking by but I AM NEXT.""

Guys, she continued to argue with me saying, ""Well....you should've moved forward"" and then she proceeded to start unloading her groceries. Keep in mind that I am not a confrontational person. In my 44 years on this planet, I have never been in a fist fight, In fact, I used to be a major pushover. If I was 18, I may have told her, ""You're right, go ahead."" Well, that's not what happened.

I. SAW. RED. I YELLED at her, ""Listen lady, I'm a civilized person who takes others into consideration UNLIKE YOU who would have most likely not give two $hits and would've blocked this entire area. Now put your $hit back into your cart NOW or I'm going to go over there and do it for you!"" Then, the kind lady that was about to pay told her, ""Seriously? You need to move because she has been waiting."" You'd think that she would have backed off? Nope. She continued to unload her groceries muttering that I should've been closer and not standing so far in the back.

I'm ashamed to say that I made a scene. Again, I yelled, ""I'm NOT going to tell you again. Get your $hit and put it back into your effing basket or I'll go and do it myself. NOW."" She then took a good look at me and started putting her things back in her cart and walked away. I would imagine that by this point, my eyes were crossing and my head was two seconds from spinning like the kid from the Exorcist. I can't remember the last time I've felt so angry.

She finally moved but she kept staring me down and I'm ashamed to tell you guys that I screamed ""WHAT THE F\*\*K ARE YOU LOOKING AT????????"" She finally looked away and as quick as this started, it ended. The nice lady that was in front of me patted me on my back and told me that she was impressed how I defended myself but to please calm down because I looked like I was about to pass out.

To be honest, at this point in my life, I've let people walk all over me. If this had happened ten years ago, I would've let her go on ahead of me. Not now. I'm a jaded, middle aged woman who is not the one. Don't get me wrong, what came out of me yesterday felt like an out of body experience. I'm not a mean person. She just sparked something in me that threw me over the edge.

Edit: This may or may not be relevant, but I'm a Mexican American and all of this occurred in Spanish. I am a fluent bilingual speaker but I usually speak English. I didn't even know that I could fight the way I did in Spanish. Believe me, if you guys knew how to speak Spanish, I would've written the exact exchange I had with this entitled twit. I don't know why but when arguments happen in Spanish, it looks like a much bigger deal!! ha!

So be honest, I'm a big girl. Was ITA?

TL;DR: A lady cut line in front of me twice and I lost my marbles.",35,502,59,7,2,603,0.1558872305140962,0.8441127694859039,0.8-0.9
b18gsq,AITA for getting mad at my mom for not cooking dinner?,"Okay, the title makes me sound like a brat but here's the thing: I can't cook. My mom never taught me and she never trusted me to teach myself. I'm 17 goddamn years old and i can't cook anything other than ramen noodles, chicken nuggets, and mac and cheese on a good day. Can't make a grilled cheese or Hamburger Helper or any of that fancy shit.

I was at school working on prom decorations until 7:00 and got home expecting to see dinner on the table. Instead, my mom and I had this lovely conversation:

Me: Hey, what's for supper?
Mom: Whatever you can find.
Me: So, nothing?
Mom: There's plenty of stuff for you to cook with, get creative.
Me: I can't cook, you never taught me how.
Mom: You're 17, you can figure it out.
Me: No, I can't. I barely know how to use the stove.
Mom: Your sister (14) made her own dinner.
Me: You actually taught her how to cook. Can you at least drive me to the store so I can buy something I CAN cook? (I can't drive either, she doesn't trust me behind the wheel, surprise surpise)
Mom: No, I'm not buying you food when we already have lots

This argument keeps going around until I get fed up and go to my room. That was an hour ago and I'm super hungry. Detailed instructions on how to make a grilled cheese are welcome.

But anyways, AITA?",154,32,37,3,4,226,0.8451327433628318,0.8451327433628318,0.8-0.9
aqigwd,AITA for being upset that my girlfriend made plans with another guy on Valentine’s weekend?,"My girlfriend and I are long distance so we can’t be together on Valentine’s Day, but we usually do something like FaceTime. However, Valentine’s Day is on a weekday and we both work in different time zones so we won’t get that much time together this year.

Anyways, I spent about $150 on things including flowers to be mailed to her, and I was hoping that we’d get some time to FaceTime on the weekend instead, which is when the flowers are being delivered anyways (at her request).

After putting in all the orders for everything she tells me she’s having her girl friend come into town on Saturday and I expressed a bit of frustration that we wouldn’t get to celebrate Valentine’s Day but it’s whatever because we still have Friday. Then, she told me last night that she made plans to get drinks with a guy she used to have intimate relations with (7 years ago) on Friday. Normally I’m fine with them being friends but it’s upsetting me this time because I feel like I spent a lot to make her happy this year and the least she could do is prioritize some time with me over a guy she used to see.

I don’t know if I have a right to be upset or if it’s just me being jealous. Am I the asshole?",7,38,1,6,1,52,0.15384615384615385,0.8461538461538461,0.8-0.9
aqiwwk,AITA for breaking up with my pregnant girlfriend?,"5 years ago in high school I ended a 3 year long relationship with a girl (called C). C had a rather rough upbringing. Her father abandoned her as a child and her mother committed suicide by jumping in front of a train (only a few years before our relationship began). C was left to be cared by her grandparents who were devout Catholics. As a result C became highly religious herself. However, C has bipolar disorder. This wasn't obvious and manifested as erratic moods. 

Anyway, C had it in her head that she wanted to get married and have a family. At first she was patient because she thought I'd propose. When it became clear that I wasn't interested in doing so, C started to panic. C became more aggressive about it and we started to argue. Eventually C seemed to give up. But we were still sexually active. C had been taking oral contraceptives and we never used condoms (my bad) and I never thought anything of it. Then one day C was diagnosed with Polycystic Ovary Syndrome. She was told by a doctor that she'd be much less likely to conceive. This affected C deeply as she was more or less obsessed with the idea of starting a family. 

Fast forward about 5 months (I don't remember exactly how long but it was a significant amount of time). It became clear that C was pregnant (with my child!). She succeeded in hiding it up until this point. When confronted she vehemently denied knowing she was pregnant and acted as surprised as anyone. Shocked and at a loss, I pleaded with her to get an abortion and pretty much gave her an ultimatum-me or the baby! It was all very emotional but finally I convinced C to get an abortion. Most doctors refused to perform the abortion this late into the pregnancy but were doctors in Melbourne who would do it. 

So I booked plane tickets. It was all good to go. The morning of the flight, C was packed and literally getting into the car with her grandparents to be taken to the airport. Now get this, as they rolled out of the driveway, C's cat happened to be sitting behind the car. The cat was run over and died. C and her grandparents were shocked and saw no other option than to take this event as the occurrence a miracle (imagine that!) In their eyes it was confirmed-God wanted C to keep her child.

So she did. And I broke up with her shortly after. A few months later C gave birth to our son named N but I refused to take part. I haven't really talked to C since. I have been paying child support. To this day I have not so much as talked to N, although I have seen him a couple of times, despite that my parents see him and take care of him often. 

Basically everyone I know has judged me for abandoning my child and nobody hesitates to tell me I'm in the wrong. A lot of people have lost respect for me and see my continued lack of contact with my child as immoral. I've got into many fights with my parents over this and no longer live with them due to the discord. 

N is 5 years old now and stating to talk and go to school. Recently I was told by my mother that when N was playing with other children he was asked about his 'daddy' to which he replied: 'my daddy doesn't play with me'. This is concerning for me to hear and I can't help but feel guilty to some degree. However, I still feel that I've been wronged and at this stage it would be very difficult for me to reverse my decision. I have been firm about my decision all along and have no intention of validating C's disrespect for me by changing my mind now. I never wanted to have a child and she knew all along. She was being incredibly selfish, no matter how selfish I'm being now. 

Before judging me I implore you to consider my perspective. I had no say in the matter and C deceived me (and everyone else) in order to fulfil her fantasy. This was extremely disrespectful and hurtful to me, I wasn't ready to have a child and I'm still not. AITA? ",155,32,32,2,2,221,0.8461538461538461,0.8461538461538461,0.8-0.9
a6hvot,AITA for breaking up with my SO for someone else?,"Using a throwaway because some people know my main who I dont want to be involved.

So this is sort of a long and complicated situation, so I'll give sort of a brief rundown.

I've had feelings for this girl for about a year now, but she had a boyfriend. So a few months ago, I decided that it was time to move on. I made a bad choice by just seeing someone else to try and move on. It worked for a while, but I really couldn't get over this girl. 

Her and I had already been good friends for a long time, and she admitted to having feelings for me, too. I didnt feel like it was fair to my SO to stat with her, so I ended it.

Thing is, my original crush had also separated with her SO for the same reason.

Now we have a couple people telling us that we're bad people for doing that and that we would be assholes if we ever began dating. In my mind, I feel like it would have been more disrespectful to just half-ass a relationship, especially with someone else in the picture. AITA for breaking up with my SO for someone else?

Tl;dr: broke up with my SO because I had feelings for someone else. Now I'm being told that I'm an asshole for doing so",10,53,0,3,0,66,0.15151515151515152,0.8484848484848485,0.8-0.9
aw6c6f,"AITA for drinking out of my coworker's ""World's Greatest Dad Mug""?"," 

There is a random collection of mugs in the breakroom at my office. They mostly say stupid stuff like ""This is Totally Wine,"" ""Live Laugh Love,"" and ""Strategic Planning Seminar '16."" I have never heard or seen any rules about mug usage. For as long as I have worked here, mugs have been taken on a first-come, first-serve basis. 

All the mugs are washed at the end of the day, dried on a dishrack, and eventually put back in the cupboard. This chore is done on a rotating basis. As a senior (but not managerial) staffperson, I am not on the chore schedule. Mugs occasionally get broken or disappear, and people randomly contribute new mugs to replace them. I have donated a few from different conference swag bags and whatnot. 

This morning, the person assigned with 'breakroom duty' had not yet reshelved the mugs in the cupboard. So I grabbed one from the drying rack. It said ""World's Greatest Dad"" on it. On it were some pictures of some kids building a sandcastle on the beach, posing in Halloween costumes, etc. I  thought ""that's weird,"" filled it up, and went back to my office. 

About twenty minutes later, my colleague came into my office and asked for his mug. (I don't know how he knew I had it.) I looked at it more closely and he is indeed in some of the pictures on the mug. I said something like ""Congratulations on being the world's greatest dad."" 

He asked me for the mug. I said I would put it back in the sink after I finished my coffee. 

He left, and came back with a new mug that said ""Happy Birthday."" He told me to pour my coffee in the ""happy birthday"" mug, so he could take the ""World's Greatest Dad Mug."" 

I said ""No, you're being weird."" He said that I should have known that it was his mug, because of the caption and photographs. He said that he left in the breakroom for yesterday's breakroom-cleanup-person to wash, and that he otherwise keeps it in his office. He said that all of the people on the chore schedule know this and do not shelve his mug with the rest; I just happened to get to it before he did today. 

I told him ""I have to get on a call at 9:00. I don't have time for this. I'll wash it out when I'm done."" 

I didn't have a call. But I did wash the mug and and deliver it to him at his desk. He just glared at me like I'm an asshole. Is he right?",123,25,19,0,2,167,0.8502994011976048,0.8502994011976048,0.8-0.9
b3h3lo,AITA for buying a girl I am friends with a pack of Jaffa cakes?,"So, I'm currently in an argument with my girlfriend because I bought a friend of mine, Jaffa Cakes. My friend asked me to get them, as I was going to England (we live somewhere you can't get them), and I did. It was 1.50 €. 

Apparently, this is a terrible thing to have done. My girlfriend is very annoyed at me. Her reasoning is that:
- I didn't buy anything for her (she gets angry if I even bring up the topic of buying her something)
- I used to have feelings for this girl (3+ years ago, things ended and those feelings are long gone)
- I shouldn't be doing stuff for other girls at all

I bought it because it took me no effort, I was asked, and she has been a good friend to me. The feelings are gone, I would definitely have bought something for my girlfriend if she wouldn't flip out, and I feel like her view of guys and girls being friends is outdated. She gets uncomfortable when I hug girl friends of mine.

So, AITA?",4,39,3,1,1,47,0.14893617021276595,0.851063829787234,0.8-0.9
atlx4l,AITA for secrelty being upset my 19 year old friend decided to keep her accidental pregnancy?​,"My good friend has recently given birth to a beautiful, healthy baby girl. Everybody is ecstatic for her and can’t get enough of her cute newborn. I’m happy for her as well, but I don’t quite feel the JOY that everybody else seems to be experiencing. I can’t help but think back to 9 months ago, when she was set on terminating but allowed her (religious) mother to convince her out of it. Though I completely respect that it was ultimately HER decision and will support her regardless, I can’t help but feel quietly angry about it. She was attending a big 10 college, is smart, beautiful, and had what seemed to be a bright future ahead of her. I know that teenage pregnancy doesn’t automatically “ruin” a woman’s life, but I’m afraid she won’t ever return to school and instead choose to maintain a steady job/care for her child. I feel all our friends are so entranced by the “miracle” of life that they aren’t seeing the potential reality behind the cuteness. I’ve only voiced these fears to my boyfriend and I would never tell her my true thoughts. I just want to know..am I an asshole?

&#x200B;

EDIT: This may not be relevant but I forgot to mention that this was the result of a hookup and the father is not going to be involved. When she discussed abortion with him, he threatened to murder her if she went through with it and is basically a psychopath.",6,15,0,20,0,41,0.14634146341463414,0.8536585365853658,0.8-0.9
aqte3z,AITA for being disappointed I didn't get valentines day sex?,"So, my wife and I don't get to see each other very much due to the hours we both work, we get about 2 hours together after I get home at night, so I really value my time with her. 

So, tuesday afternoon, she sends me a text saying she'd like to have a date night thursday, which is my day off and conveniently also valentines day. I would cook a nice dinner and we would have some...ahem...private time...

So, today I vacuum, do the dishes, pick up dog toys, etc. I say that because she has said before that having the house clean when she gets home will help her unwind and get in the mood. Dinner is almost ready when she got home, and the second she got in the door, I wrapped my arms around her, grabbed her butt and gave her a deep kiss.

She smiled, looked around and commented on the clean house, then went and put a sweater and pyjama pants on.

This surprised me, but I didn't say anything, since maybe she wanted to relax and eat dinner first. So we watch Lucifer while I finish cooking dinner(homemade chicken parmesan), we eat dinner and then...nothing. An episode ended right after we finished eating and she picked up the remote and hit play for the next episode, then the one after that, which she fell asleep near the end of. So I just helped her to bed.

I'm hurt and disappointed that she put no effort into the date night that was her idea.

AITA?",7,14,1,33,1,55,0.14545454545454545,0.8545454545454545,0.8-0.9
alpp2s,AITA for not hiring my sister?,"I own a lawn care company.  We do everything from mowing, to weeding, to building gardens, any and all things related to a yard.  In the summer, I have some hired help from guys that are on break because we have a lot more customers then.   Currently in the winter it’s just me as most everyone is in uni.  I’m a bit of a perfectionist and go by the philosophy that each yard is an advertisement for the company.  I spend longer than I have to in order to make each yard look pristine, so that the customers are happy, and anyone who walks by will notice. 

Recently, my little sister (9th) came up and said it wasn’t fair that I was making so much money and said she wanted me to hire her. She’s never had any experience in yard work.  Barely weighs more than the mower.  Yard work is tough, it wears me out and I’m in good shape.  At first I said flat out no, but I knew I was gonna be out of town the next week so I asked my grandparents to ask her to mow for them so I could see how she did.  It was rough.  The lines were crisscrossing over the yard, she missed a lot of spots, the edging was 😬.  I can’t let her do that to customers’ yards.  It would make them have a heart attack.  The company is supposed to have a very high standard. I just don’t think she can do it. AITA?",8,44,1,9,2,62,0.14516129032258066,0.8548387096774194,0.8-0.9
ag9m3r,AITA for swearing at my server when he was playing “keep away” with my food?,"So this was a while ago, but it has been on my mind from time to time. I was at a bar and there was an all you can eat wings special, and I was with my group of friends and we went almost every Tuesday. This time it was particularly crowded, so we were totally understanding when they told us it might take a while after they took our food and drink order. 

We patiently waited for a long time and i’d had 2 beers by then so I was definitely not drunk or remotely aggressive, just hungry. Finally when our food came, the waiter handed everyone there basket thingys. However, when he got to me he pulled back and smiled, and then i tried to grab it again, and he pulled back again. It was only like a ten second thing but I was hungry and had already waited enough and didnt want to deal with this so i said, “Give me my god damn food.” as sternly as i could. (I’m 21 and server was like 28, and im used to stuff like this happening, but not from waiters, ive had tons of service jobs and would never do this.).

He immediately stopped smiling and gave me the food, but he and all my friends looked at me weird. 

Would really appreciate honest opinions, thanks!",5,49,5,10,2,69,0.14492753623188406,0.855072463768116,0.8-0.9
a5bkse,"AITA for calling out my buddy for cheating, in front of his wife?","The title is a bit more straight forward than it really is.

I have known my buddy since middle school (we are 35 now) and he has always been a serial cheater. Over the past about year or so he has been hooking up with his secretary. I have known about it the whole time (he likes to brag). Up to this point I have never told his wife (or any of his previous GFs when he was cheating on them), it was just one of those things where I said, ""not my life, not my problem""

Well last night we got into an argument while we were at a local brewery. It started to escalate and he started throwing in some low blows that really pissed me off. So purely out of anger I say, ""At least I am not banging the secretary behind my wife's back!"" while his wife was sitting right next to him.

Telling someone they are being cheated on=not asshole move. but does the context change that?",150,49,141,0,7,340,0.8558823529411764,0.8558823529411764,0.8-0.9
aj5umj,WIBTA if I told my girlfriend that her clothes are no longer appropriate?,"My girlfriend and I had a baby a few months ago. Prior to the pregnancy, my girlfriend liked to flaunt her body and I was fine with that. She naturally started dressing more modestly for the pregnancy. However, now that she's given birth and her stomach has mostly bounced back, she's gone right back to clothes that have her boobs hanging out, her midriff showing, or are so tight on her butt that she could split the seams if she sits wrong. 

I naturally still think she's sexy, but I don't think this is an appropriate way for a mother to dress, especially considering that our daughter will grow up seeing this and will emulate it. WIBTA if I told her she needs to tone it down?",149,20,0,5,1,174,0.8563218390804598,0.8563218390804598,0.8-0.9
apyapw,AITA for telling a vegan to **** off after telling me that eating meat is wrong?,"I was at a bar with a friend, and we ran into some people from his work.  So we decided to all hang out together.  Anyways, I ordered a plate of chicken wings, and offered everyone at the table some.  One of the girls responds, ""oh I don't eat meat, I'm vegan.""  Once she mentions this, she starts trying to steer the whole conversation to be all about veganism, and why it's wrong to kill animals for meat.  Anyways, after this goes on for about two or so minutes, I let her know that I'd like to talk about something else, and I'm not comfortable talking about this kind of stuff.  Then she replies, ""if you aren't comfortable talking about this, then doesn't that show that you think there is something wrong with what you're doing?""  After she said this and a couple other condescending comments, we start arguing, and eventually I told her to \*\*\*\* off and mind her own business.  She then gets upsets, and leaves.  Her other two friends leave with her, and me and my friend go on about our night.  AITA?",3,42,4,0,0,49,0.14285714285714285,0.8571428571428572,0.8-0.9
akoq0z,AITA for not supporting my husband quitting his job… while I’m pregnant?,"We’ve been together for 4 years and met while he (34M) and I (30F) were studying. We got married a few months ago and I recently found out I was pregnant. He is a nice, wonderful man and loves me and my crazy self. Now, husband only recently got his BSc degree in computer science and, while he immediately found a job, it is one he claims to dislike. His main issue is that the startup company he works at doesn’t fix coding problems, but only patches them (forgive my misuse of terminology) and expect a large amount of work for little pay. 

I have told him that as you are recently employed, with 0 experience in your field, you are going to have to suck it up and get experience before you can get a job of your dreams. Is this bitchy of me? Yes. But this is how it works in my field (you need a PhD to get a good job) and this is how I was raised: you think about the long-term goal and do what it takes to get you there. 

However, I also told him that he should apply for other positions, while still employed at this job. His excuses to not do so were a. We were going on a 1-month holiday to get married and he couldn’t do that to his new employer, b. He gets home too tired after work from a 45-minute commute, c. He needs to work on his portfolio. A and C were fair enough points, in my opinion. 

Okay. Fine. We get married and we come back. In the meantime I got pregnant! On Friday he goes to talk to his boss to ask for a raise, bossman says that he can’t do that because the startup company is not earning that much money yet and besides, “Are you even interested in this work?” So bossman encourages him to find a new job and quit. Supposedly bossman will pay him 2 months salary anyways. Husband comes home excited and I tell him we cannot do this because I am 14 weeks pregnant. And not only that, I have very early on been diagnosed with gestational diabetes (family history) and had just had to have CVS on short notice (where they shove a long needle in your abdomen to take a chunk of the placenta for genetic screening). Additionally, I am also at risk for pre-eclampsia - also due to family history. So, a healthy, stress-resistant pregnancy this is not. 

He listened to my worries that no one would employ him if they knew he would need to take paternity leave (we’re in Scandinavia) for 6-7 months and that if he only had two months to find a job, he would probably end up in the same situation i.e. getting a job for the sake of getting one and not because he likes it. We came to the following solutions: 1. He would apply for jobs while still working at his current one, and if something would come through then great. 2. If not, he would apply while he was on paternity leave. 

So, today he was supposed to talk to his boss. I quickly message him, asking how it went and he said “Don’t get mad. But I’m going to quit.” Despite everything we discussed. Despite my worries and (in my opinion, valid, concerns). He then complains that I don’t support him. I told him that to me, support meant keeping his current job while looking for a new one. For the (financial) sake of our family. In my anger, I said that I was disgusted that he did this, despite everything we discussed. He in turn said that I should stop talking and that he, in turn, is disgusted with the way I reacted to his news. My heart is racing right now. I am in complete shock at the turn in events and I am completely not sure about what to do. 

Is he right? Am I supposed to support this decision? Am I being irrational? Am I the asshole?

TLDR: Husband quits job, despite us discussing other options while I’m pregnant. 
",4,40,3,3,2,50,0.14,0.86,0.8-0.9
awao0b,AITA for expecting my wife to pursue a career that pays well?,"When I met my wife, she was pursuing a career as a stand-up comedian. She was constantly going to open mics, writing, and doing shows. She was given a highly sought after but unpaid position at our city's biggest comedy club opening for the touring headlining comic. At the time she was making 2-3k year with comedy and had no other income other than child support from an ex. She wasn't making much money but was ambitious and we loved each other, and my 60k job was enough to get us by so we got married.  After that she cut back on her writing/performing and took time to be 'happy.' After a year or so of this I asked her if she really wanted to be a comedian, she said yes, and I proposed a 6 month period to get her comedy career back on track and on a trajectory to make a full time adult income. If that didn't work, she would pursue another more predictably successful career. She agreed and kept track of hours spent on comedy. It was 14hrs/week during that period and she hadn't achieved the needed success so comedy was turned into a hobby and do a new career it was. 

&#x200B;

She wanted to go to school to become an on-air radio personality. I shot it down b/c its another profession where there are a handful of people making enough to pay a mortgage and endless people trying to get that job and making no money. She gave me a lot of flak for this. She wanted to respond to a craigslist ad for a 26k receptionist job, but as a very intelligent woman with a BA in journalism, I knew she was capable of establishing herself in a career that would eventually pay at least 50k and set that as a minimum salary for careers to consider. She says that that is insane, and that no reasonable person would ever put an actual number, especially one so ludicrously high on an expected salary from their spouse and that before we were married, I never let her know I would have this expectation. 

&#x200B;

I now make much more $, so money isn't really the issue, I just didn't sign up for a sugar daddy situation and expect my wife to achieve her professional potential. AITA?",33,6,5,0,1,44,0.8636363636363636,0.8636363636363636,0.8-0.9
azaz6p,AITA for skinny shaming a co-worker?,"I work in an industry running structured cable for commercial security. I am currently working with 2 younger workers where we are with each other for 10 hours a day. Both of my peers are very into body image, with one (the lead tech on site) being of smaller stature, but both work out daily, and the lead is pretty ripped.

Last week my 2 co-workers and I were wiring a door where we had to pull 6 wires through a hole that was pre-drilled to fit 4. Rather than re-drill the hole, the lead decided that he was going to make them fit. 

The wires weren't moving, so I said ""C'mon, put all your 95 pounds into it!""

His immediate response was ""Yeah, I may only be 95 pounds, but I'm stronger than your fat ass will ever be.""

Now, I'm a bigger guy, but I feel like his response was WAY out of line. When I questioned the other tech, he said that the lead is uncomfortable with being 'picked' on for being scrawny. Our entire work environment has changed as a result of this exchange, which is compounded by the fact that we all have to sit three across for 2 hours a day commuting to and from the job site.

AITA?",54,2,3,7,0,66,0.8636363636363636,0.8636363636363636,0.8-0.9
b1xne1,AITA for ratting two people out for cheating on a final exam?,"Yesterday, I took a final exam for one of my courses (this is university btw) and I looked up to check the clock to see how much time I had left when I noticed the guy next to me had notecards underneath his test. Moments later, he poked his friend's back, who happened to be sitting in the seat in front of them, and leaned over their shoulder to see their test.

This exam was brutal and if they happened to do well then they could've messed up the curve for the entire class (which is only about 30 students). So I wrote a note on my test saying what was going on and asked my professor if I could go to the restroom. I gave her my test for safekeeping and pointed it out. She nodded and I went to the bathroom (I actually did have to go).

When I came back, she handed me my test where she had written that she'll take care of it. She was watching them for the rest of the class and eventually caught them in the act. She confiscated their tests and took them outside. They did not return.

Now some of my friends are telling me that I did the right thing because they were stupid for trying to cheat on a final in college while some of them are saying that it was wrong of me because school is difficult. Also cheating results in automatic failure in this class.

TLDR: Noticed two people were cheating, told the professor in a ninja manner, and possibly made them failed the class.",28,208,5,2,2,243,0.13580246913580246,0.8641975308641976,0.8-0.9
b63jqz,AITA for telling my friend she can’t wear her Harley Quinn inspired dress to a concert?,"I (24f) bought VIP tickets to see my all time favorite band with a different friend. I paid for the tickets if he drove. The show is four hours away.

He bailed last min so I had to scramble to find someone to go with me. Recently my friend was laid off so i knew she would have the time. She (30f) agreed.

She hasn’t heard of the band before. And put no effort in discovering them. That’s fine, but I told her part of the ViP package was meeting the band. I ultimately told her they were a conceptual metal band and a lot of their songs had a certain level of campiness to them. I think she took that too seriously.

Tonight is the show and last night we were texting what we were wearing. She sends me a hot topic Harley Quinn dress. I just don’t get why people idolize her so much. Since i really am nervous for this whole event i don’t want to look stupid, or be associated with it.

My other friend said i was being a jerk. That whatever she wore won’t be associated with me. But if I’m standing next to her all night i feel like it will! ",64,5,0,5,2,74,0.8648648648648649,0.8648648648648649,0.8-0.9
asujoz,WIBTA if I go postal on my neighbor over Girl Scout cookies?,"Quick background: Husband, toddler and I recently moved to a very WASPY suburb. We live in a neighborhood that is essentially an enlarged cul-de-sac. So when the weather is decent, we will come into contact with our neighbors a lot.

Now, to the not-so-quick WIBTA issue at hand.

A neighbor (who I have yet to meet in person) sends out an email in early January on behalf of her Girl Scout daughter, letting neighborhood email distribution (yeah, I know) know that daughter is selling cookies and if we want to order them, reply to email and ChasePay her money. I reply with some pleasantries (""new to hood, hope to meet you soon!"") plus my order of many boxes of Thin Mints and others. Sidenote: I LOVE GIRL SCOUT COOKIES. I look forward to them every year. I need them to get me through the misery of February in the Midwest.

Neighbor never acknowledges payment or order. I email her days later to confirm. She responds days later, apologizing. A month + goes by. I start seeing those delightful colorful boxes around my office. This past Thursday, she sends a neighborhood-wide email that daughter will be at X grocery with cookies for sale, in case anyone missed the original order opp. I respond asking when the pre-ordered cookies will be available. No response. Two days later, Saturday, she responds that they already picked them up. Period. End of email. Nothing about delivery or pick-up, or how the fuck I can obtain my cookies.

I respond right away asking if they'll be delivering them or what. She responds days later (Monday AM) that she's super busy at work and can maybe drop them off this coming Sunday (over a week after they've received the cookie shipment), or she'll put on her front stoop and I can pick them up any time. Great, I respond, I will pick them up right away. No response. I go to her house that evening and there are no cookies on the stoop. WTF. I don't want to be totally psycho and ring her doorbell, so I leave and send a follow up email. This was Monday PM. SHE STILL HASN'T RESPONDED. I sent another one this AM...nothing.

Now I'm sure many of you are thinking I'm overreacting about these cookies. Maybe neighbor lady has something serious going on. Etc. Fair points. But the communication around what is supposed to be a fun and light-hearted thing (Girl Scout cookies) -- which, by the way, her daughter (the Girl Scout) has had nothing to do with, even though I'm pretty sure the cookie selling is supposed to empower the child's entrepreneurial skills or some shit -- has been infuriating to me. AND I NEED THOSE THIN MINTS. And I paid for them already. WIBTA if I showed up at her house demanding my cookies??

TL;DR: I'm obsessed with Girl Scout cookies. Ordered and paid for many boxes through new neighbor child's mother. Bizarro lady is stonewalling me and ignoring my polite and friendly requests to pick up what is rightfully mine. WIBTA if I show up at her door unannounced?",4,54,5,4,0,67,0.13432835820895522,0.8656716417910448,0.8-0.9
aunbjr,AITA for leaving a note on our neighbors’ door?,"Howdy, y’all. 

So about a year ago, these 3 gals moved into an apartment in our building. We actually moved from that unit, to another in the same building. The ended up pushing their move-in date a week earlier, and bringing their parents to make demands on their behalf, but were generally polite despite requiring we suddenly clean up a week early for them. 

Since then, they’ve taken to ignoring us on the street. We’ve all just tried to be neighborly, but have since given up wasting time on it. The building is in a more expensive part of town, quite “unique,” and the rent is incredibly low. So “it is what it is” has become the motto for this dilapidated gem. Now, about the note...

It’s their first apartment. They’ve had issues with taking out trash for nearly their entire time here. While there are cans on the roof, most of us just go ahead and take our trash down to the dumpster. The place is owned by an older couple, and having the husband drag our trash all the way downstairs is something we and other tenants would prefer to avoid. Besides, there’s much more important work to be done around the place. 

But these gals can’t even be bothered to bring their trash outside. They just let it pile up outside their door, inside the building, and stink begins to fester. So the owner eventually hauls it all the way outside and downstairs himself. I found him doing this one day, fumed over it for the night, and we wrote a note the next morning. It read;

>	“Look-
    Leaving your garbage up here is *trashy*. Leaving it up here to rot & stink up the building is disgusting. But- making it such a problem that other people have to take care of it is **fucking shameful**. Get your shit together, ladies. 
Sincerely,
  Who cares, take care of **your** shit.”



I feel kinda bad. The wording was strong. But the trash is gone. AITA?",15,227,20,0,3,262,0.13358778625954199,0.866412213740458,0.8-0.9
b3ps84,AITA For putting my foot down to my grandmother?,"Bit of background: my grandmother and grandfather were together since my grandfathers death a few years ago, they had a very traditional relationship where my grandfather controlled all finances, big decisions etc, and my grandmother would do the cooking and cleaning (note: she has worked in the past and has helped when my grandfather had his own buisness).

Ever since my grandfather passed away, my grandmother has been very reliant on my mum and me (aunt/mum's sister isn't very nice and lives quite a distance away) which makes sense. Due to bereavement, her memory has gotten a bit worse but she's had medical tests and there's nothing permanent. She needs glasses and a hearing aid (but refuses to wear them). I love my grandmother but I am more protective of my mum. I can see that my grandmother constantly relying on my mum to do everything for her (besides bathe her) is taking a toll. My grandmother is competent but doesn't want to learn how to do anything my grandfather did for her. 

Now the event that leads me to ask AITA: recently, whenever my mum has given my grandmother a time to arrive, she is always an hour to two hours early. Even if these times are 9:00am, she will arrive at 7:30am. Even if she writes the time down, no matter how many times my mum or myself tell her a time, she is always early. This used to be just a bit annoying but now she has started barging in when my mum is with clients (mum is a mental health adviser) and doesn't understand why my mum won't give her attention/hang out with her. I put my foot down and said that it's getting too much and is getting in the way of my mums work. Grandmother's response is that we treat her horribly and she wants my mum to quit her job. I tell her ""you need to be on time, check your phone or watch for the time. 15 minutes early is fine but an hour isn't! My mum is working."" She asks ""what do you expect me to do?"" I say ""be on time"" and she then leaves.

So reddit, AITA? ",6,28,0,11,2,45,0.13333333333333333,0.8666666666666667,0.8-0.9
b5xsb4,"AITA for making a ""hook up pact"" whilst having a girlfriend.","Hey guys,

A week ago I attended a party with a bunch of classmates, whereof a girl that I share a lot of common friends with from ""back in the days"" also was there, let's call her C. We don't really talk much apart from when we're drunk, but she has been slightly flirty with me, despite both of us having a partner. She knows that I could never cheat on my girlfriend (C's friend who is also a classmate tried really hard to make me go home with her a few months back), however C stated: ""I know that if we didn't both had partners, then we definitely would've hooked up by now"". I think C is smart, funny and good looking, so I replied that we should make a pact; whenever one of us is single, then we'll message each other for a hook up to which she agreed with.

Now I told this to my best friend, and he told me that he found it slightly ""bad mannered"", a break of trust and a gatekeeping for being unfaithful, and stated that it's kind of ""assuming you won't be with your girlfriend for a long time"". I was honestly lost for words, because I can see what he means, but I honestly didn't think that much of it. Both C and I meant what we said when we agreed, but I yeah, idk. This is my first relationship ever, and the pact just seemed like a fun thing to do.

Please let me know if I'm being a complete asshole without realising it.",38,3,1,3,2,45,0.8666666666666667,0.8666666666666667,0.8-0.9
b5t87j,AITA pursuing a girl with a boyfriend,"This girl and I have been hanging out together since the beginning of the school year. She is so fun and beautiful and vibrant, and has the perfect qualities for a girlfriend. She’s modest and a little shy and totally adorable. I loved hanging out with her and she told me how great I was and how much she loved spending time with me. I was on cloud nine. I really felt like we were moving towards a relationship and developing feelings for each other. Every time she texted me and asked me to hang out, my heart would jump. I was so happy.

Then it all came crashing down when I found out she was dating a guy in our dorm. Not only that, but this guy looks JUST like me. Same race, same build, just very similar, which means I wasn’t wrong in her being attracted to me. I was totally shattered that she pursued this guy instead of me. What did he offer her that I didn’t? Why him? Why was she throwing away the wonderful thing we had brewing between us? I was hurt and stopped talking to her for a few days.

After that, I decided that I wasn’t going to let this bother me. I love her and I love our friendship and the time we spend together. I reached back out and we started hanging out again. I can tell her boyfriend doesn’t like me at all and he’s probably insecure about me, but I don’t care because I love our relationship. However, when I confessed all this to another friend, she called me creepy and threatened to tell the first girl about my feelings if I didn’t come clean or stop pursuing her. Am I the asshole for believing that there’s hope?",243,29,5,9,4,286,0.8671328671328671,0.8671328671328671,0.8-0.9
b5v1j1,AITA for asking for a reason all the time when my gf says no to stuff.,"So I ask a lot of questions and for my gf to try stuff with me, or for us to do things together. When she says no I always like to know a reason why, I don't like when people close to me just say no without giving a reason for stuff. For example I wanted her to try a coffee I made today and she so no thanks. I just wanted to know why not since I was proud of how it came out(different method than usual and I am not good at making things usually) and really wanted her to try it. She just said I don't want to and I shouldn't have to give a reason always for why I don't.

So I am posting her because I want to know, AITA for always insisting on a reason from my gf or family member when they decline something?",40,2,0,4,2,46,0.8695652173913043,0.8695652173913043,0.8-0.9
b9gi04,"AITA for telling a girl that she’s not “just being honest”, she’s just being a bitch?","This just happened at lunch earlier and my one friend is telling me I went too far and making me second guess myself.  

There’s this girl who is sort of part of my group of friends, but not really.  She eats lunch with us and hangs around before classes start, but that’s it.  None of us hang out with her outside of school.  Mostly because she’s very insulting, all the time.  It’s seriously like she doesn’t know how to have a conversation without shitting on someone.  She just says “I’m just being honest” a lot. The problem is that she can’t take a joke herself.  Even polite criticism pisses her off A LOT and makes shit super awkward.  My friends and I have talked about her and all of us are really sick of her, but no one has wanted to say anything because she blows stuff way out of proportion when it’s about her.  

Today at lunch though I had enough.  She was shit talking one of my friends for being really skinny.  “Are you sure you’re not trans?  I’ve never heard of a guy being anorexic.”  And then, “It’s not attractive. Just being honest.”   So I said, “You’re not just being honest, you’re being a bitch.”  She asked me what my problem was, that she was just kidding.  And I was like, “No one thinks you’re funny.  The only thing that’s funny is that you of all people think you can talk shit about how other people look.  Take a look at yourself.”  

No one else was saying anything. She got mad and told me to go fuck myself and got up and left.  I was feeling pretty good about the whole thing, but my one friend told me I went to far with her and should try to talk to her tomorrow.  ",7,201,23,0,1,231,0.12987012987012986,0.8701298701298701,0.8-0.9
9yad75,AITA for doing my own mechanic work,"I drive a 1988 Trans Am and I was going to get my oil changed one day since it had been about five or six months since I got my last one. I pull in to the mechanic’s shop I go to since I know him pretty good and he gives me a good deal. We’re just a couple good ol boys. I pull up and one of the guys working up there, Bruce, tells me that there’s a two hour wait since they’re really busy. Now normally, I’m not one to fuss, but me and the shop owner Jeremy have a gentleman’s agreement where I’ve been going to him and his shop for about 25 years now, he’ll usually put me ahead of the line and save me some time. But two hours was too long for me today since I had a few appointments coming up and I told the first guy Bruce as much. I guess Bruce doesn’t know or doesn’t care about the arrangement me and Jeremy has and tells me if I want it done any faster I would have to change it myself. 



Now I’m no dummy and I know my way around the car I’ve had for 30 years. So I make a run over to the auto parts store and pick up a few quarts of oil and a filter. I return to the parking lot of Jeremy’s shop and begin doing exactly what Bruce suggested I do, and I change my oil right there in the parking lot. It ends up making a much larger mess than I figured it would, but I’m able to clean up most of it before I go on my way. Jeremy calls me later and asks about what happened and I tell him, he thought it was pretty funny but just not to do it again and to try calling ahead when I needed another change so they could schedule better. That Bruce guy still won’t look me in the eye, though. ",218,32,0,0,2,250,0.872,0.872,0.8-0.9
ajpg3p,AITA for not buying my girlfriend weed during her panic attack?,"A bit of background: 

-My girlfriend has PTSD and is a sexual assault survivor. Her abuser is in prison, but he has an opportunity to get out on day leave in April. She has to go to the prison and give her statement on why she doesn't believe he should get day leave (he's been imprisoned less than a year) and this is very stressful and triggering for her. Her PTSD keeps her from working, and she's currently on disability. 

- My girlfriend has been ""self-medicating"" with cannabis for over two years now. She's high maybe 50-70% of the day, and it's affecting our relationship and her healing progress (it causes her anxiety to be without it now). She's admitted to herself that she's addicted to it and began the journey of quitting weed last week.  

- We live in Canada and cannabis is legal and sold in stores. 

- She doesn't have her licence at the moment and doesn't have money to spend until her next cheque. The only way she can get weed is if I take her to the store. 

---------------------------------------------------

Last night my gf was having a really rough time because she was going over the news articles about her abuser. She was feeling very triggered and began having a panic attack, begging me to take her to the cannabis store, saying she'd pay me back on the 1st. 

At first she said she wanted just a CBD strain, then that evolved into wanting a balanced THC/CBD strain. 

She said she's been having a really rough time this past week while trying to quit, and she should be able to smoke once a week when she's very anxious. She was getting hysterical and was hyperventilating and it was horrible to see her feel that way. 

I ended up saying no and just taking her for a drive instead. My reason being is that it's hard for me to differentiate between her actually needing cannabis for her PTSD, or her using it to feed her addiction and hide from her emotions. The first day she started quitting she begged me in a similar way and had a panic attack, but afterwards she told me she was happy I said no and she truly realized how much it has control over her. 

I think the reason she had such a strong panic attack in the first place yesterday is because that was the first time in forever that she dealt with those emotions sober. 

Part of the reason why she's behind in her healing progress is because she doesn't know how to deal with ANY bad emotion while sober anymore. Weed was always her go-to. 

She ended up calming down after a while but I feel incredibly guilty. I don't know if what I did was the best thing to help her or not. 

Even today she's still trying to convince me to take her to the store, and I feel stuck. I don't want to enable her addiction but at the same time I don't want her to have panic attacks because I didn't get her what she needed. 

AITA in this situation?

TLDR: My girlfriend has been using cannabis to help with PTSD for two years but now she's become addicted and can't go without it. After a week of trying to quit she had a huge panic attack and begged me to buy her weed. I said no. ",6,35,1,13,0,55,0.12727272727272726,0.8727272727272728,0.8-0.9
a343uu,"AITA The neighbor kid hit my parked car while I was abroad and caused $1,000 worth of damages. Nobody told me and everyone says I'm the asshole for asking for reimbursement."," 

I was staying with my girlfriend in Germany for three months so I left my car parked across the street at my parent's house. While I was working remotely and trying to make enough to get a visa, the neighbor kid who is 16 backed up into my front end and caused significant damage to my bumper, headlamp assembly, and hood.

After the incident he and his mother walked next door to my parent's house to try to resolve the situation. His parents were all upset that we'd call the police or file a claim, but my parent's said don't worry about it. He apologized to them and offered to pay but my parents apparently told them not to worry about it.

I returned home two days ago to find about $1,000 dollars worth of damage to my car, and I'm understandably upset because 1. Nobody told me about it and 2. There is no compensation for me at all.

I'm being told my parents to forget it, the kid apologized and ""These things happen."" Everyone thinks I'm the asshole and overreacting, but none of them have to pay $1,000 and deal with the aftermath.

In my opinion, the kid hit a car, didn't inform the owner, and at absolute minimum should reimburse me for the damages.

Reddit, what's your take? Am I the Asshole?",7,55,1,1,1,64,0.125,0.875,0.8-0.9
aq8qml,AITA for refusing to go too the funeral of my gf's dad.,"Background: I have been dating this woman for one and a half years as of now, let's call her ""Lucy"". We have a lot in common, care for one another, and helped each other get through a couple of rough patches in our lives. 

Last week, her dad died at the age of 74 of a heart attack. To be blunt, me and him have a shitty relationship. Since Lucy introduced me to her family, her dad has taken a lot of time to insult me personally and put me down. I tell him my profession, (factory worker) and he says ""Yeah, you don't look like the kind of person who uses his head much"", never mind that I casually mention that I had a 3.5 GPA and got a bachelor's degree in criminal justice earlier. He also likes to criticize my looks, saying that ""I look like shit"" and once when I went to his house to return some containers we used for a party he says ""I thought I smelled something fowl enter my home."" He does this when Lucy is not around (bathroom, helping in kitchen, etc), but he'll be more subtle with his insults when she is around.

Lucy tells me the news and I put up a fake smile because I care for her and she lost her dad. I ask when is the funeral and she doesn't say. I asked her last Wednesday and no date has been confirmed. During such a time I agreed to dog-sit for a family friend who would be out of country the day after Valentine's Day. I tell Lucy this and she says ""oh that's when my dad's funeral is at x time, can you make it to the reception?"" I tell her I can't because I need to take care of the dogs and because I don't want to go. She asks if I don't like going to funerals, I tell her that I'm ok at funerals, I just don't want to go too her dad's funeral.

At this point, Lucy is getting upset and starts yelling at me that I never liked her dad and that I should go because she needs support. At first, I keep calm because she's getting emotional, but after a while I snap at her. I tell her what her dad says to me when she's not around, that I never liked him as a person, and that if it wasn't for me loving her, I would have nothing to do with him. I then tell her that I don't want to sit in a room feeling sorry for a man that I don't respect or have any sympathy for. Lucy snaps and calls me an ""asshole"" and that she'll have to rethink our relationship after the funeral is over.

This fight happened on Sunday and so far I've not received any text from Lucy since then. I'm afraid to text her because the only thing she would want to hear is an apology or an agreement to go too the funeral. I don't want our relationship to end because I do care for her. So am I the asshole for not going to the funeral of her dad?",67,10,3,0,0,80,0.875,0.875,0.8-0.9
b1rjpm,AITA for shutting off the WiFi.,"Our kids are good kids but don’t do enough around the house, particularly on housework day. Wifey & I are often still finishing after dark. Son (18) is also addicted to league of legends. He is 2nd year university and lives at home without paying for anything except his clothes, bus money & spending.

I (M49) got started about 8am this morning (Saturday). Didn’t feel very motivated because I’m in NZ, yesterday was the day 49 people were gunned down at their Mosques and Christchurch is my home town so I’m feeling pretty down. At about 9:30 I knocked on his door to ask if he could start on his jobs & empty the dishwasher. He was in a game & said yeah yeah.

No sign of him and an hour later my wife said she’d just asked him and he said he was in the middle of a game. She told him she’d get me to cut the wifi if he didn’t start helping and he said if she did that he wouldn’t be doing anything. (Once a game starts you can’t quit without risking a stand down for several days).

When I heard that I went straight to the router, disconnected the power cable & put it away. A minute or two later he starts yelling from downstairs. I went down there and he begins shouting and swearing at me (f***ing this & that). I told him calmly he had just lost internet until I decided to give it back & so of course he escalated the shouting. I went back upstairs feeling very bruised.

He was up within 5 mins, went to the fridge & got an apple. I told him if he was going to yell at me like that he can’t expect to eat my food and can buy his own. Even more shouting and swearing. Youngest daughter (11) tried to tell him to stop and got the brunt of it. She has OCD & Aspergers so can’t cope with that sort of thing and I sent her upstairs. Son threw the apple, kicked the washing basket over (talking a chip out of the coffee table) & stormed downstairs.

Ten minutes later I heard what sounded like a door slam over & over. When I went downstairs I saw the doorframe to his bedroom is split top to bottom. I told him he has to fix it.

Wife calmed things down & later he even washed her car. She drove him to work at 6pm by which stage we still hadn’t exchanged words. He’d already planned to stay at a friend’s so he’s probably getting plastered. It’s midnight now & wifey is worried because “he’s not in a good state of mind.” I can’t help worrying too. He’s not answering her texts.

I’m tossing up whether to (1) programme the router to exclude all his devices; and/or (2) take his bedroom door away. However at 18 he’s an adult. I don’t know whether ITA, HTA or NTA. ",6,111,10,2,2,129,0.12403100775193798,0.875968992248062,0.8-0.9
b744tq,AITA For calling a rude girl fat after wasting my time?,"Hey reddit, so this took place today after my last class (im in college) of the day, I was about to be heading home after a long day of difficult classes.


I pop my headphones in and head down the main staircase to get to the exit. After the first flight down I hear what sounds like a group of girls talking, which in itself is not unusual at all.


I round the corner and 'lo-and-behold' there are 3 girls, standing in the complete middle of the stairway. I was in no type of mood (nor did I have a Pokeflute) for this bullshit so instead of asking them to move, I say fuck it and instead make the mistake of trying to squeeze in between the little amount of space between the rightmost one and the railing


""Umm, excuse me!?"" the Girl closest to where I was trying to pass thorough says to me before allowing me to get to close.


""Yeah?"" I replied, taking out one of my headphones ""What?"".


""What do you think you're doing?"" Same girl says, this time I notice her friends are giggling.


""I mean.. trying to go down the stairs? What does it look like?""  I admit, saying 'what does it look like' may have been a bit unwarranted...


""Look, can you move? It doesn't make much sense to talk in the middle of stairs why not go to the cafeteria or something?"" I say before giving her a chance to respond 


Snorlax is now silent and her friends aren't laughing anymore, instead all three turn to each other with a 'get a load of this guy' look on their faces until 1st girl says. 


""Whats your issue? Go down a different set of stairs"" says the girl.


I was shocked, flabbergasted. How the fuck don't they see how selfish and inconvient standing in the MIDDLE of a fucking staircase is? Now im usually a pretty stubborn person, so maybe a different day I would've waited until they let me through, but at this point in the week, I was just tired and wanted to go home.


""Stupid bitch..."" I mumble under my breath semi-defeated, turning around to exit on the floor nearest to us


""What??"" The girl says to her friends  ""Did you just call me a bitch?""


I begrudgingly respond ""Yeah, you're kind of being unreasonable, and rude so...""


""Haha says the ""guy"" (she actually did air quotes with her fingers) that was to nervous to ask a group of girls to move."" *her and friends proceed to explode with laughter*


Now im furious. She somehow had spun this on me, Not gonna lie I shouldve held back from saying what I am about to say, but try to put yourself in my shoes, I was too fed up and her insult got me 10x more angry.


""Whatever you say, fat bitch. You know theres a gym a few blocks down right? Maybe I would've been able to get down the stairs if you weren't so fucking fat."" 


The 3 girls are all now standing mouth agape, with the one I had just insulted getting very visibly angry/upset or something yo. I turned around and started to leave for good this time. She or one of her friends yelled ""Fucking douchebag!!"" as I exited the staircase but idgaf that feel good. ",28,7,22,0,0,57,0.8771929824561403,0.8771929824561403,0.8-0.9
al5il5,AITA for not forgiving some of my daughter's debt?,"My daughter and her husband have two kids that are in a parochial school. He is an electrician and she was in medical. She was laid off and they decided to take the kids out of parochial school and put them into public. I didn't want to see that happen so I loaned them over $10,000 for tuition, book, lunch,etc so the kids could stay in their school.

I recently built a building behind my home. Outdoor kitchen/pool house type. My SIL did all of the electrical. My daughter ended up finding a job and I asked the status of my money. She asked how much they owed and I told them the exact amount I loaned them. She then asked about forgiving some of it because her husband helped me out. I declined. Am I the asshole?",56,6,2,2,2,66,0.8787878787878788,0.8787878787878788,0.8-0.9
b84144,AITA for telling a friend he is being creepy and pathetic following a breakup?,"My friend was with this girl for about eight months. He is 22.

While he was with her, he would go on and on about how she was ""the one"" and how they were going to get married, etc. 

She recently broke up with him because he was moving way too fast in the relationship and he needs time to work on himself and deal with his anxiety.

He completely lost it after this. We ended up having to call 911 and have him taken to the hospital because he was calling her and us threatening harm on himself. 

He constantly calls her asking why she can't take him back, and he told us that if she's in the city, he might go to her place and ""ask her in person"". 

Well, me and my friends all took turns spending time with him after the hospital visit and on my turn I just lost it after hearing for the fifth time how he was going to ""get her back.""

I told him he was being creepy and pathetic and that she has made it abundantly clear that she doesn't want to get back together with him and he needs to stop all this behavior. 

He got really pissed and kicked me out of his apartment.

My friends told me that I probably could have done it in a nicer way but that they agree with me.

So AITA for telling him all that?",15,163,9,11,1,198,0.12121212121212122,0.8787878787878788,0.8-0.9
b8kubm,AITA for not firing my racist employee?,"Im the manager and owner of fairly large  bar and grill and i have 12 employees. One of my employees (Dale) is pretty racist against Asians and Hispanics. Our staff is entirely black and white and he doesn't have an issue with those people (he's black) but for whatever reason really hates asians and hispanics. Other coworkers have complained about his comments such as ""hey hurry up, this chink ordered a burger"" or ""I'm tired of these people speaking mexican in here"" among other similarly racist comments. I've told him to stop countless times and he hasn't. He rants about how immigrants are ruining this country and asians and hispanics are stealing our jobs and look weird and so on. He usually keeps this rhetoric to the staff but a few times he's gotten into altercations with customers who've then complained to me. He almost got into a fight with a hispanic customer after saying wetbacks should be deported and sent back to mexico or something like that. I had to intervene to stop the fight from happening. I've usually settled these incidents  by giving them free drink and told dale to stfu or I'm firing him. At this point though i've told dale to stop or i would fire him but he hasn't. Yesterday he told an old vietnamese man that he should stop blocking the doorway or he'd pour some agent orange in his next cocktail instead of politely asking him to move. The obvious solution is to just fire him because eventually an disgruntled employee or customer will film him and make it go viral giving the restaurant bad publicity  or right some really bad reviews on yelp, trip advisor or whatever. Im fed up with dale but he's a single father who has 3 children to take care of and he's taking care of his sick mother who's financially dependent on him which is why i feel i can't fire him. He's obviously a very morally  bad person but if i fire him it'll screw over the other people who depend on him. My other employees are constantly demanding i fire him but i've insisted that i can't because i don't want is kids to be screwed over. ",94,12,9,2,0,117,0.8803418803418803,0.8803418803418803,0.8-0.9
aps3m1,AITA for wanting a vegan wedding?,"So a little bit of backstory first. 

I'm not vegan, my husband is. Yes he is my husband because we're already married on paper. We planned to have our big party this summer. So this party is going to be very different from your typical wedding. We are both pretty frugal and we don't really need or want any unecessary luxuries. It's going to be in our garden, with homemade food, composting toilets and a campfire. 

Basically my family is ok with this non-traditional thing, but they kept nagging about the vegan food. They would say things like ""But you need to think about you guest bla bla""and threatened to smuggle in some meat. I'm really protective of my husband because he's very shy and wouldn't dare to speak up to my family. So at one point I said something like ""If you have a problem with this, don't come"". In my opinion they are just pissed because they couldn't have their way. But maybe it's really a dick move of me and I should be more considerate. What do you think AITA?",17,144,4,12,6,177,0.11864406779661017,0.8813559322033898,0.8-0.9
awltoh,AITA for telling my wife she'd regret not having kids?,"I've (M25) been married to my wife (F23) for a year now and it's the happiest I've ever been. I genuinely feel like she's my soulmate - I've never met anyone who I've felt so connected to. But last week we had our first big fight.

Since before we got married she's always said she doesn't want kids. I do, but not enough for it to have been a dealbreaker. Maybe that was shortsighted of me but I really do love this woman. I know she's been thinking about permenant sterilization. However in the last few months I've noticed her really take on a more maternal nature - she smiles and waves at babies in the street, and she'll be fawning over her little nieces and nephews. This is a recent development and I brought it up one night after her sister brought the new baby over for a visit. She says nothing has changed but I can see it. I told her she clearly likes kids and that she'd regret it if she did decide to be sterilized and would probably end up wanting a baby. She got very upset at this and told me I was being a condescending prick. I just don't want her to make a decision she regrets. She hasn't really spoken to me since and has seemed very distant.

So, AITA or is she overreacting?",140,12,2,7,2,161,0.8819875776397516,0.8819875776397516,0.8-0.9
as7wc0,AITA for not wanting to touch my wife?,"&#x200B;

I'm almost 50, been married for almost 20 years. My wife is 46.

&#x200B;

I think we came together all those years ago as two lonely people, afraid we'd never find anyone else. I married her, completely unsure about it, because I was afraid I'd be alone forever, and determined to ""make it work"". In hindsight, my heart wasn't in it, and I felt trapped. She says I'm the best thing to ever happen to her. 

&#x200B;

I can't say it was all bad times, but fast forward 15 years and two kids later, I fell into a terrible depression, with suicidal thoughts. My wife knew nothing about this until I got help. I started therapy with a psychologist, who helped me learn to cooperate with my emotions instead of fighting them, to slowly learn to be aware of what I like and don't like. 

&#x200B;

Which leads me to today.

&#x200B;

I don't like being with my wife. When she touches me, I feel hollow inside, trapped. It's been like that for a long time, but I've also had an overwhelming tsunami of abject pitch black terror at the thought of the marriage ending.

&#x200B;

The past week or so, though, something has changed. 

&#x200B;

What is new is this: amongst my group of friends is an attractive, smart woman of about 40. We've been growing as friends for a while, but about two weeks or so, I saw a spark in her eyes that maybe, just maybe, she might feel something more. 

&#x200B;

I know I do. 

&#x200B;

We've met a few times since then (once just the two of us), and chat a lot online. The vibe is still there.

&#x200B;

It was like a wall came crashing down inside me. If such a thing was even possible - if someone as attractive and smart as her could even allow a hint of that kind of feeling - then maybe a post-marriage existence could be a happy one.

&#x200B;

Suddenly the tsunami of terror is gone. Ending the marriage is still a fearful thing, but not completely unthinkable.

&#x200B;

So now, for the past week or so, when my wife wants to touch me, or wants me to hold her, I no longer do what I did before - I don't just hold her and silently bear the emptiness inside. Instead, I flinch, or pull away, or say no.

&#x200B;

My wife is devastated. She asks why I changed so suddenly, and how long it will be before I can go back to what I was like before.

&#x200B;

But I don't want to go back. I hated it. I also don't want to kill a 20 year marriage over a passing crush, or a temporary angry phase. 

&#x200B;

Except I can't see it being temporary. The change seems sudden to her, but all that's happening is that I'm not hiding how I feel any more.

&#x200B;

AITA? Everything inside me is a jumbled mess of conflicting feelings now.",45,2,0,4,1,51,0.8823529411764706,0.8823529411764706,0.8-0.9
azrypj,"AITA for making my friend feel like shit after he told me I would be his ""ideal girlfriend"" but then in the same breath telling he's not attracted to girls who don't work out (I.e code for fat girls)?","Background: I have been friends with this guy Aaron for a few months. I'd say we are more than friends because it's very flirty, we go on what I would consider ""dates,"" we sleep in the same bed after going out and on and on. In fact in light of what just happened, I'd say he led me on big time.

So just had a conversation at 3am after binge watching one of my favorite Netflix series that I thought it was time we take the relationship to the next level. He told me that he was happy just being friends. I said I wasn't and wanted more. He said that he just wasn't into a relationship with me. I said he had to to better than that. He said he hated to hurt my feelings and that he's just not attracted to girls who don't work out. I asked him if he meant because I'm fat. He said yes. I told him he was the biggest piece of shit I'd ever met and to leave. Since he left I've been spamming him and his Facebook with memes from my favorite bloggers like ""if you can't handle my size, maybe you don't have the tools for the job."" 

He finally clocked me but before doing that he said I was a huge asshole for making him feel like shit for his ""natural desires."" I told him he sucked but I guess he didn't see it. I sort of half feel bad but I also feel like I said what needed do he said. Am I the asshole here? ",36,6,9,0,0,51,0.8823529411764706,0.8823529411764706,0.8-0.9
b5ge06,AITA for (jokingly) calling an 18 year old out for dating a 14 year old? Everyone got mad at me.,"This happened like two hours ago, and although it’s not really a big deal I am curious if I was the one in the wrong in this situation.

I’m currently on a school trip with several classmates. We’re relatively good friends and we make fun of eachother a ton (luckily for the most part everyone can dish and take).

One of the girls, Ashley, is a senior and 18. She is currently dating a 14 year old freshman (note- where we live this is legal)

Before she started dating the freshman, there was a lot of drama because two other girls (both juniors and 16/17) also tried to date this boy. He had a fling with one of the juniors and then started dating Ashley seriously.

Ashley was complaining about the two girls and someone basically said “it just sounds like they’re both really insecure” and she agreed with them (neither of them were being friendly about it- they viewed it as a negative thing).

I chimed in (this was a group convo) “it sounds like all 3 of you are insecure”. And Ashley goes “What? What did I do?” And I replied “date a 14 year old.” 

NOTE: all of this was said in a pretty joking tone, I wasn’t actively trying to attack her just get a jab in like we always do. 

She got really angry and turned around and went silent while everyone chided me and said it was “too far”. Then she turned around and flipped me off and went fuck you. And then clarified “that was just for *insert my name here*”

We then all kinda laughed to break the tension and now everyone’s moved on. (After she said fuck you to me the topic got changed and she’s no longer upset)

But I don’t think I was in the wrong, it’s creepy to date a 14 year old boy and everyone would be incredulous if the genders were reversed.

AITA for making that joke?",11,130,7,7,1,155,0.11612903225806452,0.8838709677419355,0.8-0.9
aakgkm,AITA For Ruining Probably Kid's Childhood?," I was in Target the day after Christmas. I live in a large city so it was packed with people returning stuff and the usual shopping. I needed to use the restroom so I went to do that.   

  
  There was quite a line of people so I decided to act civilized and get in line. The man behind me had a kid (probably like 6 or 7) with him and was getting really upset really fast. While there was about 2 people a head of me a store associate came out and told us he needed a minute to clean the bathroom. Obviously none of use were happy but what are you going to do? The associate goes in the bathroom to clean it up. 

  
  Almost immediately the guy behind me starts complaining very loudly how the worker was probably in there doing nothing and making us wait on purpose. To be fair the associate did take about 10 minutes but the guy was talking loud enough that I think the associate in the bathroom could have heard it fairly clearly. I worked retail so I know how stressed the holidays are on people so I texted my girlfriend telling her it would be a while. I also texted her, ""There is a guy behind me who is acting like a baby about having to wait. He is throwing a little tantrum that is kinda funny.""     
 

 I get out of the text app and start browsing Reddit or something. The guy behind me starts really calling the associate names and generally being an asshole to the young guy who is just doing his job. I turn around and give him a look and he says to me, ""You shut up. I saw what you said about me, asshole.""   
 

 So at this point I'm a little stunned because there must have been an effort to look over my shoulder and see what I was texting. That's kinda a huge violation of privacy in my opinion. I get a little pissed fast and turn to his kid and said, ""Santa Claus is not real. It's your parents. Also the Easter Bunny and Tooth Fairy are not real. It's all your parents work."" I walked away at that point because I didn't want a physical altercation to happen or anything.   


  Am I the asshole? Maybe what I didn't wasn't proportional but I think it was if you have ever worked retail on the holidays and if I was the associate I would be cheering for me.  


tl;dr: Stranger acts like an asshole to retail associate, reads my private text over my shoulder, calls me an asshole for texting that he was being a baby, I tell his kid that Santa isn't real. ",512,78,100,2,1,692,0.884393063583815,0.884393063583815,0.8-0.9
b6ya8d,AITA for getting my co-worker fired because she was pretending she was dating me to her family?,"I'm using a new account because this still hasn't leaked at work I was the one who did this and my reddit is known to my coworkers. 

&#x200B;

So, This last week I got a coworker of mine fired for misconduct. I don't feel bad but my coworkers are now up in arms saying who ever did this is an asshole. 

&#x200B;

So, my ex-coworker used to be a good friend of mine. I met her when I got a job here about 3 years ago and we hit it off. We were extremely close friends and I had misplaced trust in her. One thing she liked to do was take photos of us together and post them on snapchat and facebook. I never thought much of this and thought she was just sharing what we did like a normal person would do. I was wrong. 

&#x200B;

About a month ago a man randomly reached out to me. He claimed he was my ""girlfriends"" brother and that he had finally tracked me down. Through a long back and forth it turns out that my coworker has been pretending to her family and friends back in her home town that I was her boyfriend. She had a second facebook with her original name on it and had constructed a weird narrative in which I was her boyfriend. She claimed I was ""old fashioned"" and didn't use social media to cover up her lie. 

&#x200B;

This is fucking creepy, right? I documented and archived everything and corrected the record with her brother before reporting this all to HR. I didn't feel like confronting her (I honestly didn't feel like talking to her at all) and distanced myself immediately. She picked up on this quickly and started to post on her second facebook that I had broke up with her. 

&#x200B;

HR immediately transferred me away from her and kept us apart at all times. I'm guessing they told her what was going on as her facebooks disappeared over night and she began avoiding me like the plague. It was to late though as this monday she was fired for inappropriate behavior. From what HR and others have told me she will never be working in the field again.

&#x200B;

HR has kept this as quite as possible and has not leaked any details to anyone. The only thing my other coworkers know is that another coworker reported her for misconduct out of work and she got fired. Most on them are angry about this. The current opinion is that who ever did this is a spineless asshole who just ruined a girls career for ""nothing"". I'm never going to come out about this and have asked HR to never mention me because of this. 

&#x200B;

So, am I the asshole here? I feel what she did was wrong and she deserved it but am I wrong?",16,216,12,2,7,246,0.11382113821138211,0.8861788617886179,0.8-0.9
aiieme,AITA for buying my wife a Switch,"Throwaway because my wife knows I’m active on reddit and knows my handle. 

So, due a recent lapse of judgment, I am unemployed. My wife is a night shift LPN. She makes okay money, we’ve been getting by. She’s been babysitting on the weekends recently for a friend of a friend which has helped. 

So the other day she came back from babysitting and talked about the Switch that the family had and that she and the kid she babysits had had a lot fun playing on. Since my wife is an LPN she works really hard and doesn’t relax a lot and so the idea of her having something to relax with and have fun with sounded really appealing. Husband of the year award, right? 

So I found a used Switch on Craigslist and bought it. I got for 75 bucks cheaper than retail, so I feel it was a good deal. I surprised her with it this morning and she was furious. She said I had no right to spend her money on a gaming system. I thought when you get married it’s OUR money not your money. Is she being bitchy or am I the asshole? She keeps saying she was trying to save money but that’s what the babysitting money is for, I never ask her about that. Plus why would she be saving money without telling me? Seems fishy, right? 

The shitty part is that when I turned it on this afternoon it didn’t work and the guy I bought it from isn’t responding to my texts or calls. I’m thinking about filing a police report but that’s for another post I guess. ",47,3,1,3,0,54,0.8888888888888888,0.8888888888888888,0.8-0.9
ajqqfh,AITA for not wanting my wife to leave me alone with our kids 2-4 nights per week?,"Let me start by saying that I do absolutely plan on talking to my wife about this, but I wanted a reality check first to see if my perspective on the issue is wrong.

My wife and I have been married for 4 years and we have 2 kids, a 3 year old and a 6 month old. Ever since my wife was 5, she's danced as a hobby and even now, she still dances 2 nights per week and also teaches dances on Saturdays. We both work full-time jobs and during the day, our kids go to daycare. Because of my schedule, though, I get Fridays off, so the kids stay home with me on those days instead.

Some background on the situation:

My wife dances on Tuesday and Wednesday nights after work. She doesn't even come home - she goes straight from work to dance. So I pick the kids up, make them dinner, give them baths, and put them both to bed. And on Saturdays, I get the kids up, get them dressed, fed, play with them, and generally just try to keep them alive until my wife comes home from teaching at around 2:30pm.

None of this is a big deal. I totally understand and appreciate her need to dance for her mental and emotional well-being.

But here's my AITA dilemma:

On top of that, there are usually 1-2 nights per week that my wife will be. Some examples:

- Work dinners/staff meetings that she has to attend
- Going out with her friends for dinner or drinks
- Getting a massage after dance on Saturday

So this works out to 3-4 nights per week where I'm taking care of the kids by myself plus having them along all day on Fridays and most of the day on Saturdays.

We have talked about this and she insists that I could go out a few nights a week and leave her alone with the kids, but the thing is that I don't want to go out. It's so rare that we're all home together, so when we are, I just want to enjoy time with the family.

So what do you think, Reddit? Am I the asshole for being annoyed that my wife leaves me alone with the kids 2-4 nights per week?",21,103,4,99,9,227,0.11013215859030837,0.8898678414096917,0.8-0.9
a5xor4,AITA for freaking out and reporting to HR that a man used the women’s bathroom at my workplace,"Hi everyone.

I am a woman who works in a predominantly male company. Our building has two floors and a bathroom on each floor.

The men’s bathroom experienced some issues today and there was a sign on it telling men to please use the upstairs bathroom while the downstairs one is being fixed.

I obviously work downstairs.

This morning I was using the bathroom when a man came in and went into the stall next to me. I’m not sure what he was doing but I did not hear him urinating.

I immediately finished what I was doing and jetted out of there (without even washing my hands).

I went to tell my boss and he instructed me to report it to HR.

I have filed a complaint to HR and I have a meeting with them tomorrow morning to discuss the matter but they’ve been filled in on the gist of it.

Am I an asshole for reporting a man for using the women’s restroom?",48,5,1,1,2,55,0.8909090909090909,0.8909090909090909,0.8-0.9
aqz7mp,AITA for wanting to kick my son's mom out of my house?,"My son's mom and I broke up a year or two ago and she moved out, took the kid (her name is not karen). We had a time sharing agreement and I had him on weekends. She wasn't working so I took more days during the week and paid for child care so she can go out and find a job and do other things with her life besides staying at home and smoking weed. Over the past couple years I've never missed a child support payment, I've worked full time, and I've got my kid as often as I can- i cover all his expense  


At the end of last year, she tells me she can't afford her rent anymore.(because she hasn't ever had a steady job). I offer to let her stay at my place if she helped out around the house, found a job, and promised to get back on her feet. I would cover rent and all living expenses and childcare. She accepts my offer. (Note, I didn't do this 100% to help her out... maybe 50%. I mainly wanted to see my son more often, so helping her was convenient ngl)

&#x200B;

The first few weeks of her being here was not great. She threw all her stuff in my sons room, left a total mess for weeks. I bothered her so much about it, she finally cleaned it. To my perception, she dragged her ass getting a job. It took her a month and half to find one at a fast food place (she starts next week), she spent most of her time partying with her friends, going to festivals, staying at her boyfriends house, going on vacations etc. Most of this stuff makes me very upset because, to me, it does not seem like behaviour a mother should be exhibiting at this point in her life, but also jealous because with my schedule I don't have time to do any of that stuff. I'm working my ass off, with our same time sharing agreement before she moved in. 

&#x200B;

So I bring all this stuff up with her, I let her know that I don't feel like it's fair and I'm pretty upset about all of it. Then she rips into my life and calls me basically a deadbeat that's never been around. She insulted me for quite a long time, most of it out-of-touch lies. fake news. but it still hurt me a lot because I feel like ive sacrificed a lot for both her and my son. This isn't the first time she's acted like this with me, basically whenever I try to bring up something that is bothering me she switches to full attack mode. 

&#x200B;

I'd like to kick her out, because she's been so disrespectful with me, but I also feel bad because I told her she could stay here for six months. I'm also afraid that if I retaliate, she'll try to keep me from my son. AITA?",4,49,2,0,0,55,0.10909090909090909,0.8909090909090909,0.8-0.9
b0am0p,AITA for wanting to have an abortion even though a family is offering to adopt.,"Okay. Throwaway account. 

I am a 23 year old female. I have been in a relationship with 25m for over 5 years, living together for 2. A week ago, I found out that I was pregnant. Trust me when I say, we were being as safe as possible and it was a HUGE shock to us. We both talked and agreed that abortion is the best answer. 

So, we made an appointment with the doctor. We have a mandatory reflection period after the first appointment and before the procedure. My next appointment is 3 days from today. 

So, last friday, I started feeling overwhelmed at work and was kinda losing it in the bathroom when a coworker walked in. She is really sweet and one of the senior managers who helped me out a lot in the beginning. I spilled my beans and she was very comforting and calming me. But later that day, she asks me if I was willing to have the baby, so that she and her husband can adopt. Turns out both her and her husband have fertility issues and there was no way to get pregnant and they have been adopt for a long time now. She said she will help me with the pregnancy, help with the cost, put in a good word with boss at work so my career won't be affected etc etc. 

I was really shocked and said I will think about it. After thinking about it over the weekend, I decided that I didn't wanna do this. I was already feeling too overwhelmed and I didn't want to carry a baby only to give him/her up. I don't think I can handle that. 

So, on Monday, I went to her office and told her about my decision. As soon as I said no, she started crying and I just felt so guilty. Because she is a sweet person and would be a lovely mother. I kept trying to explain to her and she wasn't willing to listen and she kept telling me to get out. I thought she needed a moment and left. But after that, she refused to hear my apology or even listen to my reasoning. She was  avoiding me all day. Some of my colleagues came to know about this and everyone was coming over to my desk to change my mind. I was almost breaking down and I kept saying no. Everyone thinks I am the asshole for preferring abortion when there is a good family willing to adopt. 

Needless to say I was quite upset when I got home. When I told my bf about this, he didn't think I was the asshole but he did say this was a good idea and he would prefer this over abortion and he asked me to think about this for some more time and to postpone my appointment to Monday. But I said no, and that i am going to this appointment and that its final. 

Then he got mad and said that I wasn't even willing to think about it and that was the least I could do. He was also mad that I wasn't even willing to take his advice and that the baby is also his. I just went to the study room and locked the door and didn't talk to him after that. And also, I took WFH today because I didn't want to face anyone right now. I haven't spoken to anyone since last night.

This whole week has been an emotional rollercoaster.

So, AITA?? ",26,294,11,10,0,341,0.10850439882697947,0.8914956011730205,0.8-0.9
amqgft,AITA for not allowing my youngest daughter to eat junk food but letting my other kids eat it?,"I have 3 kids a son who is 13, daughter who is 11 and another daughter who is 9.My two eldest can eat whatever they want and still stay slim. They eat 3 healthy meals a day and then I let them snack on what they want. They don’t overeat on junk but they do have some most days, maybe I’m a bad parent for allowing this but I grew up eating this way and I’m slim and healthy and they’re fit and healthy too. My youngest however is slightly overweight. I’m a lot more strict with her diet because of this and sometimes I feel so bad allowing my other kids to have stuff that she can’t. She gets really upset about it sometimes. I’ve been honest with her and said that life isn’t fair and unfortunately for her she’s got to watch what she eats more carefully. I do let her have a treat every week because I don’t want to completely make her miss out and I don’t think a small treat once in a while is gonna be harmful to her. My mum lectured me the other day about how it’s not fair for me to let the older ones eat stuff she can’t, she thinks I’m being mean and am gonna cause problems for my child in the future. She says it’s just puppy fat and will come off when she grows but I disagree with her and think I’m doing the right thing for her health. 

What’s your opinion? Aita or am I doing the right thing? ",321,27,1,12,4,361,0.8919667590027701,0.8919667590027701,0.8-0.9
aioib0,WIBTA if I told my wife I wanted to travel Europe without her?,"WIBTA if I told my wife I didn’t want her to come to Europe with me? 

I’m 33 years old (so is my wife) and I’m the breadwinner (I don’t hold that against her). Each and every year she goes on a vacation to the Outer Banks with her sister and grandmother, no men are allowed. I’m not upset by it, I’m slightly annoyed at how misandrist her family is (very female heavy, actually mostly female), but honestly, I would not enjoy myself if I attended. 

In fact, my wife only enjoys one type of vacation, the beach. She just wants to lay out and read. That’s cool, she likes what she likes, but that’s the only type of vacation we can ever agree on (and I use the word agree loosely). We go to the beach together when I want to go to the beach. I prefer the mountains, but whatever. 

Anyhow, I’ve wanted to go on a backpacking trip to Europe my entire life. I want to throw on my ruck sack and visit small towns,  interact with the locals, stay at hostels, or camp. 

I’ve talked to my wife about going to Europe. She only wants to go to Europe if it means we go to the beach. 

The way I see it, the beach is the beach. Sure, some are nicer than others, but you can go lay out at Myrtle beach or Daytona beach and it be relatively the same experience as St. Tropez. 

She won’t want to do anything I want to do. In the 7 years we’ve been a couple, I’ve always done what she wants to do. I’m finally at a point in my life where I can save up and get vacation time to do what I want. I know she’ll be hurt, but WIBTA or is she being selfish?

Also, follow up question, how can I convince her to let me do my thing without her?",1,23,6,35,0,65,0.1076923076923077,0.8923076923076922,0.8-0.9
azwmle,AITA for refusing to forgive my younger brother?," A little backstory: My brother and I were always extremely close up until 3 years ago. When he was 12 and I was 20 my mom and I had a falling out over honoring my Grandma’s final wishes to have her small fortune donated to various charities(my mother felt she should have been able to keep most of it). Later that week my brother took me off Facebook, Snapchat, and our shared video games. I tried texting him to ask what was wrong and he said after the argument he didn’t want to see me anymore. 

I was upset but I gave him space thinking I’d talk to him and explain he doesn’t need to choose sides but he never responded back to any messages. Now it’s 3 years later and he wants to apologize and talk it out, I refused and told him he had a chance 3 years ago and that 12 years old imo is an age where your actions can lead to very real consequences. I told him he survived 3 years without me he will survive more.

I get that I may be going overboard on this but he made the decision (stepdad confirmed mom had no part) and I don’t feel he is entitled to forgiveness.

I apologize if there isn’t enough information this is all there is to it. I didn’t get any form of explanation from him and my mom trimmed my branch off the family tree. ",50,2,1,4,1,57,0.8947368421052632,0.8947368421052632,0.8-0.9
b82mo6,AITA If I specifically request no children younger than 16 be at my wedding?,"My gf and I were discussing this and its something I think about a lot. I'm not fond of kids at the best of times, but god help anyone that would bring a young child to our special day. I mostly have a problem with the parents as the kids cant really help it, but if you decide that you're too important for a babysitter and decide to bring a child that doesnt respect the sanctity of a wedding, then would I be the asshole if I requested that said person leave? The wedding would not be for years to come but theres nothing that fills me with more anger than a screaming brat breaking any sort of special moment my SO and I would be sharing and spoiling everyone elses time. I already tell that my mother will be wholeheartedly opposed to this, but its not her day. Would it be bad to put this on the invitations?",7,54,1,14,2,76,0.10526315789473684,0.8947368421052632,0.8-0.9
aylk38,AITA for leaving my fiance over his reaction to me getting a student suspended,"I am a librarian at a prek-12 school. I lead one class every period with the younger kids, and high schoolers are free to use the library at any time during the day.

For any women that teach small kids, you know that they grab your boobs. A lot. It's not intentional, my boobs are just eye level for the kids and they often use them for balance or to get my attention. They don't realize what they're doing. Usually I just say ""watch your hands!"" or gently move their hands away, but I don't get mad, because they're little and they don't understand that they're doing something wrong.

One day, I was crouched down next to a 6 year old helping him find a book. He stumbled and grabbed my chest. Again, not a big deal, but one of the 17 year olds in the library saw it happened and yelled, ""LOOKS LIKE MS. aitaitaita IS LETTING THE BOYS COP A FEEL."" I went up to him and told him he was being inappropriate and threaten detention and all that, and he gets lippy (his friends were watching) and reaches out AND GRABS MY BOOB. I could tell from his face that he knew he fucked up as soon as he did it and I took him straight to the office. The principal tore him a new one, and then we discussed it for a bit and decided that a 3 day suspension and a call home was appropriate, since the kid was clearly scared shitless and seemed to both of us to be more of a smartass than a danger to students or other teachers. The suspension will also have to be reported to colleges, which is what my (ex)fiance took issue with.

I told my fiance about it that night and he didn't react as expected. He said that the high schooler was just a kid who clearly didn't realize what he was doing, and it was a double standard to punish him and not punish the younger kids for the same infraction. I pushed back because I think there's a huge difference between being 6 and being 17, and he accused me of being an unfair teacher who was targeting a student because I weighed in on the punishment, and therefore he wasn't treated impartially. He also told me that this being on the kids record was too harsh and he didn't deserve to be marked forever for a ""joke."" I pointed out he should know better, but he just doubled down on telling me I should learn to take a joke and laugh it off and not be such a bitch.

I tried to discuss it several times but he wouldn't budge, and I felt incredibly unsupported and hurt, so I decided to break off the engagement. HIs friends have been reaching out and accusing me of being unfair and rash. AITA?",29,446,24,8,6,507,0.10453648915187377,0.8954635108481263,0.8-0.9
b2g88x,AITA for breaking up with someone after they completely supported me for 3 years?,"Hello. I started university at 28 after some injuries left me unable to work in my previous job. I started dating someone who already had an established career. They basically let me focus only about school so I finished it in 3 years. I found a job after that and started working right away. Pretty quickly after I was more independen, I started to not be attracted to the person I was dating. I broke up with them after three months of feeling like this. They basically told me that the only reason I dated them was for their money. On some level I think it might be true, but am I an asshole for that? 

Random things:
Never cheated or anything like that
They took it pretty hard
I didn't really try to work on it, just broke up and I felt pretty happy

",43,2,0,3,1,48,0.8958333333333334,0.8958333333333334,0.8-0.9
auofoq,AITA for breaking up with my boyfriend after getting a good job?,"I’m 29 and my now ex boyfriend, Justin is 20. We had been dating for a little over a year. I’m to lack of a better word piss poor and to make a living I had been taking odd jobs here and there. One of those jobs was cleaning apartments. The area I live in is becoming gentrified so you have low income apartment dwellers like me next to to upper class people like Justin living in luxury condos just couple miles away. 

I met Justin as I got hired to clean his apartment. Justin has Aspergers and was a awkward at first, but he’s a sweetheart you know. We got to know each other pretty well, he was funny and attractive and before you know it I took his virginity and we started having sex. I was going to tell him its strictly casual, but he started to like me a lot and he would buy me groceries, new clothes like a really nice winter coat, and I had even moved in with him out of my crumbling apartment building. I had lost my job with the apartment cleaning company as well and had to get a lower paying one so Justin was kind of my meal ticket.

Don’t get me wrong Justin’s nice, he’s attractive, and he’s good in bed, but I just don’t love him like he does. Recently though I got offered and took a really good job at another cleaning company that paid really well. I’ve built up a hefty amount savings because I didn’t have many expenses with Justin. I broke up with him a week ago and he’s devastated, I tried to console him and tell him he’d find another girl, but he wouldn’t hear it. I told him we could still be like friends with benefits, but that just made him angry. I moved out and into a new apartment, but I still kind of feel bad about Justin. 

Am I the asshole? ",44,3,0,2,1,49,0.8979591836734694,0.8979591836734694,0.8-0.9
b8sdv1,AITA for changing my mind midway through buying a stranger coffee?,"I stopped by a local coffee place after work today. There was a woman behind me in line with a toddler, the kid was sweet and saying ""hello"" to everyone in line and genuinely brightened my day. 

While I was standing near the cash register waiting for my order, the woman stepped up and ordered a $4 coffee. I kindly offered to pay and she seemed so grateful and even thanked me twice. Right after, she turned back to the cashier and said, ""in that case, you can add two extra shots and a blueberry muffin.""

I was so taken aback, I immediately told the cashier that I changed my mind and she could pay for her own order. I walked over, picked up my drink and left without another word. 

AITA for reneging on my offer? 

",35,467,18,6,13,526,0.10076045627376426,0.8992395437262357,0.8-0.9
b4yo60,"AITA for inviting a girl back to my hotel after she mentioned being down for casual, no strings attached sex? Both Late 20s","This happened a few days ago and first I thought she was overreacting but I mentioned it to a friend back home who told me I was being an asshole so I've been thinking of it more...


I travel a lot for work and was recently in a really dope city for a conference in which I got put up in a super swank hotel. I match with a girl from tinder and we exchange snap usernames and start talking on there. We send a couple of innocent snaps before she mentions she is in an Open relationship and was just looking for no strings attached sex, pretty much a hot romp 1 off. This piques my interest immediately and tbh I started getting a bit hard and my thoughts racing. I ask her when she wants to meet up and she tells me she'll get through with her day and then hit me up.

Blood rushing to my dick, I send her a couple video snaps of my suite. This thing is seriously huge. Double room. Sweet bathroom. Amazing view with a balcony. I follow up with where I'm staying, that I have a private super swank room and that maybe she should come over when she's done with work. She opens the vids and says the room looks great, thanks for the view and offer etc etc but that she has had bad experiences with meeting strangers at hotels in the past and that she would rather meet somewhere neutral first to see if we vibe. I say okay.

About 5 minutes later, I'm completely hard and looking over this girl's pics and get a bit caught up in the moment of possibly banging someone elses girlfriend in a city i'm visiting. I send her a quick dick pic and a view of the skyline from my balcony and tell her ""Or you should just come over right now and I can fuck you against this window.""

She shuts down immediately. Calls me an inconsiderate asshole for ""pressuring"" her after she told me she had a bad experience. I honestly didn't think it was that big of a deal and more spur of the moment sexy but she immediately blocked me and unmatched me from Tinder. It's been a few days since and I'm still blocked so I ended up mentioning it to a friend back home who basically gasped and called me a raging asshole. So.... AITA? ",159,14,2,4,0,179,0.8994413407821229,0.8994413407821229,0.8-0.9
aqpujl,AITA for putting my neighbor's dog's poop in front of their door?,"I watched from my balcony as my neighbor let their dog out, watched it poop in the grass, then went back inside without picking it up. I had suspected for a few weeks that the multiple huge piles of it were from this dog but now I had seen proof. So I got one of the plastic baggies (which are provided by dispensers all around our community specifically for picking up dog poop) and bagged it up and dropped it right on their doorstep. I figured this would give them the message and that I would only escalate to contacting management if it continued. 

So....AITA? ",4,63,3,0,2,70,0.1,0.9,0.9-1.0
am0tb2,AITA For showing up to work with a broken nose and wrist after a car accident?,"I am 27 years old, and am one of the owners of a small startup that employs 25+ people. I am also acting manager and have developed a reputation as the ""disciplinarian"" of the three owners.

I dont gain any pleasure out of being a dick to people, but I do require that everyone is held to certain standards and tries their best in all things and I will enforce those standards.

If someone shows up late, I will grill you on it. If you dont meet your deadlines, we're gonna have a discussion about why that didnt happen. If I see you bullying a coworker, I will shut it down publicly. If I see you putting your work onto others, I will directly ask you why you deserve to be paid. I wont ask anybody to do something i wouldnt do.

I have fired three people in the three years our business has been running, and im not afraid to fire more if needed. I care very much about my company and I dont let anything slide.

So, now that that has been established. Last week I was involved in a car wreck on my way to work. BMW ran a red and T-boned my sedan on the passenger side. I spun out, bashed into an electric pole. I was lucky I wasnt hit on my drivers side as this car was going fast.

Smashed my face on my steering wheel and door. Busted my nose pretty good. Two black eyes now. Pieces of glass cut up my face and my leg, and my lip got busted. Also, the worst injury, I broke my wrist and hand which is currently in a cast.

BMW driver was fine. Car ended up getting towed and the EMTs bandaged my nose and plugged my nostrils to stop the bleeding. At the time I told them my wrist was fine, just sprained. Took it to a doctor over the weekend and yep, its broke.

Sedan was totalled and had to be towed.

At this point I had two options. I could either go home and rest, take a day off, or go into work.

In the past ive given many pep talks about being committed to your job, to overcoming obstacles, to making sacrifices and taking risks. I have denied sick days in the past for various reasons that werent satisfactory. 

So, I decided to use this as a teaching moment and prove that im not all talk. I call a lyft, and show up to work. I looked like I was just mugged, but i showed. People bombarded me with questions and asked if i needed an ambulance but i just explained what happened and that everything is fine.

I went to my office and got to work. One of the other owners came into my office and asked if I was alright. I said I was but he said I should go home or to the hospital. I had already paid to be brought here so I refused. He tried to insist but I wouldn't back down. I worked the rest of the week.

This week me and the other owners had a lengthy discussion about it and while they understand my reasoning they dont like that i came in and that i refused to leave. Its not a huge deal but what do you guys think?

",178,12,0,7,2,197,0.9035532994923858,0.9035532994923858,0.9-1.0
aifccm,AITA for thinking my period isnt as gross as the people in my household think?,"I am the only woman in my house who has a period, my dad has a girlfriend but she is no longer fertile. I have a period, but I recently started using a divacup which is reusable so I dont use tampons anymore, and I occasionally use pantyliners which I wrap up well with toilet paper so that they dont come undone and place them in the trash. It is well known in our household that I have my own chores and my brother has his, I am responsible for the dishes, he is responsible for the trash. Yet my brother threw a fit when he saw a tampon in there a few months ago (again, I dont use them anymore). My dad was apparently shocked by the fact that I use the bathroom trash to dispose of tampons, and he insisted that I instead take my tampons out and put it into the kitchen garbage so that he will never have to see it (not sure exactly how putting it in the kitchen garbage would hide it?). So I responded by saying ""you want the kitchen garbage to smell like blood?"" And he was like ""IT SMELLS?"" i was like ""um yes? Its blood...Blood smells??"" so he insisted I take every tampon i remove and dispose of it like its toxic waste and take it outside straight to the garbage bin. Obviously, i told him I was not going to go outside in the cold every time I removed a tampon. That meant that I would be going out every 2 hours or so on heavy days. So ever since they have been saying it's my job to get rid of the bathroom garbage, and are acting disgusted to touch it. Even when I'm not on my period they make me empty it as if they will die if they see one. I just feel like they are exaggerating, you know? I know it's not lovely or anything, but they have done several things in the bathroom that is straight up disgusting and I dont complain. I dont see why I have to be made to feel like a disgusting monster for something entirely normal. I'd be fine with it if they didnt act like it was the most disgusting thing ever, but every time they have me take the trash out they make a grossed out face and have to act so overdramatic about it. ",3,36,1,2,0,42,0.09523809523809523,0.9047619047619048,0.9-1.0
ayb7o2,AITA for marking down a collegiate debate adjudicator for penalising my team for using specialised knowledge?,"Ok, so I’ll provide some background. My team went for a debate tournament. Every debate was judged by an adjudicator. After that, we had to mark the judges based on how well they explained their decision. Based on the scores, the teams and the judges could progress to subsequent rounds. One of the debates was on a topic relating to the Supreme Court (whether or not it should be comprised of political leaders instead of judges when deciding on particularly sensitive issues.) Now, everyone in my team was a law student. We didn’t rely too heavily on legal jargon, but explained the constitutional  jurisprudence behind the judicial system, and how it’s undermined if filled with political appointments. (I’m not American, our Supreme Court justices aren’t appointed by politicians, so don’t get confused). We explained the working of the Supreme Court and how it establishes commissions and committees to investigate and prepare reports on many issues rather than relying on their own knowledge (to show that they weren’t oblivious to the problems faced by the common people, as claimed by the other side.) Anyway, our team lost it and the adjudicator said it was because we used specialised knowledge which wasn’t available to the other team. Now, this didn’t seem fair to me because I don’t see how it’s wrong to use knowledge about the Supreme Court in a debate about the Supreme Court. Nothing else could be more relevant. So I gave the judge a low score and made my teammates do the same. ",4,38,0,0,8,42,0.09523809523809523,0.9047619047619048,0.9-1.0
b7w8v9,AITA for not giving my 27 year old son ANOTHER $1500 so he can attend my wedding in the Bahamas?,"I'm afraid he is a bit of an Entitled Child. His GF has a good job and I think she carries him to some degree. I've already given them $1000 towards the trip and he just asked for another $1500. I'm thinking I'll just ""apologize"" for putting a financial burden on him, tell him to cancel, use the $1000 to cover any cancellation fees and send me back the rest, and just not attend.  I'll find another ""best man."" I mean really? Am I really supposed to cover $2500 of a $3200 trip? Probably time he paid his own cell phone bill too. . .",33,3,5,1,1,42,0.9047619047619048,0.9047619047619048,0.9-1.0
aupasc,AITA for giving my GF shit about her Instagram?,"So at the beginning of our relationship a year and 3 months ago, we discussed to each other what's wrong with our Instagram, and I complained about the people she's following (over 1k people) and eventually she deleted her account. There wasn't much wrong with my account since I only followed people I know in person etc (around 50 people) but I did uninstall it.

Recently we took a break for about a week and we both got Instagram back, her creating a brand new account and me using my old one. She started talking about some people she follows and I went to investigate. She's following exes of hers, people I told her not to have any contact with (because they  tried to get in the way of our relationship or flirted with her etc) and again, a shit tonne of people she doesn't know.

Being the unstable, insecure guy I am, I confronted her about it and although she unfollowed some of them, she's continuing to follow most of the problems and got mad at me for doing so. ",33,4,6,0,0,43,0.9069767441860465,0.9069767441860465,0.9-1.0
aupl35,AITA for telling my girlfriend how I feel.,"Yesterday Me and my girlfriend of 2 years got into an argument about our relationship. We both are in our 20’s and we live together. 

What sparked the argument was me trying initiate a intimacy night with her. She said to me she wasn’t feeling well and I respected her choice. I decided to get some sleep and just lay on my side of the bed, she knew something was getting to me because I usually hold her when I sleep.

I told her that I wanted to have some alone time with her because it’s been a day we both are free and able to fully enjoy each other’s company. She has a Gall bladder issue and is soon to get it removes due to it causing her not to feel well and she reminds me she doesn’t feel good. Sometimes it doesn’t affect her at all and when I do try to initiate when she’s not feeling like crap, she turns me down and I’ll just accept that and move on and hope for another time however being turned down over and over just takes a toll on me. 

She asked me about my feelings and I just tell her what was on my mind. yesterday I took her out to have fun together because we rarely do, due to our work schedules and time. She works 12 hour shifts 3-4 times a week and I work a regular 40 hour work week, sometimes working on the weekends. She tells me that the only reason I took her out that day was to get “something/sex” in return and this is what I told her. 

I told her that I took her out that day because we rarely spend time together due to work, you deserved to be treated out because you work hard, I do things for you because I care and love you and I don’t expect nothing in return like making you breakfast every morning because I love you and I want you to come home to a meal and not starve when you just worked a 12 hour shift. I clean the house because I know you are tired working. I do all the chores around the house because I know you don’t feel good, I do small tasks for you like getting you a drink from downstairs or Microwaving popcorn so you can watch your tv shows because you mean the world to me and I will do anything for you. I don’t do things to get “something” in return, I do things because you mean something to me.  

I then proceeded to tell her how I don’t feel cared about, I told her, you don’t say I love you to me unless I say it first, you don’t text me how my day is unless I text you first, you don’t initiate sex unless I do, you don’t do small tasks for me when I ask for it, i.e grabbing a soda from downstairs for me. You don’t take me out or treat me in anyways like I feel cared about unless it’s a holiday. 

After I told her all that, she just said she was sorry and I just left for work and now I feel like an asshole for telling her how I feel.

",5,40,1,19,2,65,0.09230769230769231,0.9076923076923077,0.9-1.0
9xxvz8,AITA: Lost my shit because my girlfriend kept me up when I had work the next day,"She went out last night with some friends from work, I stayed home. She said she'd be back around 11 but when it turned midnight and she still wasn't home I sent her a quick message to check everything was ok and she messaged straight back letting me know she was fine. So I thought if she's still enjoying herself, there's no sense in her coming home to sit on her own while I sleep so I told her I was going to bed and to call if she needed me because the bar wasn't far from our house.

I wake up just before two in the morning to shouting in the kitchen, I open the bedroom door and see a guy I don't recognise running down my stairs. So I throw on a pair of jeans and run down the stairs, bleary-eyed and thinking the worst.

When I get down stairs; there's the guy from the stairs, my girlfriend and another woman standing around smiling. All absolutely smashed and happy to see me thinking I've come down to join them. Fuck that, I've to get up in the morning. Still slightly confused, I tell them as politely as I could they'd need to finish their drinks and leave ASAP.

I go back to bed. Half an hour or so later and there's no sign of moving and still shouting etc. I message my girlfriend from bed telling her they need to go immediately. She promptly bounces upstairs to tell me that they're just going to drink two bottles of wine and then they're leaving. Fuck that I have to get up in the morning, it's now around 2:30.

I go back downstairs to tell them in no uncertain terms that the night is over. No shouting, no swearing but firmly telling them it's time to go. Guy from the stairs fucks off almost immediately. The other woman says she needs a taxi (Find out later she was a ten minute walk away). I begrudgingly oblige and call the taxi, I wait in the front room to see when it arrives because they'll not sound the horn that late at night. While I wait they come in and out to protest that I'm making her leave. It's now well after 3:00.

Taxi arrives, I gather the handbag, leftover wine and gently escort her to the door with my girlfriend in tow with promises that we'll all go out another time. (I wouldn't bet on it) The two of them stand on the doorstep for fifteen minutes talking shit while the taxi is waiting. I go out and apologise to the taxi driver and try to make them understand that he's not waiting all night. This woman snaps at me that she's paying for the taxi so she can do what she wants. Fuck that, I've to get up for work in the morning. I'm out of patience. Argument about getting in taxi and my girlfriend getting in the house.

I go to bed thinking my worries are over. It's about 3:30. Girlfriend proceeds to sit down stairs and loudly talk on the phone to these people and others that they were out with. I'm at the end of my tether, I'm exhausted and wasting valuable sleeping time. Call her to be quiet. She says she will, remarkably though she isn't. This goes back and forth for a whole of me drifting off for a few minutes and her waking me talking loudly on the phone.

4:15, I'm absolutely spent. I can't be reasonable anymore. Go downstairs, she's video calling with someone and telling me to go away and she can do what she likes. Fuck that, I've got to get up for work in the morning. I snatch the phone out of her hand and go up to bed. She finally relents around 4:50 and comes to bed realising that the night is firmly over.

I wake up for work four hours later and whip the bed sheets off and put them in another room and ask her if she had a good night's sleep. She's incredibly hungover and asks me to bring her something to drink.

Fuck that, I've got to go to work.


TL;DR Drunk girlfriend brings drunk strangers into my house and proceeds to shout and scream for 3+ hours late at night while I was trying to sleep before work. Ultimately, I take her phone and bedsheets.",4,40,0,2,0,46,0.08695652173913043,0.9130434782608696,0.9-1.0
azobp1,AITA for asking her out a second time?,"I have this coworker, Sarah.  Sarah has been really flirty with me at work.  I asked her out once.  She kinda turned me down.  She told me her situation was just too complicated right now.  

This was months ago.  A bunch of us from work went out Friday night.  Sarah too.  She asked me to get her a drink.  I did.  Then the rest of the night I offered whenever I was going for a new one and she kept accepting.   The whole night she was being flirty.  She talked about my eyes.   She complimented my figure.  She told me I was a gentleman.  

At the end of the night I asked her out again.  She turned me down again.   I heard from a text today from another coworker that she’s upset that I’m being “pushy”.  Why would you flirt and let someone buy your drinks all night if you are not interested?",4,33,0,9,0,46,0.08695652173913043,0.9130434782608696,0.9-1.0
ardpbl,AITA for asking wife to abort 1 twin?,"ok so i am a 45 yrs old male, she is 37 females. i came home from job. wife came home from a appointment with the doc. says twins. this was news to me.  we had not considered the possibilly of twins. my wife was a bit nervous i can tell but excited by the surprise anyways. i start to feel like a raccoon in a room filled with rocking chairs, not sure if abortion is an option where i am. so i start doing research, we live in Alabama and my wife is a bit over 6 weeks pregnant. in Alabama abortion is legal until about 21 weeks. ok good, so, we have plenty of time to think. im a intellectual minded kind of person, talking things over helps me personally, even if she made up her mind on keeping the twins. its ok. i just want to talk about our options.

&#x200B;

me: ok i want you to abort one of the twins as i am concerned about our fiscal wellbeing of having twins, how long you are going to be pregnant, the safety of the twins once born, our time spent into taking care of both twins, lots of potential fighting between twins, unwanted attention from strangers, double time spent if both twins get sick, never alone time with one child. it would seem logical to abort 1 of the twins. it is either that or we need to prepare for the outcome of twins. (these are all my points, backed up with strong arguments when i spoke to her).

&#x200B;

her: agrees with financial point says we can talk about that, but rest of my reasons are stupid. says i am an idiot. (???)

&#x200B;

me: i explain points again. if 1 twin sick, the other will 100% as they spend all their time together. first time parents, having 2 right away increases chances 1 gets hurt, twin proofing the house, and i go on with more back up arguments. it is all genuine concerns. we have a bit more back and forth, she is trying to shove my concerns, but all i want is a civil discussion, not to be verbally shoved and called stupid.

&#x200B;

her: she starts crying. says im the biggest idiot on the planet. she says she knew something wasnt right. stuff like that. she starts shoving things in her purse and gets out of the house. goes to her mothers. all every dramatic and i am flabbergasted.

&#x200B;

we had a very long discussion before pregnancy, but now that she is pregnant with unexpected twins i am not allowed to put anything in the tip jar? i reckon shell be back when she is hopefully is willin to talk. i am fretting over options going. we have lived our hole lifes in Alabama so we dont have any residence outside of here so if we need to leave the state for an abortion past 21 weeks, may not be allowed... i am fine with no abortion (honestly i prefer it, dont want her going through struggle of abortion) but this discussion must happen. i am all about open dialogue and sharing smart ideas. even if she has her mind set on having twins. am i the ahole in the context that i should not speak about abortion to a women who is pregnant? i want to chat while we still have our options on the stump...not fair for her to call me stupid for fretting over surprise twins.",64,5,0,1,1,70,0.9142857142857143,0.9142857142857143,0.9-1.0
ac7ql6,AITA for not letting elderly people ahead of me at the pharmacy?,"A week ago, I was in another city getting a prescription at Walgreens. I waited for a few people, and eventually I was at the front of the line. A woman with a walker comes up behind me. I'm guessing she's 85-90. Then, another older woman (maybe 70) comes up behind her. The latest woman in the line loudly announces that the other woman should go to the drop off to get her refills faster because ""SOME PEOPLE"" don't let ""PEOPLE LIKE THEM"" through the line. She said she usually can get her prescriptions faster that way.
I ignored the whole interaction, and watched the pharmacist get flustered when she tried to fill at the wrong window. I chalked the whole thing up to a different culture, and assumed I was an asshole in that context (the area was near the Mexican border, whereas I'm in a super white Midwest suburb).

Today, in my hometown, a similar incident occurred. I was in line at Walgreens, and a 70-ish woman asked if I was in line. I told her I was. She sighed loudly and pushed her cart NEXT to me in the line. When I got called up, she acted like she was going to go ahead of me. I glared at her, and continued to the window.

Is this some kind of obvious etiquette? AITA? I honestly worry that I'd never get out of Walgreens if I let every old person ahead of me, but maybe that's the normal thing to do? ",4,44,0,0,0,48,0.08333333333333333,0.9166666666666666,0.9-1.0
aw6zxz,AITA For Making An Exception To Our Lost And Found Policy?,"For context: So at work we have a policy, if something is in the lost and found for longer than a month than the person who found the item can keep it. I'd say a solid 90% of the time the lost and found is client stuff, but there is the odd occasion an employee's item gets in there. I'm the IT guy and I have someone who works under me.

We have a receptionist who was on mat leave and took 8 weeks off. During this time the guy who works under me found a power bank (Anker PowerCore 2680) which is not a cheap one either ($65). He was giddy about finding it and was all about it. So I said, sure if no one shows up to claim it in a month you can have it.

Well no one does, so I let him have it. Then 3 weeks later the receptionist returns from mat leave. She asks about the power bank and says she was looking for it and couldn't find it. Gave the right model and all that and showed me the Amazon receipt so I knew it was legit. Thing is though, I told the employee he could have it. So I tell her this and the policy is clear. Still, she gets all weepy, and maybe it's pregnancy hormones, maybe it's more. I guess I felt bad so I told her I would see what I could do.

I tell all of this to my employee and he is furious. He tells me he waited the month and followed the rules, and tells me that the power bank is his. I'm stuck between a rock and a hard place, but I ultimately decide that since she was the original owner and she couldn't claim it earlier due to being out of the office, I make an exception and take back the power bank and give it to her.

Now he's pouting around. I understand it sucks. He didn't do anything wrong and this has never happened. I'm going to amend the policy with HR to better define that if it's an employee item then it goes back to the original owner. So we won't have a squabble like this. Still, I have caught myself asking myself if I was the asshole here. This was a lose-lose situation in my opinion regardless as someone was going to walk away dissapointed.",5,55,0,3,1,63,0.07936507936507936,0.9206349206349207,0.9-1.0
ataflu,AITA for taking my wii that my sister gave my niece without asking me first,"So basically I came down to visit my sister, and found my wii I have been looking for for the last year. I bought it in 2016 for $150 at gamestop. I heard my niece talking about it and asked is that my wii? My sister told me it was but I couldnt take it because niece plays with it all the time. I offered to let her buy it from me for $50. She said no it is an old game console so I didnt need it anyways. I bought this wii specifically for wii sports and nothing else, which I played religously. Meanwhile my niece started screaming "" I dont care if you paid for it. It is mine and you arent taking my stuff"".

Now if my sister or niece would have just asked me if they could have it I probably would have just said yes. The fact that nobody asked just didnt set right with me. I paid for this. I have been looking for it for over a year. So tell me reddit, AITA if I take my wii back with me?

Sorry for any grammar, format, blah blah blah.",6,147,6,1,2,160,0.075,0.925,0.9-1.0
adyp5f,AITA for kicking a guy out of my hobby group because of his concealed gun?,"I am in a little board game group that has been meeting regularly for the past six months. We used to have our game nights at a local hobby shop, but since we've gotten closer and the shop is in not the best part of town, have recently decided to start doing it at my house instead.

There's five of us total and one guy, ""Jim"" has a concealed carry permit and carries a gun with him. I know this because he's mentioned that he's always armed. I am very anti-gun but it had never come up before. Before our first game night at my place I told Jim privately that I don't want any guns in my house and that he would have to leave his in his truck if he brang it. He gave kind of an acknowledging but not exactly affirming response.

Then after our first game session at my house, one of the other group members told me on her way out that Jim had told her he still had his gun with him while I was in the kitchen out of earshot. I texted Jim and told me he had been extremely disrespectful and that this wasn't a game, and he could not come to my house again if he was going to have a gun on him. His response was ""Fine, guess I won't be coming then,"" and he effectively quit the group.

The reaction with the rest of the group is split. One person doesn't care whether Jim participates or not, one person says it was ""harsh but fair"" and that Jim wasn't really kicked out per se, and one person thinks I am being a shrew and shouldn't have been so uptight about the gun after just one session, since he's never had to leave it behind before.

My point of view is that it's my house and my rules, and I don't think it's an unreasonable rule to not want a gun in my home. I put my foot down the first time it happened because it was a serious matter and not like he brought the wrong snacks or something. Jim keeps texting me going back and forth between saying ""lose my number"" and sending me links to propaganda supporting his viewpoint.",3,74,3,1,2,81,0.07407407407407407,0.9259259259259259,0.9-1.0
b29w8f,AITA for cussing out my in-laws for going through my luggage?,"I recently got engaged and took some time off to visit our parents and start planning. First stop was mine and then his.

I suffer from chronic pain and take a variety of meds which cause a decrease in appetite and nausea. I haven’t disclosed my illness to my in-laws, but a few nights ago I could hear her complaining about how I’m too good to eat what they cook. I let it go.

Yesterday, fiancé took me around his hometown. On the way back, he remembered to get beer, but we were already pulling into the driveway. I was tired, so he dropped me off. His parents were waiting for me in the living room, angry.

Future mother-in-law - FMIL: You really think you can pull the wool over our eyes, don’t you? You think you can bring drugs into our house?!

Me: *motioning to a seat because my legs hurt*

FMIL: No no! You stand! How dare you bring this disgusting bullshit into our house!

I reach for my cellphone and she yells at me to keep my hands at my side.

FMIL: I don’t care how legal this stuff is. We don’t allow this garbage in our house! *She pulls out a plastic wrapped package and I immediately know what it is.* My husband took a bite out of it and got sick! 

I’m pissed off right now because this was at the bottom of my luggage! And then she starts going off about how many pills I take (again, wouldn’t know if you hadn’t gone through my stuff) and how her son doesn’t deserve a druggie. She takes my package and shows me where FFIL took a few bites and threw up soon after.

It’s been 10 minutes and my fiancé is back. His mom asks him if he knows all the medication I’m on and how I brought pot into their house. He can’t get a straight answer about how they know about my medicine, but then he glances at the package and just sighs.

Fiancé: Mom, it’s soap. Even says African Black Soap.

He broke off a piece, headed to the kitchen, and washed his hands with it, showing them the lather. FMIL fired back saying that she’s never seen soap like that and that this doesn’t explain the amount of meds I take. They say they’re justified in what they did because they want the best for their son and since it’s their house they can go through personal belongings at will.

I let them have it. I start screaming and cussing because I’m exhausted and tired. I can’t remember everything I said, but my throat has been a mess from all of the screaming. FFIL tried to give me back the soap, but I kind of threw it at him saying I didn’t want his gum disease. Terrible, I know.

We’re staying at a hotel and not talking to his parents. I feel I could have gone about it better. I wanted a good relationship with my in-laws and we’ve always kind of gotten along... now I feel like I fucked up badly.

**TL;DR: future in-laws went through my luggage and mistook soap for an edible. I cussed them out and offended them and now I feel like I burned a major bridge.**

[Soap](https://imgur.com/a/fEIZw69)",15,654,37,1,5,707,0.07355021216407355,0.9264497878359265,0.9-1.0
9v09z6,AITA For Purposefully Ignoring My Mom's I Love You Texts for 4 Years?,"AITA For never returning my mom's love? My mother lives in Nevada. I'm out here on the West Coast so of course messaging is the only way she can contact me. She tells me she loves me and she misses me, she tells me happy birthday and Merry Christmas. She gives me encouragement and tells me to stay strong, and I never say a word back.

Some backstory:

 When I was 6, my mother was arrested for child neglect, drug abuse, and most likely other charges I'm too scared to ask about. She's been married once and has had 5 children with all different men. All but one of us never met our fathers. I was put in a foster home, and eventually adopted by a Native-American Ex-Marine father and African American mother of whom I love dearly.

I grew up alright. I struggled with learning disabilities such as ADHD, mild medical issues, and did alright socially. Due to the legality of the arrest, my mom had been forced to leave the state and was not permitted to contact me until I was 18. Until then, the only thing I had to remember her by was two photos of us taken in a DHS office that I had nailed to my bedroom wall. 

A couple months after my 18 birthday she finally contacted me via Facebook. It was an extremely emotional experience. I wanted to know so much about myself: who my father was, what my nationality is, why did she have to leave, and small things like who's personality did I get? Hers or dad's? Do I have her eyes or my dad's nose? The more I asked the more I my heart sank. She didn't know my father. It was between multiple men. She didn't know my nationality either. She then told me how sorry she was, and how much she missed me. And told me she was abusing crack cocaine for years, even for 4 months during her pregnancy with me.

I haven't spoken to her since. She's sweet I guess. She's clean, found her faith in the Christian Church. She tells me how much she regrets what she's done and how she wishes she could take it back, that she just wants to be part of my life. But I can't find it in me to love her back. She's a stranger to me. She calls herself my mom but I have no idea who she is. Am I the asshole?",4,50,0,1,0,55,0.07272727272727272,0.9272727272727272,0.9-1.0
a65rr1,AITA for giving my dog some freedom?,"AITA ? Im a proud parent of a 2 year old lab. He's really gentle and likes people a lot. HE NEVER BITES. I decided to take him for a walk off leash today, his first time. He kept following me, except for some distractions. But there was this one man with his kid walking along. Milo (my dog) just walked up to him and smelt his hand. I immediately stopped milo, but the man just swung the bag in his hand at milo. The man was aware the dog was present over there. It's not like milo snuck up on him. We had a small quarrel. In the end, i just walked away, irritated af. So, AITA?",93,7,9,1,1,110,0.9272727272727272,0.9272727272727272,0.9-1.0
b26try,AITA for not giving my seat up for a lady?,"Went for brunch today and checked in for a 45 minute wait. Me and my boyfriend (we’re gay) sat down in some chairs to wait to be called back. Some straight couple comes in and is clearly upset that the wait is so long. The guy asks me to stand up so his girl can sit. I say no, a little shocked that someone would ask a stranger to give up their seat. The couple is young and looks to have no medical issues, and I’ve been here longer so why should I give up my seat? The guy gets angry and says verbatim “Dude you should always give up your seat for a lady. What’s your problem?” I’m not here for the drama, I’m here for brunch, so I just ignore him until we get called back.

AITA for not following society’s golden rule “ladies first”? As a gay man I’ve always wondered if it’s rude to not feel like it’s my god given responsibility to do anything and everything I can for a woman in public. ",4,63,1,1,0,69,0.07246376811594203,0.927536231884058,0.9-1.0
as65sy,AITA For telling my mother and husband to fuck off?,"Some background: My husband and I generally have a loving happy relationship. We are compatible and rarely argue. My mother and I have a normal relationship, some minor issues, but nothing serious.

My daughter (26) got out of a terrible long-term relationship and moved back home with us about a year ago. She has been diagnosed with clinical depression. When she moved in, she struggled with even getting out of bed or showering. Since then, she has done a 180. She got a new full time job, she also is back in school full time because a degree will (hopefully) help her move up in her company, she has also been going to therapy once a week. In my opinion, she is doing fantastic and I am incredibly proud of her. My husband knows all of this.

The issue is that she can be a bit of a slob. She wasn’t like this before, I think she got into the habit of it at some point when she became depressed. This really annoys my husband, but honestly she has so much on her plate that I, admittedly, cut her some slack. 

My mother came to visit yesterday and somehow she and my husband got on the topic of my daughters messiness IN FRONT OF my daughter. My husband was venting about this and my mother was agreeing with him. He brought up her cat and how I am the one who has been cleaning the cats litter box. They both started berating my daughter, saying she was too old for that and asking her why she was keeping the cat if she can’t take care of it. 

My mother went outside to smoke a cigarette and my daughter (who was now crying) told her dad that he hurt her feelings. My husband did not apologize. I went over to my daughter to console her because at this point she was sobbing. She kept quietly repeating to me “I’m a piece of shit. Everyone thinks I’m a piece of shit.” I’m telling her that is NOT true when my mother comes in.

And the pair of them keep going on about it! This is when I lost my temper. I yelled at both of them. I told them to either be respectful toward my daughter or fuck off and that they could have dinner by themselves. 

I then took my daughter to get some food and calm down. 

I have never spoken to either of them like this. Neither of them have spoken to me since yesterday and I haven’t put forth the effort to speak to them either. I do feel bad for losing my temper, but I am also scared for my daughters mental health and I do not want her to go backwards because dad and my mother make her feel bad about herself.

AITA?
",7,207,10,11,3,235,0.07234042553191489,0.9276595744680851,0.9-1.0
aclcbe,AITA for wanting people to stop thanking me for my service in the military.,"Ok if you are not from America, basically anytime someone finds out you were in the military, they say ""thank you for your service"". 

I work Uber as a part-time job and during the course of small talk, the fact that I am a transplant to the city I live in comes up, with the follow-up of ""what brought you here?"" So when the inevitable reason comes up and they say the aforementioned phrase, I get annoyed. 

For one, how do I even respond to that? ""You're Welcome""? That point alone makes it awkward. Secondly, I was in the Navy and did not see any real combat. We took part in operations during Iraqi freedom but I was never in real danger. Third, I think it disrespects the sacrifice many veterans who gave their lives or suffer from PTSD due to their service. Finally, and most cynically, I feel people just say it because they feel forced and it is a political talking point to ""respect and care for veterans"".

So with that off my chest, please render your verdict.",4,19,0,33,0,56,0.07142857142857142,0.9285714285714286,0.9-1.0
aqdxii,AITA for not wanting my wife's other child,"On mobile and all that, so sorry about that.

Ok, I'm in this dilemma. When I met my wife 10 years ago, she had a 1 year old. His real dad is a complete dumpster, never wanted to have anything to do with her or her son.
I love them both, and I marry her a year later. Then we have another son, B, who is healthy and amazing. For three years, we're all happy. We were saving for a house, both working, and taking care of our two boys.
Then we hit a rough patch. Money is tight, with daycare and neither of us had gone to college, but we're doing well, established in our respective industries. Then she starts to slip, spending time out of the house more, going out with friends. I'm ok with this, since she didn't have a traditional post high school life since she was pregnant her senior year of high school. But then she goes silent, and we rarely talk. Then on a Tuesday, she announces she's leaving.
She grabbed some stuff and went to live with a dude she met at work, and had been seeing on the sly when I was home with the kids.
Fast forward a few months, and she's back in town, her and her new BF have an apartment, and has more contact with our two sons.
Then she gets pregnant with BF's kid, C.
Fast forward another few years, and they all live with her and BF and I see my two boys on the weekend.
Fast forward until last fall, they both get arrested, and DHS removed all kids, giving me full custody of my two sons, and placing the youngest with her sister. If her sister doesn't take him, he could be placed in foster care.
Now I've spoken to my son's, and they both are kind indifferent to the youngest, C. C was treated like a prince, while A and B were both constantly ragged on by EX and BF.
So the question, am I the asshole for not wanting to take in the youngest? He's not my son, and I've had very little contact with him.

(I've kept this very non descript because I don't want anyone I know to find out I'm reaching out)",21,351,6,1,2,379,0.0712401055408971,0.9287598944591029,0.9-1.0
a4c5bp,"AITA for calling my boyfriend ""the safe choice""?","It's been a few days since this happened and I'm still having trouble seeing what I did wrong.

&#x200B;

My boyfriend of 3 years and I got drunk a few days ago and we started asking each other what we liked most about each other. He told me I was everything he wanted in a partner, which I found sweet but he froze up when I told him I loved how safe he was. He got unusually serious and asked me what I meant by that. I explained that in my teens and early twenties I had a habit of choosing guys who were fun and passionate but really unpredictable - like the bad-boy type or athletes, but now I was getting older I wanted someone who would be a good father, have a good steady job, and would get along with my family. He seemed to take this as an insult and asked ""exactly how many men have I been with""? I told him it was none of his business and then he started throwing a list of questions like ""Do you even find me attractive"", ""How long have you felt this way"", etc. 

&#x200B;

These questions were insulting and he was being a dick but after arguing about this for half an hour, I gave him the whole summary that he should not be jealous of my previous relationships, he had no right to pry into my past, that I do find him attractive for his qualities not necessarily his looks, and that he should be proud that he's the first guy I was with that ever met my parents. This seemed to make him more upset and then he had the audacity to ask him if he was first ""Asian guy"" I've ever dated (we're both Asian). I told him the truth, that yes he was, but that it meant nothing. He suddenly stormed out of the living and shouted that I'm using him as a safety net to please my family. The truth is  my family is strict and conservative, so yes I wouldn't bring home anyone who wasn't Asian, but in the heat of argument I told him that's not true and he didn't believe me.

&#x200B;

He packed a bag and told me he was going to be staying with a friend for a few days before slamming the main door. I still don't understand why he's so insulted and I'm pissed off at him for asking all these prodding questions about my past. AITA?

&#x200B;

tl;dr: Bf gets mad that I like him for being safe, accuses me of using him as a safety net for my Asian parents.",144,10,2,1,1,157,0.9299363057324841,0.9299363057324841,0.9-1.0
apigvi,AITA for refusing to make my coworker tea?," 

Myself and a coworker that I sit with in my office take it in turns to make each other tea, as is required by British social conventions/proper office etiquette. The dispute stems from the fact that he has what I would describe as a serious problem in the sense that he seemingly needs a cup of tea every ten minutes to live. I myself go through about 4 a day.

This has led the the expectation from him that I should stop what I'm doing, get up from my desk and go make him a cuppa every other time he wants one.

In my mind if I've been the last one to make us both a cup then when it gets round to me wanting another It's still his turn to make the round, all the extra cups he's made for himself in between are superfluous.

We're both quite stubborn on this matter which has led to him putting his mug on my desk and constantly pestering me to make him tea whenever he feels like it's my turn and me normally refusing until one of us breaks.

Need a resolution to this dispute as I'm considering bailing out of the tea round all together and resorting to only ever making tea for myself. I hope it doesn't come to that as that would be the cold heartless world where everyone just looks out for themselves that the communists want but that I refuse to live in.

What are your guys thoughts? Who's in the right?",0,39,3,1,1,43,0.06976744186046512,0.9302325581395349,0.9-1.0
b7qn66,AITA sitting next to a couple in the movie theater?,"Went to see ""Us"" by myself last night in a theater. (It was awesome, by the way.) Got in just as it was about to start. I see a single open seat in the middle of the theater, middle of the row, just next to the walking path to the other side... I hope that makes sense. There were a group of three ladies on one side, and a couple (young, female next to the seat, male next to her). It was a small theater and was mostly full except for a handful of end-row seats. The whole row looked like this:

  (More seating up here)

\_ X X \_ X X X \_

\_\_(front walking isle)\_\_

 (More seating below)

So I asked if that middle spot was available, and the girl of the couple moved her purse out of it for me. I said thanks, sat down, then her dude said:

BF: Aren't there any other seats?

Me: Uh... sure, there's one next to you and a couple up there. Why, do you not want me to sit here?

BF: ...It's just weird. 

The movie was just starting so we both sat back. But I guess I just didn't understand why it was weird. I am pretty fluent in social norms. I'm also 36 and don't mind seeing movies alone. To me, if there's an open seat in a full theater, I'll take it. I felt like it was weird that he thought it was weird. I told myself that he's just young (probably around 20) and naive.

Context: I don't smell bad, don't look like a threat. Just a normal dude. After the movie, they left first and there wasn't a word between us. But I just can't shake it and wanted some outside opinions.

Should I have not taken the empty seat? Was I the asshole?",3,40,0,0,0,43,0.06976744186046512,0.9302325581395349,0.9-1.0
ar36ui,AITA for standing up when an obese lady sits next to me?,"This is actually my first post, I really wanted to share this story because it has been on my mind for a week. I'm on mobile so I am sorry for the format.
To get to my school I have to take the subway, and transfer one or two time to get to my school. 
So the first train trip I was running late, and instead of going to the last station, I went to the station before it to get to school close to onetime,  even though it meant not getting a seat for my ride.
When I had to transfer trains, my legs were hurting from standing. (Also to the fact that I am on a sports team and my legs were killing me from doing a few laps). 
This is the time I should explain the layout of the train. It had 3 chairs a gap and 2 chairs perpendicular to it I sat on a chair at the end of the 3 chairs, and a guy sat on the other end so there was a seat in between me and him. (This is important to note).
Stops go and pass until it was 2 to 3 stops until I  reach my stop. The train is pretty crowded now, but the middle seat is still open. Then comes this lady.
I'm not trying to sound rude, but the only way to describe her was very obese. She proceeds to walk near to the middle seat. Note that the middle seat is for an average - lil thick person. But she puts down her bag. I though she was going to put her bag down to hold onto the pole. I was wrong.  She begins to try to sit down in the little seat. She actually though she could fit in.
She sits on half of my leg. I kid you not half of my leg was enveloped by her leg. I was literally sliding out of my chair in the process. So I quickly stand up.
Lady: you dont have to stand up sweety theres enough room to sit. 
Me: I'm sorry but you are taking up a part off my seat and I was getting pushed, it's fine if I stand for a bit
She didnt say anything to me after that, but muttered very loudly about me being rude and that I have plenty of room to sit.
Only one of two people stared a little at me, but it didnt matter as I got off in two stops. This made me think if I'm the asshole.",2,53,2,3,0,60,0.06666666666666667,0.9333333333333333,0.9-1.0
a89siz,AITA for kicking my brother out with nowhere else to turn to?,"Some context: I'm 27, my brother is 25. We're not close, I hadn't seen or spoken to him in five years. My wife and I have a house, my brother couch surfs from place to place, he ""moves"" maybe 5-6 times a year. I have newborn twins.

My brother contacted me three weeks ago asking if he could spend a couple of weeks with me. He lives in City A, I live in City B, and a Friend he's to move in with lives in City C; I'm halfway between them but it's a good few hours from A to C. He's waiting for Friend's roommates to leave their lease so my brother can move in. Essentially, between Dec 17 and Jan 2, my brother is homeless, hence him reaching out. It might be important to note my brother has no car.

We have a guest room, so I agreed. He'd chip in $50/week for food but he has to leave Jan 2. I didn't set ground rules or anything other than keep the volume to a minimum due to the newborns.

The first couple of days he's here, things are fine. He keeps to himself more or less. Then on the 19th he decides to invite four people over. He doesn't have friends in the area, they're friends of friends of friends or whatever. He invited them over without asking me. I pulled him aside and told him they need to leave, you can't just invite strangers into my house, and he said ""I'm a tenant, I'm allowed to have guests over"". Never mind he's not a tenant as he's not paying any rent or have any kind of document saying he's a tenant, these people I don't know! He doesn't even really know them! 

I'm incredibly uncomfortable with what's going on so I tell the group of people they need to leave. They refuse. I tell my brother to get them out or I'm calling police and getting them all, including him, removed. He swore off at me and slammed the door, so that's exactly what I did.

Police show up 25min later and I tell them the situation. They tell them to leave and they do, but I make sure my brother has to leave, too. Pleading and begging, they give my brother time to pack up the few things he has and off he is. He starts walking down the block and that's really it. No phone call, no nothing. I don't know where he went, nor do I really care to be honest.

AITA for kicking my brother out with nowhere else to turn to?",3,44,0,0,0,47,0.06382978723404255,0.9361702127659575,0.9-1.0
agop31,AITA for wanting my two roommates' live-in girlfriends to help out with the bills?,"I'm a college student and I live in a house with 3 of my male friends.  Two of my roommates have girlfriends that basically live here.  They stay here every night, they eat our food, use our wifi, drink our beer, use our shower, etc.  I've jokingly asked them if they're going to chip in on the rent and other bills a few times.  Their excuse is always that they don't actually live here so they shouldn't have to pay.  To me it seems unfair to split the bills between 4 people when there is 6 people living here.  AITA?",4,57,0,3,6,64,0.0625,0.9375,0.9-1.0
b3mdju,AITA for telling my sister she’s not doing a good job raising her son?,"My nephew will soon be eight.  He’s rude, violent, and apparently now a thief.  She was over here today with him and he stole this little decorative gem thing out of its holder that my girlfriend keeps on the end table.  

I texted her to let her know and she got defensive right off the bat.  In her eyes he can do no wrong.  She said he’s just a kid and doesn’t even know that what he did is wrong.  I told her that that was exactly the problem he doesn’t know that it’s wrong because she lets him get away with shit like this and she needs to do a better job at raising him.  

She thinks I was out of line for calling her out, but he’s almost eight.  He should know better than to steal from someone’s house.  ",2,61,2,0,1,65,0.06153846153846154,0.9384615384615385,0.9-1.0
ayr6fg,AITA For Asking My Wife When She'll Be Home,"For context, my wife is a rock emotionally and handles a lot. Some days though she gets overwhelmed and goes for a drive. I have come to accept this even if at the beginning I was a bit concerned.

Well a couple days ago we were at a Walgreens when police were seen arresting a guy. It was someone my wife knew. They used to work together before the man was let go for drug and alcohol abuse. As he was arrested and handcuffed for shoplifting and physically assaulting an employee. My wife talked to him and I knew she was dissapointed in him. On our way home I ask if she wants to talk about it and she says no.

So yesterday I felt like I should do something for her, so I took a half day as a surprise and decided to cook a beautiful Porchetta roast for her. I had everything ready but she wasn't home. So I figured, no big deal she's probably just going for a drive. So I texted her 'Hey. Know yesterday was a bit rough but I got something at home that I think will help a bit. Any idea of when you'll be home?'

She then calls me and says that I'm an asshole for asking when she'll be home. Usually if this happens (and it is extremely rare btw) I just wait till she gets back. Maybe I should've known better. She came home at 10 PM and ate some of the Porchetta but she's not talking to me. Should I go apologize or wait for her to realize I'm not the asshole here?",3,61,1,6,1,71,0.056338028169014086,0.9436619718309859,0.9-1.0
b4p3rj,AITA for having dinners with my ex and son without including my current girlfriend?,"My son is six.  His mother has custody, but we have a good relationship and as long as I give her notice I can see my son whenever.  We also do a once a week or once every other week dinner somewhere just the three of us depending on our schedules.  

I’ve been dating my current girlfriend for about four months.  She does not like that I have these dinners.   She calls them dates.  She wants to be included in them, but I’m not comfortable with that just yet.  If we work out long term, sure.   It just seems too soon to me right now.  I can understand her apprehension at the situation though.  ",7,138,3,31,1,179,0.055865921787709494,0.9441340782122905,0.9-1.0
b6a2ms,AITA for not using my sister as my realtor when she only got her license 6-8 mos. ago and husband and I have been working with our realtor for many years?,"We planned to sell our house and our realtor is a long time friend who came to our home and helped us stage it to sell and introduced us to several builders. Our realtor has many high end clients and gave us a price point that we could likely sell our house for. My sister's price point was about $15,000 to $20,000  less but that she would not charge us a realtor fee. She said it's an unwritten law that if you have a realtor in your family you HAVE to use them. I told her we are going to use our realtor and she blew up at me and won't speak to me. AITA?

",2,56,2,13,2,73,0.0547945205479452,0.9452054794520548,0.9-1.0
azj6vu,AITA for taking bets at a wedding as to what year the couple would divorce? (not as bad as it sounds...I hope!),"This happened over the weekend and I feel pretty bad about how it went down, but my intentions were honorable here. I was the Best Man at my pal's wedding. 

I got the idea to start up a bet and collect a pool from other people attending the wedding. The basic idea is that participants guess a year in which the couple will divorce and put in a certain amount of money (minimum bet $50), and IF they end up divorcing during that year whoever guessed that year wins the whole pot. 

So for example, if 2 people guesses the year 2025, if the couple actually divorces in 2025, those 2 people would split the whole pot. (We raised a little over 3 grand total, so like $1500 each in this example.) 

BUT, if the couple is still married after the latest bet in the pool (somebody put 2040) then the couple gets the entire pot. 

So that was kind of the twist that I meant to convey to them, that yeah sure it was a real bet, but that if they stayed together they could expect 3 grand in 2041. 

When I was explaining the bet during my best man speech that was how I was going to end, kind of with a charming/corny line that ""But we all know none of us are going to be winning the bet, because you two will be together forever, so you can look forward to cashing in in 2041!"" 

Yes, if they actually divorced and if somebody in the betting pool nailed the right year we would follow up and that person would get the winnings. But I don't think these two will get divorced, they're perfect for each other. 

That was supposed to be my intended message, it was supposed to be a kind of fun silly thing. 

Before I could even get to that part the bride started crying and the parents and bridesmaids and all that were almost yelling at me, and the groom (my best friend of decades) was furious. 

Even later that night when I explained to him my intent he wouldn't even listen to me. The bride especially apparently ""feels betrayed by everyone"" who participated in the bet. Even though I explained that I had misled all of them by saying the bride and groom knew about it in advance that wouldn't make them less angry. 

So needless to say I feel extremely bad. But I meant it all as a nice gesture and I feel if they could just see they have a near certainty of getting a free 3 grand in 2041 they could see this intention. I think by then it will be a fond memory and a ""look back on it laugh"" kind of thing when we get to the 2040's, plus a nice little bonus of a 3 grand prize. 

I keep trying to explain this but my friend isn't hearing it, especially when I told him that I still had to follow up with whoever ""wins"" on the off-chance they do get divorced. But I really doubt they'd ever get divorced. 

I know I went about it the wrong way but I don't feel I was the A here, but I want to see what reddit thinks. 

tl;dr - Collected bets to see what year my friends would divorce at their wedding, but if they don't get divorced they win, I meant it to be nice/sweet but they are both furious at me. ",327,12,4,7,3,350,0.9457142857142857,0.9457142857142857,0.9-1.0
ba88b5,AITA for wanting to get a nose job?,"So, I’m a 17 year old Jewish girl. Profoundly Jewish, like I have zero non-Jewish relatives and my surname literally means I’m descended from the first high priest, Aaron. (If he was a real guy, but who knows.). Anyway, I look exactly like a person with this heritage is expected to look: really curly hair and a huge nose. By huge, I mean HUGE. It’s enormous for my face and it has a big bump in the middle. I’ve been made fun of mercilessly for it ever since middle school. No guy has ever wanted to be more than friends with me because of my nose. In 10th grade I heard a guy I had a huge crush on talking to his friends about how big and ugly it is and it honestly scarred me for life. 

I’m graduating high school this year and my parents have offered to get me really special. I think they were expecting for me to ask for a trip. Instead, I asked for a nose job.

They’re both really upset. They’ve been telling me this means I’m rejecting my Jewish heritage and that I shouldn’t want to change because that’s just giving in to the bullies. The Jewish heritage thing is big for them. We live in the South and we’re the only Jews around for miles. They’ve told me off a lot for trying to act like my goy friends to fit in. But honestly my heritage has brought nothing but trouble, I’m tired of people feeling my hair for horns and the anti-Semitic remarks have increased a lot since the 2016 election. 

I don’t want to denounce being a Jew and I consider myself a Jew both culturally and religiously. I just want to have a chance in college. I want to be able to go about my business without people making fun of me. I want to be able to date guys like a normal person. 

My parents are still really upset. My mom is giving me the cold shoulder. I feel like the asshole.

AITA? ",1,34,2,19,0,56,0.05357142857142857,0.9464285714285714,0.9-1.0
avh5hp,WIBTA if I broke up with someone because they were mean while on their period?,"I (M39) have been dating someone (F25) for a few weeks now. She has recently started her period and has been in a lot of discomfort as a result. I have been trying to do everything I can to ease her pain, but through it all, she has been pretty mean to me. For instance, she was at work and complaining of cramps. I offered to bring her lunch and anything to make her feel better, which she agreed too. As I had class to attend, I told her that it wouldn’t be until 1PM when I got there. Her response (knowing full well from the start that I had class and an exam that day that I couldn’t skip) was to claim I didn’t really care and should not even bother comforting her if I was going to half ass it. Over the past 4 or 5 days, this has been pretty consistent, where she is pretty mean to me, regardless of how hard I try to make her feel better. I absolutely understand she is in pain and can sympathize with her, but at what point is it not justified. At what point should I look at the future and realize this will be a month occurrence for as long as I’m with her. When I asked if she always has periods as difficult as this, she said that she did and if I couldn’t handle her like this, I’m not a real man. WIBTA to break up with her over this?",3,71,1,2,1,77,0.05194805194805195,0.948051948051948,0.9-1.0
apmhin,AITA for immediately stopping sex after my boyfriend of 11 years lets go of my hair that he has decided would be good to use as reins?,"We all know porn can mislead men (And women I suppose) into thinking women are so into everything. Anyone with eyeballs can see that the woman is definitely NOT into all of it. Yes they are acting but it is extremely hard to ignore the expressions of pain, unless you choose to ignore it. Anyways there seems to be a style of porn where men are overly aggressive and choose to grab women's hair and use it as leverage.
We had been going at it for a good ten minutes already and upon switching it up he grabbed my hair, which he has never done before. 
 In my instance my neck cocked in an extremely awkward way and it was hard to make a sound. I have very long hair and he grabbed all the way up by my head twisting my head back. The sounds 
I was making were me trying to say stop but it just sounded like gags.
This went on for like 2 minutes. Eventually he loosened his grip and I immediately snapped around and pushed him way the f off me. I was disgusted. I felt violated in the sense that to me, in my opinion, there is ZERO chance he thought I was enjoying it. But he says he thought I was. He didn't get why I would react like that. And it turned into me ""not communicating properly"" and therefore ""rejecting"" him. It hurt his feelings that I didn't want to continue. So ladies, AITA? Men, AITA? ",5,126,2,11,0,144,0.04861111111111111,0.9513888888888888,0.9-1.0
b0uroh,AITA for wanting to take a massage course to feel my coworker´s body?,"Mmmmkay. Throwaway here for obvious reasons.

I am a bisexual woman on my thirties. I´ve had more experience in sleeping with men than women, maybe in a 70% vs 30% ratio.

I tend to accumulate a lot of stress due daily life, work, lids, etc, so one thing I really enjoy is having a massage all over my back , neck and arms (just upper body)  from time to time. Not that often, although.

I have a coworker I  feel VERY attracted to, she is a woman as well. Married, kids, etc etc- She is not bisexual.

Our working relationship have developed to a sort of incipient friendship now, that months have passed.

Is sometimes difficult for me because I really feel desire for her and I´d love to caress her and  kiss her (even if full sex is out the picture, od course), but, I don´t think she would be okay with the idea at all.

She knows I haver this sort of crush on her, but seems to tolerate it and doesn´t mention it.

So far, so good.

The topic of massages and back aches came into conversation, and I mentioned I might be thinking into taking a course

(where I live they range from 3/4 months, to 6 months), and might be a nice little addition as an $$ outcome.

I have perdormed informally massages in the upper body to a couple coworkers, who said they were pretty good.

(I wasn´t interested in those women)-

The thing is, when I mentioned, the woman I mentioned earlier in the post said ""cool, you can practice with me!!!"", and now that she mentionates it...I´d love to take the massage course just to have the opportunity to feel/caress her body

(even if it is in not a sexual way).

I´d really enjoy that, but I feel somewhat guilty for having those thoughts, maybe even a little perv. AITA?

&#x200B;

 tl;dr : I want to take a massage course to feel and caress my coworker´s body . AITA ? 

&#x200B;

&#x200B;",40,0,0,2,0,42,0.9523809523809523,0.9523809523809523,0.9-1.0
b1x344,AITA for not allowing a little old lady to skip me in line?,"So I was waiting at Walgreen's pharmacy to pick up my medication for a cold/double ear infection/sinus infection straight-out-of-hell combo, and I was second in line. I was noticeably sick- runny nose, sneezing, coughing... but I was covering my face with a tissue and trying not to breathe on anyone. A little old lady (maybe in her 80s?) comes up behind me and asks if I'm sick. I thought she was being empathetic, so I gave her a small smile and said, ""Yes, unfortunately I am."" She replies, ""Oh, well I don't want to get sick. You don't mind if I go ahead in front of you in line, right?"" and then she starts to walk in front of me.

&#x200B;

I was kind of taken back by what she was doing, so I said, ""Actually, *since I'm sick*, I think I should probably go first so I can get my medication and head home to get in bed"" and then re-took my spot in line. She looked really shocked and shook her head incredulously and started muttering to herself about how rude I was. 

&#x200B;

AITA here? I feel as  though she thought she could just break all rules of civilization simply due to her age.",3,99,2,2,1,106,0.04716981132075472,0.9528301886792453,0.9-1.0
a2rtjc,AITA for reminding my traumatized gf that I want to have sex with her?,"My girlfriend and I have been dating for almost a year. Within the first month of our dating she told me she had sexual trauma from a past relationship. It was frequent and long term, and as a result she periodically goes through periods of near asexuality. 

By the end of the first month we had sex, at her assurance that it was what she wanted. It was good. It would continue to happen at least once a week, sometimes more. I could always tell I was more interested in initiating it than she was. She always seemed to enjoy it, responding in the right ways, but she would show a lot of concern as to whether I was enjoying it, even asking me to be more audible. 

We moved in together about three months ago and did it maybe two times in the first month. Then it all fell apart when she had a really bad ptsd episode. I asked for sex and she said yes, but when we were done she started crying as I comforted her and she kept saying sorry and that she couldnt figure out why she was so “broken”. It was horrible and scarred me significantly to see her like that and know that I caused it. It was a month before I even thought about sex in any way again. 

Now Im beginning to feel very lonely. We’re best friends and enjoy each others company, but it’s hard to get intimacy of any kind out of her. I bring up sex and she insists that she’s trying to get better, but Im seeing no improvement, Im getting impatient, and I don’t want to just be friends who live together. However, I never push the subject when she says she isn’t ready yet. 

tl;dr gf and I haven’t had sex in two months because of traumatic episode. Should I continue to remind her that I want to have sex, or AITA?

",2,13,0,28,0,43,0.046511627906976744,0.9534883720930233,0.9-1.0
b8v3qh,AITA for not explaining why I didn’t want sex on a 4th date?,"AITA... So I (28F) met a guy (35M), we really got on, he was such a gentlemen then on our 4th date we decided to have a marathon of Game of a Thrones in preparation for season 8. So I went to his house for the first time.

We ended up falling asleep on the sofa, so we then went to bed, it was pretty late and I was exhausted, and I just really didn’t want sex, like really didn’t want sex. So I figured when we went to bed and I simply went to sleep, he would have figured I didn’t want sex, right? 

He woke me up about an hour later really pissed off saying “do you have a rule or something, because if you do I should know about it? You have made me feel really shit and blown my self esteem completely”, so I told him I just wasn’t ready, he reaaallly didn’t appreciate me saying this, apparently I should have said before the date???? 

Like seriously? Is it a rule to decide before a date if you are going to have sex or not?! I’m trying to explain to him before the date I hadn’t ruled out sex all together, I was just going to see how we got on and where the night led. I told him it was all a bit odd that he got angry about it, but he’s fumingggg. 

Either way, roll on watching season 8 alone haha!",9,267,4,3,3,283,0.045936395759717315,0.9540636042402827,0.9-1.0
b34ykt,AITA My SO came out to me as non-binary and I’m not okay with it.,"  I’m 29F my SO is 27NB. I tried to be alright with it but I didn’t find out until about 3 or 4 months after they started taking T-blockers and estrogen. I was really hurt when I found out but I tried to be okay with it. It’s been about 3 months since I found out and I realized I’m not okay with it and I’m losing attraction to them. I feel so guilty for saying this the them and hurting them. 

   I always thought I would date anyone regardless of their gender so I can’t seem to figure out why I’m not okay with this. Am I a total piece of shit for telling them that I’m not attracted to them anymore and that I’m not sure if I’m okay with it? I don’t want them to change who they are. I want them to express their gender identity however they choose. I just don’t think I can be with them anymore. ",5,66,0,45,4,116,0.04310344827586207,0.9568965517241379,0.9-1.0
b2io5w,AITA for wanting to remain friends with an underage catfish?," I have a really good friend who I'm going to call Lyra. We met on Tumblr, along with some of our other friends. We all have a group chat and even text and talk on the phone. We've been a friend group for about 4 years, and that's how long I've known Lyra.

&#x200B;

I met Lyra IRL in January, and that's when I learned some stuff that I hadn't known about her before: she's white (she used a black girl's pictures), she's 15 (she said she was 21), and the details of her personal life were just really different from what she had said before. So...I met her irl thinking she was 21. I didn't know she wasn't a 21 year old black girl until she and her parents picked me up from the airport. (I just didn't say anything until we were alone ""I thought you were black"" and that's when she told me she was 15.)

&#x200B;

Lyra and I kind of had silly crushes on each other and had done some light flirting in texts before...she revealed her true identity lol. She wanted (and wants) to continue this flirtation and even date. I never really told her no because I've been so conflicted and I really value her friendship. Well...I actually DID say no at first, but then I felt like a major asshole because she said her age would only matter if I were in the relationship for sex, which I wasn't, and I'd like to clarify I only held her hand and hugged her a little.

&#x200B;

Anyway, I know the situation is messed up. I want to remain friends without...I don't know, hurting her. We're best friends and I really love her. But there's another aspect to the situation which is that none of our other friends know her true age, and I've been informed that they could get into legal trouble. Lyra doesn't shy away from anime smut and fanfic and has written, drawn, and roleplayed adult scenarios with a couple of our other friends. 

&#x200B;

Everyone I've talked to so far seems to think I AM an asshole, but so far I don't. 

&#x200B;

TL;DR: my best friend turned out to be a 15 year old but I want to remain friends and not tell our other friends the nature of her deceit.",34,2,11,0,0,47,0.9574468085106383,0.9574468085106383,0.9-1.0
apb5oy,AITA for giving an ultimatum over vaccines to my fiancée,"So as some background, I knew my fiancée was unvaccinated before proposing. Prior to that we discussed alternative schedules and maybe following one from a different country (both of us are US residents) so she could have solace in not, as she puts, “overloading the baby’s little body”. We came to an agreement that the kids would get vaccinated and follow some sort of schedule. 

Now after being engaged for a month she brings it up again how she’s so against it and hates the idea of any vaccines. She’s so opposed to the Hep B vaccine at birth because she can’t concede any thought of how a baby would contract it unless she’s somehow positive for it. (She’s never set food in a medical facility period, no lab records, no health records, etc). Admittedly I’m a little stretched to see how an infant could contract it also, but I’m on board with vaccine schedules, so it doesn’t bother me. 

Ultimately I came to the idea that my maximum I could ever allow is let the baby go one month before beginning some sort of alternative schedule. I’m a health care worker myself, and while so unlikely that I could ever carry something home, I do not want that risk. Let alone other adults or children being around to get any child sick. 

She’s up in arms about this now saying how I’m being manipulative and abusive because I’m giving her ultimatums over this. The first night we decided to enter our relationship I told her i will never change and that my children are going to be vaccinated. She said she understood and would be willing to work towards it. Suddenly she’s not. 

I don’t want things to end. But even after looking up and discussing the articles from WHO and the CDC, finding items that show it’s literally more likely to contract one of the various diseases rather than have a complication from a vaccine, she’s even more adamant than ever for being against them. In the past she’s said how it’s all a big ploy from big pharma to get our money (I’ve checked my insurance and the cost would be insanely negligible, I’m pretty sure the first round are nearly free with my insurance) and that vaccines don’t actually work. I show her data relating to Japan and whooping cough and data now with the recent outbreak of measles. She’s not buying it.  

So I told her. I gave her the maximum of what I’m comfortable with. I can’t go further than that. And now she’s upset that I’m willing to walk away over this fight. So I beg the question to you reddit. AITA? 

TLDR; fiancée thinks vaccines are a hoax and don’t work. I offered a slightly deferred and alternative schedule as the maximum and she could take it or leave it. ",6,138,0,0,0,144,0.041666666666666664,0.9583333333333334,0.9-1.0
ajwghk,AITA for not eating she specialty at a “world famous” restaurant and just getting what sounded good? My fiancé just yelled at me for 30 minutes over it.,"I’ll keep this quick but because I’m trying to avoid him I make no promises.

We are on a road trip and came up to a town with a “world famous” restaurant (on Anthony Bourdain is how we found it). It has a when you eat at “Jays diner” you have to eat the grilled oysters...you just do! Thing on the menu. To be honest I just wasn’t feeling it so I ordered my goto which is chicken tenders and French fries  and a coke.

Fiancé just stared daggers at me the whole meal. When we got in the car he just started screaming that I’m a little kid, I embarrass him, that I’m immature and he thinks my diet is like a stupid kid. I just told him I didn’t feel like seafood and he said that my family raised me to be a spoiled princess and he’s sick of my shit. We are supposed to drive through the night to San Antonio and I literally hate him right now and don’t know if I can do it. 

So I don’t have to talk to him...please answer...AITA?",0,46,2,1,2,49,0.04081632653061224,0.9591836734693877,0.9-1.0
axzhol,AITA for wanting to break up with my vegan girlfriend?,"Bit of background: I have been with my current girlfriend for 2 years, she's vegan but she doesn't mind that much if I eat meat when I'm out, just won't kiss me for a few hours after... She's also ok if I order takeaway with meat on. 

However the issue is that a couple of weeks ago we were talking about moving in together and she says ""well you'll obviously not be making meat in the house anyway"" which just took me by surprise and after talking about it a bit more (which turned into an argument) it turns out that when/if we moved in together that she expects me to not cook or eat meat in the house at all, even if we had separate pans, cooking utensils etc. Her reasoning is that ""I just find it disgusting, I'll never have it in my house, you can eat it at work but not in the house"" I understand relationships are about compromise and sacrifice but surely the compromise here is to have separate cooking utensils. 

I went from wanting to move in with her and progress our relationship to hitting this wall and thinking that one of us will just end up resenting the other if we are so opposed on this and one has to concede. I don't really want to convert to being a vegan as I'm a fussy eater as it is, and I don't believe that I should feel pressured into becoming one. So... AITA?",7,160,4,99,2,270,0.040740740740740744,0.9592592592592593,0.9-1.0
a55c57,AITA for telling my long time friend and brother in law that his focus on my daughter is not ok thus ruining the relationship and my wife’s with her sister.,"So my friend I have known since kindergarten ( I’m almost 40) married my wife’s sister. Over the past year he has developed what we perceive as an infatuation with my daughter. She is 3. Examples: calls her “my Betsy”, refers to himself as your uncle all creepily,  a picture of her on his dash board, his phone screen saver is her, coming over just to see her and basically ignoring all the adults, trying to face time just to see her everyday, seriously every day. The way he just focused solely on her creeped me out.We have slowly been distancing ourselves from him.  Well this weekend my wife and I had to leave town for the day and we  found out he made plans with my mother in law to come over after we left to spend time with my daughter(MIL was baby sitting).  I only found out because I heard him call and ask MIL if we were still there, we left late.. So he’s basically going behind our backs to see her. Also over the past year his hygiene has gotten awful. He smells so bad he literally ruined my couch and when he would hug my daughter it would leave his BO smell on her. It’s just fucking strange.   So I called him out for his creepy behavior and going behind our backs to see my daughter and he got immediately got defensive and went to the extreme of saying I was accusing him of being a child molester. Sister in law freaked out and says she won’t talk to us anymore. My wife is pretty upset because she might lose her sister over this. I confided in one friend that’s known him just as long about his behavior and he agreed it was not appropriate.   Well AITA? Should I have kept my mouth shut?",12,309,1,5,3,327,0.039755351681957186,0.9602446483180428,0.9-1.0
aq0eod,AITA For Buying a 25k Car without Telling my GF First?,"Some back story on my income here not trying to brag just give context; I'm M28 made 250k in 2018 and she's F24 and makes about 50k. To celebrate a incredibly hard and successful 2018 I wanted to treat myself and I've always wanted a vintage Mercedes convertible to cruise in during the summer. My buddy let me know about a month ago that his uncle in Alberta was selling one for 30k, I talked him down to 26k including shipping the car with a company to Toronto. Car got here last Friday and my GF was over and I'm like lets go outside I have a surprise and there she was a beautiful classic convertible Merc my GF was like wtf is this when did you buy it? I told her I got it a few weeks ago but it just arrived like 30 mins ago off the truck. And for some reason she was super pissed, said that I should have told her about it first and we could have made the decision together and said I'm an asshole for not consulting her on a major purchase like this etc. We don't live together but we are talking about that and have been together for 2 years. She's been super pissed/annoyed at me for this and has called me a dick multiple times. 

&#x200B;

So AITA?",2,49,0,1,4,52,0.038461538461538464,0.9615384615384616,0.9-1.0
a6onwm,AITA for cutting off close friends that ruined my birthday.,"Let’s start by saying I don’t have a lot of friends. I organized a birthday dinner and invited my best friend and her girlfriend (who is also a close friend). I asked them weeks before the date and then confirmed a few days before hand both times they said they were definitely coming. Keep in mind it was my best friends birthday a few weeks before mine, and I made sure I attended a gaming night she hosted in celebration, and bought her a thoughtful gift. 

I made a reservation at my favorite restaurant, arrived 15 minutes early on the night to make sure I was there when they arrived. Half an hour passed and I thought it was strange they weren’t there/I hadn’t heard from them. They were both active on Facebook so I messaged them asking when they were coming. They both read my messages and did not respond. I sat at my favorite restaurant eating my favorite food alone on my birthday. I did not hear from them at all regarding the dinner (not to mention they did not even wish me a happy birthday) and then in the following weeks they invite me to a Christmas dinner they’re hosting for a group of friends. Of course after what’s happened I decline the invite and instantly get a message asking why I’m not coming. 

I am furious. I am somebody that forgives people for literally everything, and I feel like that’s the reason they’re shocked I haven’t just got over it. As well as anger I can’t help but feel incredibly guilty for declining their invite. Am I being an asshole if I just cut these people off?
",13,406,3,1,13,423,0.037825059101654845,0.9621749408983451,0.9-1.0
aymswv,AITA for being pissed both sides of my family never really invite me on vacation?,"I am a 25/F. My parents have been divorced since I was two years old. I grew up with two families but never fit into either side of my family. I was always different. No one else was born from both my parents like I was. I’ve known both my step parents for 20 years. 

My dads family is very wealthy and they constantly go on vacation and invite me last minute. I’m never involved in the planning. So therefore I can’t ask off work in time to go. I live three hours away and went to college three hours away from them and they hardly visited me. They always visited my stepmoms son in college who lived ten hours from them. My brothers on that side get BMWs, vacations, concert tickets constantly, nice dinners, etc. 

My mom and my stepdad took my sister and her boyfriend at the time to Cabo last year. I wasn’t even informed they were there until I called them and they told me they were at the time share. I asked my mom what the fuck? And she said sorry I thought you and your sister would fight. I said no. We get along just fine.... I would have paid for the trip if I would have known about it. My mom is a penny pincher when she can be. 

I got so upset at my mom today when she told me that her my stepdad my sister and her new bf are all going on a cruise together. She said she looked for another room but it didn’t work that way in that you couldn’t get a room with just one person instead of a couple. I told her that’s bull. She then told me that it would be weird cause I would be a fifth wheel. I told her again, if it’s about money I will pay. I just want to hangout with my family and feel included since I never felt included my entire life with my family. Fuck. They visit my sister every other weekend for her volleyball tournaments ten hours away and they hardly would drive thirty minutes into town to see me where I live. I planned a dinner date with them earlier last week and my mom tried changing the date of the dinner the day of for some bullshit reason. I told her I wouldn’t cause of work. 

I cried and told her no one ever includes me in anything hardly or seems to see me as anything more than a financial burden so that’s why I tried to separate from my family and be financially independent at a young age cause I didn’t want to bother them any more than I had to. 

I’m a child of divorce and my parents used me as a messenger to discuss issues they had between. I could see at a young age I was an emotional and burden. I didn’t ever speak up about anything ever because I didn’t want to make anyone more uncomfortable or upset because I just knew my existence caused discomfort to my family. 

So am I the asshole for being upset about this? ",2,49,0,2,3,53,0.03773584905660377,0.9622641509433962,0.9-1.0
b1w19k,AITA for deleting his ex’ contact number in his phone?,"Bf and I allow full access to each other’s phones.  I saw his ex in his contacts and asked him why she was still in there.   He said he just hadn’t bothered to remove her yet, but had no intention of contacting her again.  So I deleted her.   He was surprised and asked me why I did that.  I just said if you’re not going to contact her why have her in there.   I can tell he’s bothered, but am I wrong?",76,3,1,0,0,80,0.9625,0.9625,0.9-1.0
b09hu1,"AITA, I refused to dance with a girl half my age.","This happened at our staff Christmas party but is still bothering me. 

For clarity, I've been happily married for 14 years and have 3 beautiful daughters who I love very much. My wife loves to dance and I hate dancing (important). 

Also the party is for staff only, no spouses/partners permitted.

The staff party went well, I'd been hanging out with a few colleagues who know not to ask me to dance. I've had a few drinks, but am still comparitively sober and am thinking it'll soon be time to head home. I head to the drinks bar nearest the exit for one last glass before leaving. 

While I'm there, an intern (roughly half my 44 years of age) approaches me with someone quite high up in the HR team and asks me to dance. I politely decline. She asks again, taking, I guess, my refusal for shyness (I am quite shy, but not especially introverted). I again refuse, stating that I don't even dance with my own wife, I'm not going to dance with her. She asks yet again. I very abruptly tell her to stop bothering me as it's just not going to happen. She leaves, her and the HR lady staring daggers at me.

Fast forward to January. I have to spend a lot of time on the intern's floor and each day I'm there she's giving me death eyes. I speak to her alone and apologise for upsetting or offending her as it wasn't my intention. She says it's fine.

February and March, still coldness and death eyes. I ask if we're okay. She doesn't want to talk to me because I was rude and hurt her feelings. So I've not made any more attempts to smooth things over and just put up with constant looks of contempt.

Am I the Asshole?",1,78,2,0,1,81,0.037037037037037035,0.962962962962963,0.9-1.0
am4nv7,AITA for misinterpreting a friend's sexual proposition?,"Throwaway account cuz I don't want this tied to my main.

Hi, Reddit! I [33m] work in a large office for a big financial company, and I have a work buddy [24f] with whom I take my breaks and occasionally hang out after work. We've been good friends for four years.

It is relevant to remark that she is very attractive. She did some modeling in her teens until she got pregnant and had to give that up. I on the other hand am a big, pudgy dude with old injuries & a fetal alcohol syndrome, which makes me look a bit weird.

My friend is has been single for a while after a string of relationships that went bad after a few months. I only ever see her dating young & very attractive dudes. There has never been anything sexual between her and I. When we first started hanging out she made it abundantly clear that friendship was all she was looking for.

Her and I have talked a lot about her dating problems lately. Recently she was talking with some firefighter dude who she was very excited about until he ghosted her. She was telling me about it yesterday morning on our first break, complaining that she has not gotten laid in weeks, and then she said ""I should delete POF and just fuck you instead."" I assumed she was joking. I've never been sexually propositioned before, so I responded ""I don't think you have to stoop that low just yet."" It was immediately obvious that I had upset her. She said ""fuck you,"" got up and walked away. She hasn't talked to me since. 

I emailed her to explain myself and apologize, but she never responded. Today as I came in to work I saw all the stuff from her office that I had given to her over the years tossed into the dumpster, and I didn't see her for break this morning.

I still don't think I understand why she's so upset, and I don't understand why we have to end a good friendship over a misunderstanding. Am I the asshole?",2,49,0,4,1,55,0.03636363636363636,0.9636363636363636,0.9-1.0
a5jjbd,AITA For Picking Graduating Over Friendship?," 

Little background, I'm a 5th year senior who's graduating in December 20th (so like eight days). Me and three other fraternity brothers were taking a course together. This course was notified early on that there would be a group project worth 65% of our grade and that we should pick 1 - 2 partners accordingly. I asked one of brothers who I will call M to join my group since I know he's a smart person and we were friends. He agreed to be my partner and I thought that was the end of that. The project gets released a month later and it turns out M asked another fraternity brother to join our group and now it's a three person project. The projects difficulty scales according to how many people are in each group. I was surprised but he assured me it was no big deal and that we would be fine. Fast forward to a week before the deadline and zero progress had been made by the other two partners and I had done a fair amount of the starting work. Decided to hit them up and tell them we need to finish it as it's a large chunk of our grade. We meet up lets say on a monday and nothing was really done so I decided to go home and complete it on my own. I didn't end up completing it but luckily it got extended by three days. Great, I hit up my partners again and they both claimed they'd work on it again.... nothing had been done. The last day i'm scrambling to get even a 40% of the marks, but i did not finish. I e-mailed my professor after he had graded it (as i got a 20/100 originally). He emails all three of us to come to his office hours and to present the project, we all agreed today to go. But yet again the same theme, I'm the only one who went. I cannot possibly pass with a grade under a sixty ( The weight of the project is way too big), and I fail I would have to take another semester, pay thousands of dollars, and retake the course so I decided to tell him that I did the majority on my own and that I wanted it to be graded as a single person project instead of a three person. He ended up settling on giving me an eighty instead of a forty five.

TLDR: Did entire project on my own, screwed over friends to save my grade and to graduate on time.

This happened earlier today and these guys are my friends (though not really that close). I feel really guilty but I did what I had to do in my opinion, my other two friends contributed nothing significant at all. They are younger and can retake the course without having to extend their educating. But I still feel guilty, I want to hear your opinions. AMTI?",2,55,0,0,0,57,0.03508771929824561,0.9649122807017544,0.9-1.0
arxxnc,AITA for the way I reacted when my family asked me to donate my kidney to my great-aunt?,"My mom was having a party Saturday night at her house and I was having a nice time talking to some family members when my mom and grandma came over to join the conversation. Full disclosure, I was tipsy and on top of that had just taken a hit of a dab rig (weed) less than 5 minutes before this happened so I was definitely not in the right state of mind for serious conversation. Don't worry that's normal at my house, I smoke weed with my mom pretty often.

My mom and grandma start the conversation off talking about my great-aunt who has been ill on an off for the past few years. I don't really know her that well, growing up she would send me and my siblings small Christmas presents and every few years we'd get lunch together with my mom and grandma but it's safe to say she is not part of my life in a meaningful way. 

Out of nowhere my grandma slips it in to the conversation that  she wants me (26F) to get tested to see if I might be a match for my great-aunt (late 70s) so I can donate a kidney. They would give me $25,000 if I agree. I stood there shocked for a moment before I managed my reply, 

Me: Umm... isn't she kind of old? 

Mom: Not that old! With a new kidney she could live to be 90 or even 100! 

Me: My health insurance is crap, if there are any post surgical problems I would be in debt the rest of my life. And to be honest I am way too high to be having this conversation right now.

Grandma: I'm going to walk away now. 

After this interaction my mom and grandma didn't talk to me for the rest of the night and I can tell I upset my grandma very much. I know I'm not the asshole for not wanting to give up my kidney (definitely not doing that) but I feel like the asshole for the way I reacted. 

AITA?
",2,80,1,3,1,86,0.03488372093023256,0.9651162790697675,0.9-1.0
auqiur,AITA for ditching my prom date at the door?,"This happened a while back but it still bugs me to this day, you guys let me know if I'm the asshole.

So my mother's cleaning lady and I were friends, when I got home from school we would chat a little bit. She told me a lot about her daughter's boyfriend who was a real POS. In and out of jail, drugs, Etc and apparently right before prom the boyfriend and the daughter broke up leaving the daughter without a prom date. Cleaning lady liked me and asked me if I would take her daughter to prom but with a caveat, the daughters good friend also needed a date for prom and would I be able to find someone to take her. Cleaning lady also tells me daughter's friend is very short, like 4 foot 9.

With this in mind I talk to my friend Luke, good kid and also on the shorter side maybe about five foot three. Really nice guy, was having trouble in the girl department at this time, and his family was filthy stinking rich. Like elevator in their house rich.

Luke says it sounds great and i set the whole thing up. 

So the day of prom arise and Luke's parents let him borrow their beautiful, brand new Lincoln Navigator to take the girls to prom in. We pick the girls up and go to a nice Chinese restaurant. That's when everything starts turning pear-shaped.

Luke's date is a complete jerk to him, like jaw-dropping comments regarding his height. All throughout dinner she is making fun of him and my date is joining in here and there. I felt so bad for poor Luke. He's a good kid and I could see him near tears with these girls picking on him. As a side note upon first arriving at the restaurant, Luke's date opens up the menu and loudly proclaimed ""What the fuck! this is all Chink food!"" My date is rolling with laughter while I've never been more embarrassed in my life.  I remember thinking to myself ""what the hell did this idiot expect from a restaurant called China Palace"".

After an hour and a half of these girls berating my friend I had had enough. They get up to go to the bathroom and I talked to Luke. I tell him that their behavior is unacceptable and I'm so sorry for dragging him into this. I suggest that we take them to the dance, pull up outside the doors, and kick them out of the car and tell them to have a good time.

The girls get back from the bathroom and we put our plan into action. Load them up in the car, drive them to their High School, and while we're in the parking lot I turn around from the passenger seat and inform them that we will not be taking them to the dance because of how they acted. These girls were hella pissed, screaming, swearing, calling us names but we didn't back down. We wish them all the best and kick them out of the car.

The next time I saw cleaning lady she apologized for her daughter's actions after I told her my version of events. Even she knew that her daughter and her daughter's friends could be pretty trashy. This happened some time ago but the whole incident still weighs on me, so what do you think am I the asshole?",2,85,1,1,0,89,0.033707865168539325,0.9662921348314607,0.9-1.0
b7d9ch,AITA for hosting my daughter’s sweet 16 MY way?," My only child was born around the time of May that Memorial day falls. So, it’s become a tradition for me to host a large family gathering around that time, since the guests are off work. It’s nominally a birthday party. Some guests bring presents sometimes, sometimes not, and we have cake (*we* do, anyway, if my daughter does not eat it, that is her choice). But you could also call this party my yearly family reunion.

The problem is, ever since she was 11 years old, my daughter has been influenced into thinking she’s a vegan. As much as I persuade or sneak things past her, she hasn’t willingly used hide nor hair (ha!) of an animal for almost five years. Not even wool, which is really inconvenient for my shopping considering the fact that she grows like a weed.

Every year, she asks me to change the menu of her/my party to be meat free, milk free, and even egg free. In dramatic teenager fashion, “*I don’t want animals to be killed for my birthday*.” I tell her that she can’t control how other people eat. I’m obviously not going to look cheap to my family by serving them rice and beans. Nor will I be making alternative slop just so “she has something to eat.” There is plenty to eat, and it is gorgeous, she just chooses not to. Last year, she even did make a second cake out of pumpkin or some such. It looked ridiculous and went in the trash as soon as she’d cut a slice to eat with he rest of us. I am an excellent cook, and I like the table to look a certain way, especially when my *darling* sisters-in-law are here to nitpick.

This year, after the usual request to change the menu, my daughter “told” me that she won’t be attending her own birthday party. Instead, she’s going to meet friends at another girl’s house, where they will eat leaves and talk about her “mean mother” I’m sure. Ha! I told her she’s being ridiculous, that she’s not a real vegan anyway since I’ve been cooking the family’s rice in chicken broth for the past five years. (Rice is often the only thing on the dinner table she will eat, since she can’t see the meat.) In typical fashion, she cried and stopped responding.

So now I have a dilemma. I can’t exactly force her to stay and act convincingly happy, although she does know there will be consequences if she doesn’t.

I can let her win this little power struggle and change the menu of the party. This will teach her that If she kicks her heels long enough, she can force other people to bend around her weird demands.

Or I can host the party my way, and have my family awkwardly asking “Where’s the birthday girl?”

I could re-brand the party as a family reunion, but there will be questions, and family has already asked me this year about “her birthday party.”

I can't decide which option makes me look like more of a chump. ",57,1,1,1,0,60,0.9666666666666667,0.9666666666666667,0.9-1.0
afzfwl,WIBTA if I pretend my dog is a service dog?,"I live in NYC and have been wanting to go out for hikes with my dog lately. The problem is I have no car and there is nowhere to hike near me. There are trains that run from the city to places upstate where I can hike but most have no-dog policies or restrict the size of the dog significantly. I have an eighty pound golden retriever mutt so it would be impossible to get him on a train.

So the thought occurred to pretend that my dog is a service dog by just purchasing one of the vests for it. And if anybody asks, I can say that he is a seizure response dog. That way I can get on the train with him and I don't need to pretend to be blind or anything. My dog is well behaved and has the look of a service dog, so I think I can get away with it. 

Will I be the asshole if I do so? 

",89,3,0,0,1,92,0.967391304347826,0.967391304347826,0.9-1.0
an3wy0,AITA for telling off a girl who canceled plans because she was too nervous?,"Please read before you rip me apart.

I met this girl who seemed nice enough. I asked her out to dinner and she declined but we still saw eachother at functions. I understand if someone is not interested in me and I never hold it against anybody.


About 4-5 months ago this girl randomly messages me out of the blue and asks me if I want to go have dinner with her. I say that sounds great and we make a time or a place. The day of the date, she says that she can't make it and I say ""ok no problem"".

3 more times the same exact thing happened. Out of the blue, she messages me and either asks to go out to dinner, or offers to come to my house to make dinner. And each of the 3 times, she cancels the day of. After the 4th time she cancels on me, I send her a super polite text saying that I really value my time and that I don't appreciate her treating my time like she can waste it. She appologizes profusely and says that she has alot of issues especially with forming any kind of relationship and has anxiety. I understand and say ""its no worries"" and just leave it at that.


Last week I get a phone call from her and she asks me if she can come to my house and make my dinner. I say no problem sounds good. The day of the dinner, I text her asking her if shes still coming and she tells me that she dosnt feel comfortable going to my house by herself (keep in mind, she is the one who keeps initiating all of this). I say ""np, we can go get dinner or go out for a beer"" and she says that shes feeling introverted and just wanted to stay home.

At this point I am pretty fucking fed up. I am a very busy person and... on one hand, I can understand her feelings and have respect. On the other hand she is treating me like a monkey who can dance whenever she wants and thats not the case.

So I pretty much told her that I was insulted that she keeps doing this, and if she has that big of a problem with her anxiety and past experiences then she simply shouldnt make plans with me. 

Should I be more understanding and try my best to work her through her problems, or is it wrong for me to feel upset and take it personally?


I know I shouldnt take it personally, but for her to initiate it that many times and cancel that many times it just makes me upset.

",0,51,2,10,2,63,0.031746031746031744,0.9682539682539683,0.9-1.0
a2dy54,AITA for not allowing my fiancé’s brother’s dog to visit our house anymore?,"This is from the perspective of my fiancé, as she wishes to know if she’s being unreasonable, and I want all that sweet, sweet karma.

Context: My fiancé, Bestbuds200, has a twin brother with whom he is very close. That brother and his girlfriend recently got a dog that is still a puppy. It used to be easy to arrange visits to our new home, but now their dog has to come with them wherever they go. 

They don’t live near anyone, so they can’t find a dog sitter. Because of this, the last 2 times they visited, they brought their dog. The dog jumps up on people, but is generally very nice. Just very energetic. It scares the hell out of our cats, but does no harm to them. 

The last time it was here it got on my nerves because I don’t like to be jumped on. In addition, it jumped on a coffee table, and, when jumping off, caused the glass top to slide off and shatter. This was an antique. In addition, the dog put tears in our back screen door.

My fiancé and his brother are trying to arrange another visit, but I have forbid the dog to come to our house again. This has made my fiancé’s brother and girlfriend very angry, as they argue their dog is just a puppy and that’s the way puppies are. This has thrown a wrench in things, and I feel as if I am to blame.

Am I the asshole? ",1,63,1,2,0,67,0.029850746268656716,0.9701492537313433,0.9-1.0
anqk5v,AITA for blasting my subwoofers in my own parking spot during non quiet hours at my apartment complex?,"Posting from a throwaway for whatever reason, just don't want this to blend into my other subs.

So basically my car is my life. I have a tuned Subaru Impreza WRX STI that is my hobby, my transportation, my life, I'm more comfortable behind the wheel than I am in my own bed. Its not quite as fast as I want it but it looks amazing and the sound system is seriously as good as it can be.

I live in a large apartment complex in Tucson, I'm guessing probably 100 units or so. Not sure. Anyways the complex is really cool because a lot of places won't let you work on your car, well I can pay an extra premium every month to get a mechanics spot under shade. It's an extra 2 bills a month but so worth it. 

When I work on my car I BLAST my system. It helps me think and focus. Also important to note our complex has quiet hours between and 10pm and 8am, I follow these to the letter but I do need to work on my car so some Saturday's and Sunday's I crank shit from 8:01am to 9:59pm. I am not breaking any rules at all.

I moved in in January and this Sunday was apparently a major problem. I had two people ask me to turn it down. I totally did but one came back and said its not the volume, it's the bass, can I turn the bass down. I said I would try but I guess that wasn't good enough because he came down a third time. Finally I told him I paid for the spot, I wasn't breaking any rules, I'd only be out there until 10pm. He said his kids had to go to bed at 8:30 and the bass from my car was rattling his walls. I told him I'd done my best to accommodate him but I was done. He told me he'd call the police (who never showed) and talk to management. I just stopped responding to him and cranked my system to drown our his barking. I worked on my car until 9:59 when I turned my system off.

I got an email from my apartment manager asking if she could come by. She's really cool and I want to help her but I feel like I'm paying extra for the mechanics spot, I'm not breaking any rules and that guy had no right to talk to me like that. She said she managed a nice place and she's gotten complaint after complaint about my car. I told her I was sorry but I was still well within my rights and not breaking rules. She asked me to please consider for her sake using headphones Or earbuds if music is that important to me. I said I'd try,

I worked on my car all night last night and used ear buds and it just wasn't the same. I spent thousands of dollars and so much time to tune my system perfectly and to not use it when I want sucks. I want to help her out but am I even being an asshole in the first place?",406,12,2,0,1,420,0.9714285714285714,0.9714285714285714,0.9-1.0
b09w3d,AITA for making jokes about my wife with my friends?,"Longtime lurker here. Anyway, I've been married a year and a half, and when I'm with friends I like to make wife jokes, like you'd see on Married with Children, the ball and chained, no sex kinds of jokes, you know what i mean.  It's been no issue between me and my friends, they make the same jokes about their GFs, its just banter and venting mild annoyances about our partners.

Anyway, I tend to keep my time with her and that with my buddies separate, just like it that way. Cause of that she isn't up to speed with our inside jokes and when we started making wife jokes she sort of sunk into her chair. I made one about her, looked over at her and she was sort of crying. 

I took her outside and asked her what the problem was and she went on about how ""it's not cool for me to shittalk her, and that I seem to hate her or something"" when I make ""slightly offensive"" jokes about her to my buds. I told her it's all jokes but she said ""it's disrespectful to make fun of her like that"" and that we were sexist for all joining in joking about our GFs. 

I sort of got annoyed and told her this is why I don't bring her out with my friends, she got pissed, called a cab and went home. I went back to my friends, but when I got home she wouldn't let me touch her. This was yesterday, since me and my friends had a few days off at the same time, and she's been kind of off ever since.

I personally think it's no big deal that i make simple jokes, but she thinks they are really hurtful apparently, and she seems upset with me. AITA?",72,1,0,1,2,74,0.972972972972973,0.972972972972973,0.9-1.0
b67z3e,AITA for not wanting to share my 18th birthday party with my 1 year old cousin?,"I’m turning 18 on April 1st, but I’m having my party on March 30th. I planned my birthday party three weeks ago, so lots of people had time to work their schedules around it. I planned a nice dinner and invited my entire family and everyone said they would come. Then suddenly, a week before my birthday, my aunt and my uncle planned their kid’s party on the exact same day as mine, despite their kid’s birthday being on the 23rd of March. All my but 3 of my family members have cancelled coming to my party to go to my little cousin’s. Everyone is saying I should just go to my cousin’s party and basically share a birthday party with her. 

No offence to this baby, but I wasn’t really wanting to share my 18th with a 1 year old. Yesterday my mom messaged the family group chat saying that she was upset for everyone assuming I should share a birthday party with my cousin. My aunt’s family told my mom and I that we’re being “ignorant and childish”. They also told me to go cry somewhere else. I then defended my mom and myself by saying that I was only upset that everyone cancelled on me, and that I’d still come to their party. I also told them not to insult my mom for defending me. I then left the group chat because I didn’t want to fight with my uncle. My aunt and my uncle think I’m trying to ruin their little girl’s special day. My aunt’s say I should just go to my cousin’s party and they’d all see me there. My mom and my grandma all said I have a right to be upset. I’m pissed because I planned all this and now a lot of people aren’t coming. So I gotta know, am I being unreasonable here? Am I an asshole? ",7,329,2,0,3,338,0.026627218934911243,0.9733727810650887,0.9-1.0
aqwkl3,"AITA for being upset at my (25F) husband (27M) for doing something to me that I don’t like, even though I’ve told him not to countless of times?","First time poster and also throwaway. 

He does something to me physically that I really hate (not physically hurtful, just something that I don’t like. Let’s say tickling as an example) 

I’ve told him couple of times, but he still does it over and over again, although in a joking way. Every time I will tell him that I don’t like it, please stop. 

On Valentine’s Day, he does it again when I least suspect it, when I was the most vulnerable and I trusted him. That time led me to really just break down, and I don’t know what else to do anymore because I told him countless of times that I don’t like it, please stop doing it. 

He said sorry, the reason why he did it because he wasn’t thinking, and he didn’t mean it. 

I said it’s ok, but I couldn’t keep my mind off: 
1. The yucky feeling I had after he did it, especially when I was least suspecting 
2. Why does he keep doing it over and over again? Even after I told him to not do it, please stop, I really don’t like it 

I can’t understand the second point. When I ask him why the next day, he maintains the reason is that he just doesn’t think before he acts, and he didn’t mean it. 

After that, he starts to get angry. He says that it’s such a small thing anyway (take tickling as an example), and I can’t let it go. He thinks that I shouldn’t be upset over such a small thing, and I should have let it go by now. He gets angry at me because he says I ruined Valentine’s Day. 

AITA for not letting it go and for wondering why he still continues to do something to me over and over again even though I’ve told him not to do it anymore? ",3,112,0,2,11,117,0.02564102564102564,0.9743589743589743,0.9-1.0
asb72c,AITA for being happy that my best friend's relationship is over?,"My best friend Jason has been in a relationship with his gf Tessa for about 2 years.  She had entered our circle of friends a few months prior to going out with Jason, and at first she was pretty cool.  But shortly after they got together her attitude changed.  Suddenly she didn't want to hang out whenever there would be other girls around because they all secretly wanted Jason according to her.  Then she didn't want to hang out with certain friends because they had girlfriends and that could mean other women around Jason and she just couldn't accept that.

Well after awhile I brought all this behavior up to Jason and he made excuses for Tessa about how she's ""just the jealous type"" and ""that's just how she is.""  I told him that was bullshit, and that these are all huge red flags.  I knew that was all I could really do so I dropped it.  At some point Jason must have told Tessa about our conversation because suddenly she would refuse to hang out if I was there.  Then she started trying to get Jason to stop hanging out with me all together.  Luckily this was one of Jason's hills to die on and he made her back off when it came to me.

Fast forward to a couple days ago and I caught Tessa out on a date with some guy I didn't recognize.  They were at a small restaurant known for being a date spot.  I took a picture of them eating at one of the outside tables and sent it to Jason.  He called me almost immediately and all he said was ""that's her fucking ex.  I'll be there soon.""  He hung up and just as they were about to leave Jason pulled up and started a shouting match with Tessa.

The TLDR of the fight.  Tessa denied anything was going on.  Guy then immediately called her out saying she had told him that Jason had broken up with her.  Tessa then stared open mouthed at him for a minute before crying and wailing about how they were ganging up on her and refused to hear the truth. Then when she noticed me standing about 10 feet back she started shrieking about how I ruined everything.  I just stood there stunned.  Ex left, and Jason and I met back at his place to pack up her shit and left it in the driveway for her to pick up.

Jason spent the next couple days at my place and I took a day off to keep an eye on him.  He was heartbroken.  He had even planned on proposing to her once he was situated in his new job.  I felt terrible for him, but secretly inside I was doing backflips.  Jason just left this morning to go back to living at his place, and as soon as his car was out of sight I started dancing around the living room singing ""ding dong the witch is dead!"" 

This is where I am conflicted.  Because I honestly feel more glad that my friends and I get Jason back than I feel bad for Jason that he is going through all these horrible things.  Does this make me an asshole?",3,114,0,1,2,118,0.025423728813559324,0.9745762711864406,0.9-1.0
a4c96u,AITA for wanting to get rid of my puppy?,"My girlfriend volunteers at an animal shelter and she talked me into adopting a puppy. My girlfriend and I don’t live together but we fully intended for this to be OUR puppy. 

A couple days go by and I started noticing that he (our puppy) isn’t acting all that normal. Come to find out that he has a severe neurological disease. Even more surprising is that my girlfriend knew this before I adopted him and she neglected to tell me. 

I’ve had him for a few months and he poops and pees all over the house multiple times a day. And it’s not that it’s just in one spot; he literally runs around the house when he does his business and it takes forever to clean up. And whenever I pick him up to go outside he ends up peeing and pooping on me. I have roommates and I don’t think it’s fair to them because the house ends up smelling awful. 

More importantly, he has bitten me three times, two of which required stitches (and one of which happened today). He growls and tries to bite at my roommates and any other person that comes within a few feet from him. 

We’re going to get him professional training, but if that doesn’t work and it doesn’t get any better, I told my girlfriend that I don’t think I can keep him. Of course she is mad at me, and I know I undertook the responsibility of taking care of him, but I don’t think it’s fair to me. 



",0,39,1,0,1,40,0.025,0.975,0.9-1.0
aultlk,AITA for wearing a leather jacket and eating meat on a date with a vegan?,"Went on a date with a girl I had pretty great chemistry with, and I knew she was vegan beforehand (just it not occurring to me about the leather/suede jacket). 
She was the first one to bring it up and it hit me then that I screwed up. 
We got Mexican after and I ordered beef nachos (again, simply was not thinking) and again she brought that up but was still super cool about it all. 

The date went well and we have another (which I will be more thoughtful about) but still think it’s a pretty major dick move to have at least not considered it. ",3,54,0,63,0,120,0.025,0.975,0.9-1.0
az68hn,WIBTA if I changed my name legally? I hate my name.,"Before I begin, I shall use an **example name** as follows: **Brian Alex Sherman Felix Smith.**

DISCLAIMER: ONCE AGAIN, THIS **ISN'T** MY REAL NAME.

Simply put, I simply hated my name for four reasons.

(1) My parents had always called me Felix, which as you noticed would be the fourth word of my name. So is my *given* name Felix (as they call me) or Brian (as per the order)? Which parent names their child only to not use their actual first name? IMO my parents are complete assholes for doing this. No other kid from school or the block has parents like this, except for most of my Muslim friends, whose name starts with Mohammed/Muhammad/Mohamed and their first name would be whatever is after that word e.g. Mohamed Salah would be addressed to as Salah.

(2) My full name does not split evenly. I have five words in my name (as per the example). It's a headache filling out official forms. What do I put when forms ask me for my first/given and middle names? How do I even split it? Brian Alex // Sherman Felix? Brian // Alex Sherman Felix? Or Felix (as per 1) then Brian Alex Sherman? See? If I dropped two words from my four-word clusterfuck of a name I would be able to have a lesser headache filling out forms.

(3) It's \[My actual name is\] too damn long. Too many letters. I have had so many comments from then till now. It's not bullying, don't worry, but it's just that I prefer short and sweet names.

(4) Having to correct people *every single time* my name is read out. Every *Brian* I heard was corrected to *Felix.* I hated doing that. I want things to be smooth.

I had a family friend whose daughter went ahead with the name change to drop her old identity and the (estranged) reluctant mom disapproved of this action. Daughter initially aimed to drop her entire old name but eventually and reluctantly gave in to her mother's demand to retain the first word of her old name.

I was always told, especially by parents and elders, that every person's name has a special/religious meaning, and in a sense every name given is a religious blessing. All five words in my real name (and the daughter's old name) carry religious meanings. Therefore, a name change in their eyes is a stab in the family's back and ""losing one's spirituality/religiosity"", which are no-nos in my community.

It would be nice to drop my entire identity in favor of a new one. The middle ground (which is most feasible as it is a possible compromise but I doubt family would be okay with) is dropping two words from my real name to create a nice first-middle-last. But those two words to be dropped carry religious meanings. It's a real headache - on the surface it can be done by informing government and educational authorities and paying a fee, but deep down it's like killing a man.

So, WIBTA, or am I justified in doing so?",1,37,0,2,1,40,0.025,0.975,0.9-1.0
asytqq,AITA for not tipping my bartender?,"Basically, I went to the club with a bunch of my friends. I invited them (4 people) to 4 drinks. When I was paying, the bartender himself put a 20% tip without telling me. Now I was pretty drunk, but not enough to not notice him trying to put the tip percentage on his own. I responded by tipping him 0% telling him to not take advantage of people who are drunk. He responded by saying that he won't serve me anymore if I don't tip him. I was willing to tip an appropriate amount myself, but him just putting in a 20% tip without telling me rubbed me the wrong way. AITA? ",1,78,1,2,5,82,0.024390243902439025,0.975609756097561,0.9-1.0
ax9bol,"AITA for not liking when my friend says she ""hates men""?","Let me start by saying I am not a meninist, someone who subs to MTGOW or incel-like ideologies. In the least virtue-signaling way possible, I am a self described feminist and a liberal. 

That being said, I hate it when my friend(s) say that they hate men, as I am a man myself. Something about it rubs me the wrong way. I know deep down they are not talking about me, but whether I like it or not being a man is part of my identity. And when they say that, even if in their mind they aren't calling me a bad person, they are attacking part of my identity. 

This is something common in my friend group; a lot of the women will use phrases like ""men are the worst, men are ____, I hate men"". It's taken as a joke, and I didn't let them know it bothered me until recently. One of the worst offenders sent a message to our group chat about a guy she had a gripe with, and in her text, she explained something she did by saying ""or maybe it's just because I hate men"".

This was the straw that broke the camel's back, and I messaged her privately telling her how I felt: that while I realized she wasn't talking about me it made me feel uncomfortable having group conversations with her, especially because she knew I was present. 
She responded by saying that if I wasn't a bad man, than she wasn't talking about me. She also said that because I find it offensive I'm probably doing something bad she doesn't know about. (Not entirely sure what the implication is there, but I didn't like it regardless). 

I responded by asking if she wouldnt mind it if I said ""I hate mexicans"" or ""I hate women"" (of which she is both).  She said that it's different, because there aren't a majority group of mexicans or women who deserve that hate, unlike men apparently.

Side note: as I am writing this I know it sounds like rage bait, but I really just want to know if I am being too sensitive. She is a good person overall, but I feel like this is something she got wrong and I need some outside parties to set the record straight.

So, AITA? She seems to think so, as she told some of our mutual friends and they are telling me I'm taking it too seriously, and that what I said about women and mexicans would be completely unwarranted.

",1,39,0,3,0,43,0.023255813953488372,0.9767441860465116,0.9-1.0
aqkfrt,AITA for sharing breakup thoughts with my girlfriend right when she gave me a Valentine's gift?,"Basically what happened is that my girlfriend texted me at the campus that she wants to see me, we met and she surprised me with a Valentine's gift. I decided to open it later on my own and just sit and talk to her.

I don't know why but I shared some ""what if"" thoughts with her about breaking up and how our relationship is not necessarily rock-solid from my point of view.

She obviously was sad and she was speaking in a less-exciting-than-usual tone, I assured her that these are just thought I wanted to share and I'm definitely not thinking about leaving her.

after a while, she went to her class and I went to my car and decided to open the gift; the gift is a bunch of pictures and probs that represent our memories and some of my favorite things and hobbies; like a movie clapper board with my name written on it because my dream job is to become a director, an owl toy because it's my favorite animal, and a bunch of other stuff and love letters that made me feel like such an asshole, But my intention was never to make her sad, I just wanted to share these thoughts with her.

&#x200B;

So, am I an asshole or is it just a very bad coincidence?",87,0,0,2,0,89,0.9775280898876404,0.9775280898876404,0.9-1.0
ao4lsc,AITA For Locking Down My Mother-In-Law's Computer?,"So for context, I love my mother-in-law, Marie, but she is at that age where she is just terrible with computers. As my day job is in IT I always die a little inside when I boot up her computer. Trying to make heads or tails of everything on her computer is enough to cause an aneurysm.

It's not just messy either. She gets hit by Spyware, Malware, and Ransomware almost weekly now. I've gotten countless phone calls from other family members or her saying that her files are all locked and she can't use the computer. Luckily I have a disk image I can restore to but it's still a process to go to her house and do it. The boiling point is when she bought $500 in prepaid credit cards to pay off a ransomware attack.

Talking to my wife, I suggested that we lock her computer down. Many schools do this with lab computers and it's admittingly not the greatest, but if it means someone who's not computer literate isn't exposed to these things. My wife loves the idea. So the next time we're over I tell her I'll help protect the computer and even tell her I'm going to limit access to things so she may notice some things won't open or run like they did before. She was hesitant but after working with her on it we agreed on a system that works for her.

I load up every tool I can think of to protect the machine (AdGuard, Veracrypt, Rollback Rx, Malwarebytes, etc) and incorporate a lot of group policies to lock down the machine. We're set!

For a month, nothing. I could finally relax and enjoy my life. Well last week I get a particularly nasty email from my wife's siblings and their SO's. Saying how I violated their moms privacy and are treating her like a child (which admittedly is kinda true but not in a mean way). I explain that none of them are helping her with these issues, and that it works for her. They start telling me that everyone has to do their part, which I agree with, but tell them if I can do this particular job more efficiently, then I will; and that if she has any issues getting basic functions done (i.e. going to facebook, paying bills, checking emails) then I can adjust the configuration but she's having no issues and is actually happier now as she doesn't have an out of service computer for days on end.

Still, the family insists that I'm the asshole and even went as far as to say I wasn't invited to a few upcoming events. So I guess the question is: Am I the asshole?",2,128,1,5,2,136,0.022058823529411766,0.9779411764705882,0.9-1.0
aw2mdb,AITA for trying to get my roommates emotional support dog removed?,"I live in dorm style, on campus housing at a University with 3 other girls for 6 months now. It’s tight quarters, but things have generally been very chill and we’ve all become good friends. 

One roommate “M” has an emotional support dog who is two years old. The first week we moved in, the dog shit all over my rug and shoes and peed on my other roommate “H”’s bed. H and I tried to talk to M about it, but as soon as we brought it up she started crying. So, since we didn’t know her very well, we kinda just let it go to keep the peace. 

Since then, the dog has peed or pooped in the apartment about twice a week. I often clean it up. It sheds constantly and she never vacuums. M works long hours and keeps the dog locked in a small kennel for about 8 hours a day. When she comes home from work at 11pm or so, she doesn’t take the dog out, she just goes to bed and takes her out in the morning. She takes her out maybe twice a day, but never on a walk, just to go pee in the courtyard of the apartment building. She even had a tinder guy come to spend the night and the dog peed on her bed during the hookup! 

H and I used to take the dog out because we felt bad for it, but M would get on our case about not locking her cage right and other small stuff. We didn’t want it to become our issue so we stopped. 

The dog is very poorly behaved. It has bitten M on the face, growled and tried to bite guests, and it barks constantly. M lets it eat off our plates and generally do whatever she wants. She does not know any basic commands like sit or down or whatever. 

It’s really been getting on my nerves. About a month ago I talked to her in a very non confrontational way and very “let’s work this out together” attitude. I thought it went well, but the next day the dog shat on the floor again! I talked to her again the next week. Nothing changed. 

So todayyyyyy, she texted in the roommate group chat “I have said this before but you guys need to make sure the sponge isn’t damp after doing your dishes” and that was my last straw boy o boy. 
She is upset about such a minute detail when there’s the giant issue of her awful dog at hand. 

So I went down to the front desk and told them my concerns. The receptionist gave me the email of the apartment manager & said that if her service dog was acting this way she could be removed. I emailed the manager and she’s going to talk to M this week. I don’t think the dog will be taken away, I think I’ll just be moved apartments, but I guess we’ll see. 

I really feel so awful for doing this. I know it’s not the dogs fault & I want her to have a nice life and this isn’t it. I don’t want her dog to be taken from her, but I was just so tired of dealing w this every day. Her mom has a nice big yard and other dogs. The dog would be so much happier there. I do feel like such an asshole though because it’s her emotional support animal. I’m having inner turmoil & I can’t sleep. What do y’all think?? ",1,91,1,0,0,93,0.021505376344086023,0.978494623655914,0.9-1.0
acs3nw,AITA for not wanting to give my boyfriend all my passwords?,"He told me today he wanted all my passwords to social media “just to take a look” which I felt like was a huge invasion of privacy. I told him I have no problem showing you if for some reason you want to see something but giving all my passwords was too much. Yes, we are in a relationship and don’t/shouldn’t have secrets, but am I not entitled to that small amount of privacy, even if I’m not hiding anything? 

He’s done many questionable things in our past to break my trust but moving forward in our relationship i basically let it all go once I felt comfortable. I figured I wanted to be with this person so all I could do was trust he wouldn’t make the same mistakes and move on. Now, I know his passwords. Not because I asked for them, though. For 1) he uses practically the same password for lots of things and 2) he has asked me to log into —— to find something or do something. I don’t snoop. I made it a point not to because I feel like that’s unhealthy. I don’t want to become obsessed with know what he’s doing or who he’s talking to, etc. I give him his privacy. 

After explaining it was an invasion of my privacy, he managed to turn it around and call me “sketchy”, not understanding at all where I am coming from. I’m so incredibly hurt by this & we’ve gotten into a huge argument over it. He is pushing his insecurities into me & I feel like it’s not fair to me since I am so trusting to him despite his lies in the past but that trust is not being reciprocated.

Please, AITA? Am I playing victim or taking it too far??",0,48,1,1,0,50,0.02,0.98,0.9-1.0
adu2go,AITA for sending back my parents to their place when they came for an unexpected visit?,"Me and my wife (and daughter) live in a small town around three hours drive from my parents.

The relationship with my parents is mostly good (with their hiccups) and my wife gets along well with them too.

I got into an argument (not a big one but also not a trivial thing) with my wife and she went to her parents because she wanted to take some time off me. I said it was fine and my daughter went with her. We live in the same town, around 20 mins from each other.

A bit later my parents called and showed their intentions to come visit us (as they do from time to time). Without going into much detail I told them that right now was not the best time and to wait a couple days before coming.

Sometime later during that day they show up as a surprise (which I think was well intended) and find out about the situation. I tell them I'm sorry but that's how it is and I don't want to bother my wife at this particular moment because I'm giving her time and this thing literally happened earlier in the morning.

My dad gets all pissed off because he drove all the way here and wanted to see her granddaughter, so he gets into an attitude that he's going to my in-laws place anyway, because he wants to see our daughter and 'there's nothing wrong with that'. I tell him that now really is not the best time for that and offer them to stay at my home for the rest of the day/night and 'let's wait until tomorrow and see how things develop'. He continues to be angry at this and eventually my parents decide to leave back to their hometown.

I feel a bit bad because they drove all the way here and all the way back for nothing, also my attitude towards them was a bit harsh in the sense that I was clear that they could not just go and look for my wife at my in-laws' and this only pissed of my dad more, to the point of leaving.

AITA?",1,48,0,2,1,51,0.0196078431372549,0.9803921568627451,0.9-1.0
afl15b,AITA for not wanting to break up with my girlfriend/stepsister?,"First of all, I know how that sounds, but it's really not like that.

My girlfriend and I were childhood friends turned high school/college sweethearts. We are both 20 now and have been dating since we were 14. We are both commuter students at the same state college, so we still live at home. The same home. Because our parents are married.

It's my mom and her dad. Both divorced when they met, you can imagine the rest. When we were in HS we begged them not to date because of exactly this reason. Weirdly enough, while they were just dating they were totally fine with my girlfriend and I being together, but it pretty much changed immediately when they got married last year and moved in together.

Honestly, I hate being in this situation. Even though I know there is nothing wrong with us, it needles me every time my mom says ""go tell your sister x"". I think she is doing it on purpose to get under my skin. My (real) dad thinks the situation is hilarious and his view basically boils down to ""What did you expect from the crazy bitch?"" But I see him infrequently and our living situation would be very bad if we moved in with him (drugs) so that isn't an option. My girlfriend's bio mom has not been in the picture for her whole life, so that's not an option either. We can't afford to get our own place until we graduate.

This living situation is driving us crazy, but we want to ride it out until we've graduated and have jobs and can get our own place, or a place with roommates. Our parents have become laser focused on breaking us up, calling us brother and sister at every opportunity and lecturing us about how disgusting it is, asking us aren't we embarrassed that our friends know, saying that it's not anyone's fault that they got married first and this is just the way it has to be. I love this girl and have spent my life with her. I want to spend the rest of my life with her. I just can't stomach breaking up when *we* are fine and it is this bizarre outside circumstance trying to drive a wedge between us.

AITA? Are we all bad? Is it inappropriate no matter what to date your ""stepsister"" who you live with?",11,746,2,7,4,766,0.016971279373368148,0.9830287206266318,0.9-1.0
b32ac1,AITA for not immediately telling online contacts I'm a woman?,"I'm 21 year old gal and play video games with voice chat, I'm in related discord servers etc etc. I'm also blessed/cursed with a voice that can easily be mistaken for a young boy and joke when asked the Professor Oak. I come clean to newer people if asked but never mention it unless related. I've considered myself a tomboy and I've been told based off text- only conversations that it is hard to tell I'm a girl based off language alone.

This recently caused a scuffle. ""Derek"" is a regular in an older and bigger server and apparently has never known I'm a woman. He started talking about his recently failed attempt to ask a date that could have dipped into /r/niceguys territory and asking what he did wrong. Derek didn't like the advice he got and then went off to declare girls are bad and disloyal blah blah the works.

Someone mentions me to get my attention and input. Looking at his past messages I say his attitude is why he's rejected. He asks why a kid should be in this conversation and I explain I'm a woman and that's why my perspective might be useful.

Somehow he turns this into a problem that I'm a bad and weird person for hiding the fact I'm a woman and trying to trick people into being ""just friends""??? (I never deny being a girl!) I exited out and didn't think much of it.

In the time I'm gone, others joined in and more people who didn't know I'm a woman apparently agree with Derek that me not telling everyone I'm a girl is weird since having a girl present ""changes"" the atmosphere and people should be aware of it. I say it's bull.

I talked to IRL girl friends if they ever felt they needed to say they're a girl to their own communities and many say yes, under the context that they wouldn't be respected otherwise. I'm confused on what this means.

I don't think it's wrong to leave the fact I'm a woman out of my online identity. AITA?",1,56,0,2,1,59,0.01694915254237288,0.9830508474576272,0.9-1.0
b05f7z,AITA gf pissed that I self pleasured.,"So day started with me saying something inviting as I was in the mood for sex , we go out and have a nice day , when we get home I get the old I'm really tired , and then presumes to cuddle up to me and sleep , I know that nothings going to happen so I head to the shower to do the job my self , make a snack and watch some TV too before bed. Morning rolls around and she asks why I came to bed so late , I feel no need to lie so I say watched TV had some food and sorted my self in the shower , I'm now being ignored because if it was her and I didn't want sex she wouldn't masturbate because apparently that's disgusting.",1,177,2,6,1,186,0.016129032258064516,0.9838709677419355,0.9-1.0
a6hq4n,WIBTA for complaining about my raise at work?,"So, I (21F) recently had my one year anniversary working at a daycare. My boss called me in for my evaluation on Thursday, and it went very well. She told me how much they value me as and employee and said I was one of the best (not trying to brag, I think it's applicable to the situation). She then informed me that I'd be getting a raise, I just need to sign the paperwork. 

The paper she gave me said that my new rate of pay would be $11.30. I was so happy because I am currently being paid $10.50. Eighty cents is a good raise. However I then noticed that she had made a mistake and put that I am currently being paid $11. I pointed out the mistake. She seemed very surprised and confused. She had thought I was being paid $11 this entire time. She told me she'd fix everything and sent me back to work.

Friday night, she texts me saying that she had fixed the paperwork and my new rate of pay would be $11. I just need to sign it on Monday. My question is WIBTA if I told her that I would like to be paid $11.30? I understand there was a mixup, but I already feel very underpaid for the work that I do. ",1,61,0,1,1,63,0.015873015873015872,0.9841269841269842,0.9-1.0
b8o6ka,AITA for not letting my 5 year old neighbor hold my pet hedgehog?,"First time poster here with a moral dilemma. 

*Backstory: I own a pet hedgehog named Loki.He needed to have an eye surgically removed recently and has finally recovered, but needless to say has been through a lot of stress. (Surgery, anesthetics, vet visits, antibiotics, etc.)

My vet posted his story to Facebook, with my permission, because hedgehogs are fairly unusual as pets and she was proud of saving his life. This is all fine, personally I don’t use Facebook but apparently the post got a lot of traction within our community. 

Apparently, our neighbors saw the post as well and showed the pictures of my little companion to their 5 year old son. 

*Side note: I’m not close to my neighbors, just the occasional hello.*

Just today, the father rang the doorbell and asked about Loki, referring to the post. It was kind of them to check up on him and I told them that he was doing well, to which he asked if they could see him. More specifically, if his son could see him. 

I understand that he is a rare pet and am aware of how exciting he must be to a kid, so I agreed. 

I asked them to come back later in the evening, since Loki is nocturnal and I avoid waking him up during the daytime (this was around 2PM, in Loki-time that’s like being shaken awake at 2AM)

He agreed and came back around 4:30ish (PM), with their son. He was really excited about seeing my hedgehog, so I let them in and brushed over the fact that they ignored my request. Loki wouldn’t be happy about me waking him up this early, but it would be fine. Plus, I don’t know the kids schedule, so maybe anything later wouldn’t have worked. 

I led everyone to my room and gently lifted the fleece blanket off my grumpy hedgie. After a while, he calms down.

The kid *looses his shit*. I mean excited squealing, jumping up and down, etc. This startled Loki and he curled up into a hissing ball (they’re easy to startle), to which I picked him up to calm him down. 

The parents then ask if their son can hold him as well. He gets even more excited. 

Here’s where I want to know if I was the asshole: Hedgehog spikes can hurt when they’re defensive, and I wouldn’t trust a kid that young not to drop him out of fright. My hedgehog doesn’t know his scent and the kid was very fidgety prior to this, so I was concerned that this would scare Loki and lead to him being held improperly or dropped. And most importantly, I didn’t want to risk any further stress after his surgery story. 

I was polite, but firm when I said no.

The kid was upset, but ultimately understood and thanked me gloomily for showing him my pet. Despite being unhappy about not being allowed to hold him, but took it very gracefully. (Especially for a kid that young!)

Here’s the thing: When we were at the door, the mom pulled me aside and told me that it was unnecessary of me to refuse her sons wish and that I had made him upset. She still thanked me, but shook her head as she left. 

Am I the asshole? Could I have handled it better? ",1,64,0,1,1,66,0.015151515151515152,0.9848484848484849,0.9-1.0
awwfj6,AITA for not feeling guilty for giving someone herpes?`,"So I (22f) slept with someone about a year ago. They gave me genital herpes. I later learnt that they knew they had herpes but didn't think it was important to tell their partners. 

So fast forward to a few weeks ago. I met a guy (25m) and we start talking, we flirt over text a bit and we decide to meet up. Before anything happens I tell him I have herpes and give him something information on it, I also give him a couple of websites so he can do his own research if he wants to. I'm on anti-virals, always use protection and never have sex curing/immediately after an outbreak. 

As you can guess, he catches herpes. This was always a risk, I told him this more than once, I even gave him a few days between telling him and us hooking up so he could research/let it sink in. I also told him explicitly that it was cool if he didn't want to have sex anymore.

Anyway, he calls me up and tells me, well he shouts it at me. I understand he's upset but he's saying really awful things about me, blaming me for what happened. I try and calm him down 'cause I know they actual worst thing about herpes is when you first have it and you suddenly feel very dirty.

He calls me up multiple times to shout at me and call me names. At one point he asks me how is he going to tell his family (why???). After he calls me a diseased whore I tell him that I'm going to block his number if he doesn't stop and he says I should take responsibility for what I've done. I hang up, send him some forums for people with herpes so he can have people to talk to and block him.

I spoke to a friend (she doesn't know him, didn't give her any details about him) and she says I should be more sympathetic 'cause it was kind of my fault?

I feel like I did everything in my power to keep him informed and that ultimately it was his choice, the only other thing I can really do is not have sex with anyone unless they know their status which like 90% of people don't.

AITA?",1,203,2,2,4,208,0.014423076923076924,0.9855769230769231,0.9-1.0
b7m8up,AITA For hating my mom for making me share a bed with her,"So my mom and I have been living in a 1 bdrm for some years. I turn 17 in a few months. My mom first couldn’t afford to get a second bed when we first moved but i was young (9) so it didn’t matter. Once I turned maybe 13-14 I started to speak up at how most kids my age at least sleeps in their own bed.

Let me clarify we are in no way, shape, or form broke. My mom earns a decent amount of money every week. Each time she has an excuse as to why she can’t get a bed for me. I know I might sound ungrateful but there’s many reasons why I NEED my own bed at least. 

For one she snores, so there’s nights i’m up til 4 am tossing and turning. 2, she likes to cuddle me and I do not like that. I’ve told her maybe a 10-15 minutes is fine but not no 2-3 hours. She’ll get angry at me and call me selfish for not wanting to hug/cuddle her. 

We’ve got a futon couch in the living room. But i can’t sleep there because she says it’ll ruin it... even though it’s made for sleeping. There’s been nights that I slept on the floor in order to get a good nights rest. 

I don’t want to make it seem like I hate her with every bone in me because i don’t. I just hate her for making me share a bed with her for almost 10 years. She even brags about it to others like it’s something to be proud of. “Well MY daughter and I still sleep together” it’s quite embarrassing. 

",4,341,1,6,2,352,0.014204545454545454,0.9857954545454546,0.9-1.0
arn35r,AITA for locking my door when Im changing clothes?,"My step-dad keeps opening my door for no reason and its been pretty annoying. I always close my ( not lock it) door when I am changing clothes. I was changing my clothes today and my stepdad opens my door for no reason (he did not peek inside, he just opened the door while he was walking to his bedroom from the guest room). I got frustrated and I closed and locked the door. Seconds later he starts banging on my door and he yells at me for locking my door. I shouted that I was changing and he yelled back ""THIS IS MY HOUSE!"".  A minute later, my mother comes upstairs to ask me ""Did you learn your lesson?"". Is my step-dad justified?

 I can answer any questions.
",1,73,0,1,4,75,0.013333333333333334,0.9866666666666667,0.9-1.0
b7famk,AITA for allowing my boyfriend's son to cuddle/fall asleep with me,"My boyfriend and I live together and we have his son every other week. We've only lived together for a few months but I've been present in his life for the last 2 years.

My boyfriend was out for a few hours and his son and I were watching TV. I was lying on the couch and his son was sitting on the floor, but after a bit, he crawled up on the couch with me and laid with his head on my chest and fell asleep. I was actually pretty happy about it, since he and I hug and such but he's been reserved as far as cuddling and such with me and obviously I don't push it. I let him stay like that until my boyfriend came home.

My boyfriend woke him up and later freaked out at me because he thinks that it was inappropriate for me to let his son do that and to let him lay on me like that. I asked him if he was accusing me of something and he kind of backtracked and said that it just looks weird and inappropriate and I should've told his son no. AITA?",2,162,0,11,4,175,0.011428571428571429,0.9885714285714285,0.9-1.0
awpxre,WIBTA if I turned in my mom?,"So a little background: 

My mom and I have a very fickle relationship. She is a compulsive liar and full blown narcissist, as well as diagnosed bipolar. We have gone months to years not speaking multiple times. 

For the past few years I've been struggling with depression. About 2 years ago, I voluntarily admitted myself to a psychiatric ward. After I got out, I only told one person, my mom. It's not because I trust her really, but because I didnt really care what she thought of me anymore. I told her that I needed a little help, and moved back in with her about 6 months later. I have been living here rent free, and I am very grateful for what she has done. 

After telling her about my visit I asked her not to tell anyone, and of course, she told everyone that would lend an ear. A few months ago I finally confronted her about it, telling her that was a shitty thing to do, and how I couldn't trust her after that. She said that I needed to take some responsibility for how it had affected her, basically saying that her betrayal was my fault, and gave me an ""I'm sorry you feel that way,"" type apology. I didn't respond because I realized it was futile, and that she will never be sorry for anything she's done. (Trying to illustrate the kind of person she is, I have never heard the word sorry come out of her mouth sincerely)

Today, I found out she has opened a business in my name 6 months ago. From what I've seen, she seems like she does some shady stuff tax wise sometimes, using her business account like a personal one, not claiming things she purchased overseas on her taxes or at customs. She doesn't have the proper insurance for the services she offers either. I'm not sure of the full extent of things, but I know a few things are not done by the book. 

I am honestly torn. WIBTA if I turned her in, even after all she's done for me over the past couple of years?",0,89,1,0,0,90,0.011111111111111112,0.9888888888888889,0.9-1.0
a2mrd4,AITA for telling my Fiancé I need a night to sleep on it.,"A bit of backstory: I'm deployed to a foreign country for the Army. I have a fiancé back home. My fiancé has a friend, we'll call him John. John has been her friend for awhile and he seemed like a good friend until recently. About two weeks ago he tried to kiss my fiancé. Dick move. But she reacted the way she should have and I was all good with it. Until yesterday.

Yesterday I Facetimed my fiancé after she washed her dogs. She is going on a trip to see her parents (other side of America) and was talking about getting to the Airport. I suggested having John take her since she trusts him, even though I don't really care for me. She said ""I thought you didn't like him?""

I replied ""I don't, but I trust you""

She then panned the camera around to him, shirtless in her bed. They were both fully clothed otherwise. I freaked out a bit. I hung up on her, and when she called back I was pretty upset. She apologized, sent him home, and explained that he was helping her wash the dogs (Shes 5' 100lbs, they are both pitbulls) and his shirt got wet, so she put it in the drier. I said ""Well, we have different morality of what's okay in a relationship."" She tried to joke it off commenting on my having something to eat saying ""Well you have a snack in bed too"" and that's when I lost it. 

My Fiance has problems sleeping. I often tell her little stories to get her to bed. I told her ""How about next time you can't sleep you call John too!"" and hung up. She called until I picked up and apologized after sending him home, and cried about how she acted. All was good until I went to work.


During my work shift, it just ate at the back of my head. My fiancé usually calls about an hour after I get off before I go to bed. When she called I told her I needed a nights rest to really get over what happened. She called me a dick and hung up. That was two minutes ago. 


Reddit, AITA?
",0,45,0,0,0,45,0.0,1.0,0.9-1.0
a3vm5g,AITA For calling the RA on a girl in the bathroom?,"So here's what happened, at least from my point of view. I go to my hall's bathroom to take a shower a week or so ago, and one of my hallmates comes out right as I am about to go in saying that there is a drunk girl passed out in one of the stalls. My immediate thought is that she's probably drunk. I go back to my room and put my shower supplies away and then join my hallmate in the bathroom trying to rouse the girl (who was on the floor with her head on the toilet seat). We decide to call the RA on duty, as the girl hadn't responded to us talking to her under the stall door. It was actually my hallmate who called the RA, since she had her phone with her. We can see that she is breathing, but she hadn't said anything in the few minutes we'd been in there. The RA shows up, shoos us out, and I take my shower in a different bathroom. When I get back to my room, my roommate reports hearing a struggle going past our door and multiple people saying things like, ""Let me go!"" and ""I don't want to hurt you."" I was pretty sure that the RA had called the police or something and had bathroom girl taken away. 

I felt like I had done the right thing. Sure she hadn't been disturbing anything by being passed out with her face on the toilet, but I was still concerned that she could be in trouble as she wasn't responding. 

Now comes what happened today. I'm washing my hands in the bathroom and the bathroom girl comes in about to take a shower. I don't recognize her at first (I'm bad with faces/names) and try to make small talk, asking her if she's going to bed soon. She answers that she is just taking a shower, but asks me why I thought she was really passed out drunk on the toilet. I told her that she wasn't responding to us trying to talk to her, so we wanted to play it safe and call the RA. If she wasn't passed out, the she should have been able to respond to us somehow. She then tells me that it had really messed up her life and that she can take care of herself. I didn't really have a response to that except that I didn't want someone in our hall to die of alcohol poisoning. She asked if I had known anyone who had that happen and I answered truthfully that I hadn't, but knew plenty of stories where that did happen. Then she says that if I really want to be an RA next year then I should think twice about it. I tell her quickly that I don't want to be one next year. (It was incidents like this that scared me away from the job, I hate confrontation.) After that I leave and go to a different restroom to calm down and wash the tears off my face  (like I said, I hate confrontation). 

I assume that she got in trouble with the campus police and probably got a mark against her from the college about being drunk in the dorms. I admit, it probably did mess up her life a bit. I felt at the time it was the right thing to do since she wasn't responding and seemed to be passed out, but now I'm conflicted. 

AITA for calling the RA on this girl? Should I have minded my own business?",0,41,0,0,0,41,0.0,1.0,0.9-1.0
a5a36o,AITA for not wanting to cook in my house when I'm not hungry?,"I live with my boyfriend and our pets, sometimes I get home and I really dont want to cook and sometimes I'm not even that hungry. Ive been cooking predominantly for about a year and although he does help and cooks every so often, the problem is if I decide not to cook one day he wont make himself food and just become upset and fall asleep upset and hungry. I feel guilty about this and sometimes just give in and make food. 

 It's just that sometimes I just really really dont want to cook or eat and if he's in the house all day when I get from work he will often tell me he hasnt eaten anything all day so now I either cook or feel like an absolute asshole. Its not like theres no food, theres just no quick snacks most of the time. 


Any more info needed just ask but i wont give any personal info obviously just topic related. Also sorry about format, mobile app. ",0,40,0,0,0,40,0.0,1.0,0.9-1.0
aeulgl,AITA for asking my company to remove my regular customer?,"Hello everyone! 

Sorry for my English, I’m not a native speaker. 

I’m not sure if this fits this sub, but I couldn’t think of any better ones so here we go! 

I am a home cleaner. After every gig, I can go to my work profile to see my ratings. I have lots of regular customers, for example one customer wants a cleaning 2 or 4 times a week, etc. 

Since I started my job (around November) I was a regular cleaner for this family who I instantly fell in love with. There was a pregnant woman, a toddler, a grandma and the husband. They were all extremely sweet and friendly, one of my best customers. 

We get rated for our quality, behavior, on time and overall. The first time I got a 4 star rating on my quality. The woman asked me to use the bigger vacuum cleaner instead, since the smaller one isn’t that good. She said there were some small stuff and dust near the shoes area. I understood and was still happy. 

The next time I paid extra attention to the floors and did everything else really well too. I went home to check my rating and I got 4 stars for quality. I was confused as to what was wrong, and next time I asked was there anything I missed, was she satisfied etc. She said everything was perfect and nothing went bad. This time I’m a bit upset because the ratings affect my pay. During this time my boyfriend didn’t have a job and we were struggling hard. 

The time after that I wanted to make her extra happy and hopefully get 5 stars. I stayed a bit extra to make sure everything was perfect, cleaned the kitchen sink and got rid of yellow stains (we don’t need to do deep cleanings so this wasn’t necessary). I go home and check my ratings, I have 3 stars from her. This time I cry a bit (I’m a bit sensitive, this is also my very first job) because I like them so much and try so hard to make them happy. I feel like she didn’t appreciate what I did for her and she didn’t even say what was wrong in the comments.

Next time I ask her if everything went well, what was the problem, etc. She said everything was perfect, she was really satisfied but there was a tiny speck of dust under the nightstand. I asked her multiple times if anything else was wrong, she said no. Now her house is very big, a 2 storey house. It takes a lot of effort to clean it, and I put a lot of hard work into it. It hurt me a lot because she ignored everything else I did and focused on the small speck of dust and gave me 3 stars for it. 

I tried to try again with her. Next time I went there, she wasn’t home but her mother was to watch her toddler. I paid extra attention to under the nightstand, checked everything many times and had some extra time so I scrubbed the kitchen and bathroom floors to get rid of deep stains and also ironed the clothes that were out of the drying machine (?). 

I go home and I see 3 stars AGAIN. I ask my company to call her and ask what was the problem. They said that she wants me to pay extra attention to under the dining table, because there was some food on the floor. The thing is, her toddler and her mother went to eat AFTER I cleaned. I know she drops food on the floor because I always clean that area up. At this point I felt I was treated very unfairly and that she was ungrateful. 

I told my company to remove her from my list and to find another cleaner for her. They said this and that, because customers want regular cleaners and changing cleaners/customers is hard. I stood my ground because I was so stressed and I felt so bad about it. They removed her in the end. 

Now my question is (I’ll try to sum it up), was I in the wrong? Or was I reasonable for not wanting to do gigs at her place anymore? 

Please tell me what you think, I would really appreciate it! ",0,53,0,1,1,54,0.0,1.0,0.9-1.0
ak17wf,AITA for telling my girlfriend to cancel her gym membership?,"Just a little bit of context here. My girlfriend (21F) and I (22M) live together in an apartment. We’ve been dating for three years. When we first started dating I was really physically attracted to her, and our sex life was great. However, I’m more attracted to curvy girls now, and my girlfriend is skinny. Really skinny. She’s 5’8 and weighs about 120lbs. She has no ass. I brought up the idea of weight training glutes to her and offered to pay for her gym membership and protein supplements. She was hesitant, but wanted to make the relationship work so she said she would try. It’s been eight months since I purchased the membership for her and I’ve seen no results. Her body looks exactly the same and I honestly feel like I’m being ripped off. I confronted her about it and she told me that she’s been consistently going to the gym four times a week and that I was an asshole for accusing her of being lazy. I told her that it made no sense that she was going supposedly to the gym for eight months, yet still didn’t have an ass. I told her to just ring up and cancel instead of wasting my money. She started crying and we haven’t spoken for about three hours. I’m not sure if I pushed her too far or not. AITA?",41,0,0,0,0,41,1.0,1.0,0.9-1.0
ania1l,AITA for asking my brother to wait to propose to his GF?,"(Throwaway because friends/family know my regular reddit)

For background, it was a longstanding fear of mine that my brother (2 years younger than me) would get married before I did. He and his girlfriend have been dating 8 years so this seemed like a possibility. I talked to him about it numerous times and he always said he wouldn't do that, they didn't really care about being married or not, etc. 

Then on New Years, my boyfriend of 2 years proposed. Our wedding is set for 11 months from now. My brother and his girlfriend were both extremely happy for us and everything seemed great.

However, yesterday out of the blue my brother informed me that he was planning to propose this summer. I mean, what? He can't just wait until after my wedding to keep his promise? 

I told him that I was hurt by this breach of our agreement but he said I was out of line because he still wouldn't be getting married before me, and he said I didn't have a say in whether he proposes or not. He even went on to say he thought our original agreement was ridiculous (so then why did you agree to it?) and that I have ""no right to police when other people get engaged"" (for the record, I wasn't policing, it was a discussion we had several times where I shared my fears and he said he would respect that).

I don't get why he would want to propose in the middle of someone else's engagement - it's less exciting for them, causes more stress and planning for everyone, and is just a blatant attention grab. I feel like this is almost as bad as proposing at someone else's wedding.

AITA for asking my brother to keep his promise and wait to propose until after our wedding?",128,0,0,0,0,128,1.0,1.0,0.9-1.0
aq5uok,AITA For not wanting to sell my dad's precious car to help my sister ?,"Hello reddit, this is my first and last post in the website, I saw it on yputube a though this would be a good place, but first a back story. Last year my father died at the age of 63, I'm still not that good, and he 'left' us a couple of things, but the problem here is the car that he left to me, an old BMW 328i. And it was a special car for him and me, I remember 'helping' him with maintenance when I was a kid, he even thaught me how to drive on that car. I know it's not an unicorn car, you can find them cheap on ebay and craiglist, but it's special to me, it is one of the only things he left here, and the problem starts there. My sister is going to study abroad, and we were raising money, when father died we stopped for a while and restarted and now my family is trying to convince me to sell it, because it is in registered in my name, to help my sister. So, people, Am I being an asshole? Am I being an egoistical prick only because I want to maintain his memory here ? Don't get me wrong, I love my sister and I want her to be a sucessful person, but I don't think it's right doing that. I don't know, am I wrong ?
",0,93,0,5,1,98,0.0,1.0,0.9-1.0
aqtvn2,AITA for wanting another chance after I (21M) ended a relationship with someone (21F) twice?,"Long post, here goes

I became friends with this girl in middle school. I was sorta interested in her and she was into me too but nothing happened. I moved away and we kept in touch on and off over social media. We ended up reconnecting my second year of college. She had a boyfriend at the time, but we started talking more often and were good friends. I eventually asked her out, but she said she would only hang out with me as a friend, not on a date. I was bummed, but took the chance to see her. It was fun, nothing happened though.

She started catching feelings for me later on and ended her relationship because she said she didn’t want to cheat. We started talking more seriously, but after a month I realized I wasn’t ready for something serious. She also lived a bit away and didn’t have a car, so it was a 30 to 40 minute drive for me and a hassle to see her. I told her I didn’t want us to talk anymore and didn’t really feel like explaining why, so I stopped replying to her messages asking to talk about it. When she started getting more upset, I ghosted her and we didn’t talk for six months. I realized I messed up though and asked her for another chance and to show her I was serious, that she’d be my girlfriend officially this time. She was reluctant but said yes.

One thing that she had said before we started dating was that she didn’t want to have sex before marriage and then after we got together, that she didn’t want to unless I loved her (she was a virgin at the time). I felt like that wasn’t fair because 1. she knew I wasn’t a virgin and 2. I had a high libido. I also didn’t think it was reasonable that I had to love her or that I wouldn’t be able to sleep with my girlfriend.

We dated for about a month and during this time, I actually cheated on her with another friend of mine. I eventually started feeling the same as before about the relationship, and ended up telling her it wasn’t working for me a week or two later. I didn’t ghost her this time and we talked for an hour. After a serious but calm discussion, we broke up. I told her about the cheating and we talked about our issues some more. After thinking later that day about our talk, I realized I didn’t want us to break up, and we got back together that same day. She then told me that she felt she wasn’t being fair to me before and that if I wanted to, we could have sex since she was my girlfriend after all. I was stoked and we hooked up that night. We stayed together for another month, but I started feeling like I wasn’t ready for something so serious again and just wasn’t as into the relationship anymore in general. I ended up breaking up with her. She was upset and said that she felt really used, but told me she understood. After we talked about how things were, what went wrong, and the relationship in general, we stopped talking.

It’s been a few months since then and I’ve grown a lot as a person. I’ve been doing my own thing and investing in myself, but lately I’ve started thinking about her. She was really good to me and I miss our conversations. She always let me do what I want or hang out with my friends. She never asked me to come see her, but said she really appreciated when she did get to. Overall, she was really sweet and a good girlfriend. I kind of want to ask her for another chance, but I’m afraid she might not be as open to a relationship.

So, Reddit, AITA for wanting to try again (again)?",76,0,0,0,0,76,1.0,1.0,0.9-1.0
atbqmd,AITA for suggestion that my boyfriend showers more?,"My boyfriend has a physically demanding job, frequently works out, and showers about once every 3-4 days max. 

The first couple days I don’t mind the musk. He usually smells good to me when I’m just hugging him or whatever. But our bed stinks. And our couch stinks so bad from him sitting in the same spot for several hours every day that I’m literally going to throw it away next time we move. The upholstery shampooer does nothing. Febreeze does nothing. It smells like straight up ass.

I suggested to him that he should take a shower today after catching a whiff and he got genuinely offended. He hasn’t showered since Sunday morning. It wasn’t rude- just a “hey, maybe hop in the shower before coming to bed.” 

AITA for continuing to press this? All our furniture is getting gross and sweat stained because he seems oblivious to his own BO...",0,45,0,2,0,47,0.0,1.0,0.9-1.0
atwlcx,AITA For Thinking My Mom Shouldn't Be In The Delivery Room?,"So this is about my sister-in-law, let's just call her B. So B is actually uncomfortable about my mom being in the delivery room, but my brother, let's call him D, apparently had a two hour conversation with B on why he wants my mom in the delivery room. B does not like this at all and has confided in me multiple times that it makes her uncomfortable.

&#x200B;

My mom has repeatedly said that SHE WILL be in the Delivery room no matter what, going as far as to say Brailee can have one person in the room from her family but she was going to be in the room regardless. I'm worried that my mom, knowing her personality, will possibly ruin the moment for B and D. She's very critical, blunt, and can be rude in a lot of situations that leads me to believe she shouldn't be in the room. On top of the fact; B is uncomfortable with it, and my mom is not her mother. It should be B's choice when it comes to her comfort on giving birth.

&#x200B;

Am I the asshole in this situation? Should I mind my business?

&#x200B;

&#x200B;",0,82,0,0,0,82,0.0,1.0,0.9-1.0
av5m3o,AITA for not wanting each table at our wedding reception to be named after deceased relatives.,"My wife to be mentioned it to me that she thought it would be a great idea to have each table named after dead relatives who couldn't be there on the day, I straight up refused because I just don't like the idea of it and find the whole thing a bit morbid. Ok, yes I can see her reasons behind it, it is a nice gesture to those who couldn't be there but it just doesn't seem right, it would lead to having some of my own family and friends sitting at a table named after someone they don't know and have never met or heard of before.",0,26,0,50,1,76,0.0,1.0,0.9-1.0
ay3rtc,AITA for refusing to let my mom in the delivery room?,"My mother and I never got along. I moved out of my parents house when I was young due to our toxic relationship. I'm now 29, and my husband and I are expecting our first child. This will be my mom's first grandchild. 

Long story short, we don't have a mother-daughter relationship. We don't respect each other, and we don't agree on things. Because of that, and to maintain the peace, I've put up boundaries that exclude her from the highly personal aspects of my private life. I dont confide in her, or look to her for any type of advice or emotional support.  When we do talk, it's just to get caught up. I tell her how work is going, and she updates me on the rest of the family.  Sometimes I borrow money from her. Sometimes she bums rides off of me.  We're just friends. 

But now she seems to think that this pregnancy changes things.  She doesnt respect these long established boundaries, nor does she respect my decisions, and has no confidence in me what so ever.  

I know she's just excited to be a grandmother, and wants to be involved. She's all sentimental, feeling like it's her job to be there to guide me with her wisdom. But I like the boundaries, and I would prefer to keep our relationship as it is, because it works. I'm just not ready or willing to assume the role as daughter in a mother-daughter dynamic. I don't feel comfortable showing her my vulnerability, let alone look to her for support. I also find it very disrespectful with how she talks down to me like I'm an idiot who hasn't bothered to learn about pregnancy, labour, delivery, or parenting.  It reminds me of why those boundaries are there in the first place. 

She assumed that she'd be in the delivery room when I gave birth.  I literally just said ""no you're not. It's just going to be me and (husband)"".  She doesn't respect that decision, and assumes I'm going to want her there.  She started questioning whether or not my husband will be able to handle it.  I've been with him for 10 years, she hardly knows him.  I just wanted to tell her to fuck off.  It's not up for discussion. 

So, am I an asshole because I dont want a close mother-daughter relationship with my mom, causing her to feel left out and deprived of part of what she thinks being a grandma is supposed to be? 

",0,81,0,2,1,83,0.0,1.0,0.9-1.0
b2g0c7,AITA for not tipping a bathroom attendant?,"Me (23f) and a few of my friends went to a bar for my birthday this weekend. I don’t go to bars often and this is the first one I’ve been to since my 21st birthday. 

Anyway an hour into the night I went to the bathroom and was surprised to see a bathroom attendant there. Again, I don’t really go to bars or clubs so I don’t know if this is a typical thing to see. She had a bunch of stuff on the bathroom counter like perfume, spray deodorant, wipes etc. She also had a tip jar. I instantly felt bad because I didn’t have any cash on me. So I waited in line and only used the soap and paper towels that the bar already provided, said thank you to her and walked out. I did use the bathroom two more times that night.

On the third time I was about to leave and she started yelling (like actually yelling) at me saying how ungrateful and privileged I was for not tipping her. I told her that I’m sorry but I didn’t have any cash. She kept yelling and told me to find another bathroom and not to come back. 

I understand that she probably gets paid below minimum wage and relies on tips, but I thought her reaction was a bit uncalled for. What would you guys have done in that situation? What do you guys think: AITA? ",0,45,0,2,0,47,0.0,1.0,0.9-1.0
b3eo1h,AITA for not splitting my referral bonus with a friend who got hired at the company I work for?,"Pretty much just as the title says. I've been at this company for 5.5 years and was referred here by another guy I know who's still working here as well. He got a referral bonus for me starting and bought me lunch. I was planning to take my friend who just got hired out to a nice steak dinner but she and another friend have both said I should really split the bonus 50/50 with her.   
   
I can kind of see their point of view, but referrals always seemed like a perk for putting your reputation on the line for someone else. I never even though about asking the guy who referred me to split it, and hadn't thought of doing it here until she mentioned it and now I'm second guessing myself a bit.",0,43,0,2,1,45,0.0,1.0,0.9-1.0
b639xi,AITA for asking the pizza delivery guy go back for a soda?,"The other day I ordered a couple pizzas, some pasta, and a 20oz soda for me and my siblings..The delivery came and I got everything except for the soda was missing.

I was really craving that soda so I was a bit annoyed and called back the place to let them know it was missing. I asked for them to drive back the one soda and the woman seemed pretty annoyed and said “Sorry we don’t do that, have a good night” and hung up. I never got the soda or a refund.

AITA for asking?",0,111,0,3,1,114,0.0,1.0,0.9-1.0
b63ora,AITA for wanting to sleep separately,"My husband and I have been together for almost 13 years and have had no problems sleeping together in the same bed until I fell pregnant with our son in 2016. My pregnancy made me more sensitive to sound and seemed to coincide with my husband starting to breathe heavily and then to snore.

For most of my pregnancy my husband refused to accept that there was an issue. During that time I tried earplugs (so many different brands and materials). None of them blocked the sound of him snoring. I also found the sound of my own breathing and heartbeat irritated me further. I tried listening to music, Audiobooks and white noise. I could still hear him. Finally I started to move to the then spare room. I could still hear him through the wall but it was a vast improvement. 

My husband hated me moving and made it as difficult as possible to do so. My mum gave me a mattress for the spare room so he moved my daughter into that room to prevent me from using it. He says he struggled to sleep if I'm not beside him. 

Our son was born in September. I then had to contend with snoring and a newborn waking up throughout the night. After around 6 months my husband tried a couple of snoring remedies with very little success. I found myself on the sofa, more often than not with a newborn. My sleep deprivation got so bad that I wanted to die.

Finally my husband realised how much I was suffering after I told him I didn't want to be alive anymore. For the past 4 weeks he's slept on the sofa with the odd night of him attempting to share a bed with me. On those nights I'm usually on the sofa by 10:30pm having given up on trying to sleep beside him when he's snoring within 10 minutes of getting into bed. We no longer have a spare room as my son is in there. 

He tells me it'll get better that we'll work it out, that I need to think about it more positively but after more than two years of this I've had enough. I don't want to try anymore because when I do I end up having to move and find it difficult to get back to sleep. I would rather sleep in separate beds permanently. My husband hates the idea of us not sharing a bed and makes me feel guilty for feeling the way I do. I 

So, AITA for wanting to sleep separately and how can we solve this conflict in our relationship? ",0,40,0,6,0,46,0.0,1.0,0.9-1.0
ba3l9l,WIBTA If I refused to share my late fiancée life insurance payout with her parents,"My fiancée tragically passed away a few months back. I'm currently in the process of sorting various matters out. Two of these are the Mortgage and Life Insurance. 

I should firstly make it clear that because we weren't married and had no children I am not next of kin, her parents are.

I discovered today that because the way the Mortgage was set up, I am due to inherit the full mortgage debt to pay back but only half the house, the remainder of the house will go to her parents. This is frustrating for a number of reason, firstly when my fiancee and I set up the Mortgage I recall being asked this question and I don't believe that is the option we chose. I can't prove that so it is what it is. Secondly, the house is hers and mine, no-one else's.. We designed it from the ground up, everything in it is hours of work by us, to now have to share that seems wrong. Thirdly, I truly dont believe this what she would have wanted, it certainly isn't what I would have wanted for her but they're spinning it as ""If this is how she set it up, she must have wanted us to get the house."" And finally I got on really well with her family, I feel this has made the relationship extremely difficult to maintain. 

I'm not sure if it's relevant as to whether IATA but her family are well off, a lot more so than myself or my family. They're not stinking rich but they have a large portfolio of properties and money just isn't an issue for them. I'm by no means struggling, but I earn enough to pay the bills and that's about it.. I can barely afford them now I'm paying them alone.

Also, possibly relevant possibly not.. every single asset of hers has gone to her parents and I have not said a word. This is the law and that's fine. It probably equates to around £20,000 in total, I have not asked for nor received a penny of this and I am completely comfortable with that fact.

Now, we had joint life insurance which means I'm due a payout equal to the remainder of the mortgage. To me, this is my money to do with as I please. I paid the premiums to cover my mortgage in case the worst should happen, which it did. My solution is that I either give her parents half the money we've paid off the house and they sign it over to me or we sell the house and share whatever money is raised. Either way, I keep the life insurance money.

Their solution is that I pay off the full mortgage and we share the house 50/50. To me this is completely out of the question, why would I pay for them to own half of my house. But am I just being extremely selfish keeping the full amount for myself?",0,43,0,1,0,44,0.0,1.0,0.9-1.0
